player_id,match_id,minutes_played,goals,assists,total_shots,xg,xa,shots_on_target,successful_dribbles,big_chances_missed,touches_opposition_box,touches,accurate_passes,accurate_passes_percent,chances_created,final_third_passes,accurate_crosses,accurate_crosses_percent,accurate_long_balls,accurate_long_balls_percent,tackles_won,interceptions,recoveries,blocks,clearances,headed_clearances,dribbled_past,duels_won,duels_lost,ground_duels_won,ground_duels_won_percent,aerial_duels_won,aerial_duels_won_percent,was_fouled,fouls_committed,saves,goals_conceded,xgot_faced,goals_prevented,sweeper_actions,gk_accurate_passes,gk_accurate_long_balls,dispossessed,high_claim,corners,saves_inside_box,offsides,successful_dribbles_percent,tackles_won_percent,xgot,tackles,start_min,finish_min,team_goals_conceded,penalties_scored,penalties_missed,top_speed,distance_covered,walking_distance,running_distance,sprinting_distance,number_of_sprints,defensive_contributions
33,25-26-europa-league-bologna-vs-aston-villa,90,0,0,0,0.0,0.0,0,0,0,0,59,30,0.0,0.0,4,0,0.0,7,0.0,0,0,9,0,2,0,0,0,1,0,0.0,0,0.0,0,0,7,0,1.44,1.44,1,30,7,,0,0,0,0,0.0,0.0,0.0,0,0,90,0,0,0,0.0,0.0,0.0,0.0,0.0,0.0,0.0
54,25-26-europa-league-bologna-vs-aston-villa,90,1,0,1,0.05,0.04,1,1,0,0,50,22,0.0,1.0,3,1,0.0,2,0.0,0,1,5,1,2,0,1,2,6,2,0.0,0,0.0,1,2,0,0,0.0,0.0,0,0,0,,0,0,0,0,0.0,0.0,0.21,0,0,90,0,0,0,0.0,0.0,0.0,0.0,0.0,0.0,0.0
41,25-26-europa-league-bologna-vs-aston-villa,90,0,0,0,0.0,0.01,0,2,0,0,70,52,0.0,0.0,7,0,0.0,5,0.0,0,1,6,1,6,4,0,8,4,4,0.0,4,0.0,0,0,0,0,0.0,0.0,0,0,0,,0,0,0,0,0.0,0.0,0.0,2,0,90,0,0,0,0.0,0.0,0.0,0.0,0.0,0.0,0.0
58,25-26-europa-league-bologna-vs-aston-villa,90,0,0,0,0.0,0.05,0,1,0,1,62,34,0.0,1.0,2,0,0.0,0,0.0,0,1,5,0,1,1,1,12,5,8,0.0,4,0.0,2,1,0,0,0.0,0.0,0,0,0,,0,0,0,0,0.0,0.0,0.0,5,0,90,0,0,0,0.0,0.0,0.0,0.0,0.0,0.0,0.0
39,25-26-europa-league-bologna-vs-aston-villa,75,0,0,1,0.02,0.18,0,0,0,1,35,20,0.0,0.0,2,0,0.0,1,0.0,0,0,4,0,0,0,1,3,2,3,0.0,0,0.0,0,0,0,0,0.0,0.0,0,0,0,,0,0,0,0,0.0,0.0,0.0,3,0,74,0,0,0,0.0,0.0,0.0,0.0,0.0,0.0,0.0
36,25-26-europa-league-bologna-vs-aston-villa,90,0,0,1,0.03,0.0,0,0,0,1,48,18,0.0,0.0,3,0,0.0,0,0.0,0,2,1,1,3,2,1,4,7,3,0.0,1,0.0,1,3,0,0,0.0,0.0,0,0,0,,0,0,0,0,0.0,0.0,0.0,2,0,90,0,0,0,0.0,0.0,0.0,0.0,0.0,0.0,0.0
38,25-26-europa-league-bologna-vs-aston-villa,90,0,0,0,0.0,0.01,0,0,0,0,52,40,0.0,1.0,0,0,0.0,0,0.0,0,0,3,0,3,2,0,3,4,2,0.0,1,0.0,2,3,0,0,0.0,0.0,0,0,0,,0,0,0,0,0.0,0.0,0.0,0,0,90,0,0,0,0.0,0.0,0.0,0.0,0.0,0.0,0.0
456,25-26-europa-league-bologna-vs-aston-villa,32,0,0,1,0.05,0.01,0,1,0,1,19,12,0.0,1.0,2,0,0.0,2,0.0,0,0,2,0,0,0,0,1,2,1,0.0,0,0.0,0,2,0,0,0.0,0.0,0,0,0,,0,0,0,0,0.0,0.0,0.0,0,58,90,0,0,0,0.0,0.0,0.0,0.0,0.0,0.0,0.0
64,25-26-europa-league-bologna-vs-aston-villa,32,0,0,3,0.87,0.01,1,1,1,7,16,1,0.0,0.0,1,0,0.0,0,0.0,0,0,0,0,2,1,0,5,1,3,0.0,2,0.0,2,0,0,0,0.0,0.0,0,0,0,,0,0,0,0,0.0,0.0,0.77,0,58,90,0,0,1,0.0,0.0,0.0,0.0,0.0,0.0,0.0
677,25-26-europa-league-bologna-vs-aston-villa,90,0,0,1,0.07,0.02,1,0,0,5,21,6,0.0,1.0,0,0,0.0,0,0.0,0,0,3,0,0,0,1,3,8,2,0.0,1,0.0,1,2,0,0,0.0,0.0,0,0,0,,0,0,0,0,0.0,0.0,0.1,1,0,90,0,0,0,0.0,0.0,0.0,0.0,0.0,0.0,0.0
50,25-26-europa-league-bologna-vs-aston-villa,58,0,0,1,0.06,0.08,0,0,0,3,31,13,0.0,1.0,3,1,0.0,0,0.0,0,0,5,0,1,1,2,2,7,1,0.0,1,0.0,1,1,0,0,0.0,0.0,0,0,0,,0,0,0,0,0.0,0.0,0.0,0,0,58,0,0,0,0.0,0.0,0.0,0.0,0.0,0.0,0.0
37,25-26-europa-league-bologna-vs-aston-villa,15,0,0,1,0.02,0.01,0,0,0,2,10,4,0.0,0.0,0,0,0.0,0,0.0,0,0,1,0,0,0,0,1,2,1,0.0,0,0.0,0,2,0,0,0.0,0.0,0,0,0,,0,0,0,0,0.0,0.0,0.0,1,74,90,0,0,0,0.0,0.0,0.0,0.0,0.0,0.0,0.0
53,25-26-europa-league-bologna-vs-aston-villa,58,0,0,1,0.09,0.0,1,1,0,5,21,7,0.0,0.0,0,0,0.0,0,0.0,0,0,0,0,0,0,0,5,7,3,0.0,2,0.0,1,0,0,0,0.0,0.0,0,0,0,,0,0,0,0,0.0,0.0,0.14,1,0,58,0,0,0,0.0,0.0,0.0,0.0,0.0,0.0,0.0
47,25-26-europa-league-bologna-vs-aston-villa,90,0,0,1,0.17,0.08,0,0,0,6,50,10,0.0,1.0,2,1,0.0,0,0.0,0,0,0,0,1,1,2,5,12,4,0.0,1,0.0,3,0,0,0,0.0,0.0,0,0,0,,0,0,0,0,0.0,0.0,0.0,1,0,90,0,0,0,0.0,0.0,0.0,0.0,0.0,0.0,0.0
515,25-26-europa-league-fc-porto-vs-nottingham-forest,90,1,0,2,0.96,0.06,1,0,0,7,52,29,0.0,1.0,3,0,0.0,2,0.0,0,0,5,0,1,1,0,4,4,3,0.0,1,0.0,0,0,0,0,0.0,0.0,0,0,0,,0,0,0,0,0.0,0.0,0.8,3,0,93,0,1,0,0.0,0.0,0.0,0.0,0.0,0.0,0.0
699,25-26-europa-league-fc-porto-vs-nottingham-forest,85,0,0,0,0.0,0.15,0,2,0,1,74,53,0.0,0.0,4,1,0.0,1,0.0,0,3,7,0,3,0,1,6,5,6,0.0,0,0.0,2,4,0,0,0.0,0.0,0,0,0,,0,0,0,0,0.0,0.0,0.0,2,0,85,0,0,0,0.0,0.0,0.0,0.0,0.0,0.0,0.0
502,25-26-europa-league-fc-porto-vs-nottingham-forest,90,0,0,0,0.0,0.0,0,0,0,0,31,17,0.0,0.0,4,0,0.0,6,0.0,0,0,4,0,2,0,0,1,0,0,0.0,1,0.0,0,0,1,0,0.34,0.34,0,17,6,,0,0,0,0,0.0,0.0,0.0,0,0,93,0,0,0,0.0,0.0,0.0,0.0,0.0,0.0,0.0
508,25-26-europa-league-fc-porto-vs-nottingham-forest,90,0,0,1,0.02,0.01,0,0,0,2,83,45,0.0,0.0,7,0,0.0,3,0.0,0,2,3,2,4,1,2,8,7,7,0.0,1,0.0,2,1,0,0,0.0,0.0,0,0,0,,0,0,0,0,0.0,0.0,0.0,5,0,93,0,0,0,0.0,0.0,0.0,0.0,0.0,0.0,0.0
517,25-26-europa-league-fc-porto-vs-nottingham-forest,89,0,0,1,0.02,0.06,0,1,0,5,108,78,0.0,1.0,12,0,0.0,8,0.0,0,1,5,0,1,0,1,7,7,7,0.0,0,0.0,3,3,0,0,0.0,0.0,0,0,0,,0,0,0,0,0.0,0.0,0.0,3,0,93,0,0,0,0.0,0.0,0.0,0.0,0.0,0.0,0.0
505,25-26-europa-league-fc-porto-vs-nottingham-forest,90,0,0,0,0.0,0.17,0,1,0,1,59,37,0.0,1.0,9,0,0.0,5,0.0,0,1,2,1,10,4,0,2,2,1,0.0,1,0.0,0,2,0,0,0.0,0.0,0,0,0,,0,0,0,0,0.0,0.0,0.0,0,0,93,0,0,0,0.0,0.0,0.0,0.0,0.0,0.0,0.0
526,25-26-europa-league-fc-porto-vs-nottingham-forest,90,1,0,1,0.79,0.0,1,0,0,1,23,10,0.0,0.0,1,0,0.0,1,0.0,0,1,1,0,2,1,0,1,5,1,0.0,0,0.0,1,1,0,0,0.0,0.0,0,0,0,,0,0,0,0,0.0,0.0,0.76,0,0,93,0,1,0,0.0,0.0,0.0,0.0,0.0,0.0,0.0
716,25-26-europa-league-fc-porto-vs-nottingham-forest,46,0,0,0,0.0,0.04,0,0,0,2,37,20,0.0,0.0,2,0,0.0,0,0.0,0,0,7,0,0,0,0,3,0,2,0.0,1,0.0,1,0,0,0,0.0,0.0,0,0,0,,0,0,0,0,0.0,0.0,0.0,1,46,93,0,0,0,0.0,0.0,0.0,0.0,0.0,0.0,0.0
516,25-26-europa-league-fc-porto-vs-nottingham-forest,90,0,0,3,0.3,0.05,1,2,0,3,46,28,0.0,0.0,1,0,0.0,1,0.0,0,1,3,0,2,0,1,4,5,4,0.0,0,0.0,2,0,0,0,0.0,0.0,0,0,0,,0,0,0,0,0.0,0.0,0.05,0,0,93,0,0,0,0.0,0.0,0.0,0.0,0.0,0.0,0.0
506,25-26-europa-league-fc-porto-vs-nottingham-forest,90,0,0,0,0.0,0.0,0,0,0,0,55,42,0.0,0.0,3,0,0.0,4,0.0,0,1,1,1,4,0,1,2,3,2,0.0,0,0.0,0,1,0,0,0.0,0.0,0,0,0,,0,0,0,0,0.0,0.0,0.0,2,0,93,0,0,0,0.0,0.0,0.0,0.0,0.0,0.0,0.0
669,25-26-europa-league-fc-porto-vs-nottingham-forest,90,0,0,0,0.0,0.01,0,2,0,2,44,12,0.0,0.0,0,1,0.0,0,0.0,0,1,5,3,0,0,0,6,7,6,0.0,0,0.0,3,1,0,0,0.0,0.0,0,0,0,,0,0,0,0,0.0,0.0,0.0,1,0,93,0,0,0,0.0,0.0,0.0,0.0,0.0,0.0,0.0
12,25-26-europa-league-fc-porto-vs-nottingham-forest,44,0,0,0,0.0,0.04,0,0,0,0,26,14,0.0,1.0,4,1,0.0,0,0.0,0,0,0,0,0,0,1,1,1,0,0.0,1,0.0,0,0,0,0,0.0,0.0,0,0,0,,0,0,0,0,0.0,0.0,0.0,0,0,46,0,0,0,0.0,0.0,0.0,0.0,0.0,0.0,0.0
522,25-26-europa-league-fc-porto-vs-nottingham-forest,5,0,0,0,0.0,0.0,0,0,0,0,9,3,0.0,0.0,3,0,0.0,0,0.0,0,0,0,0,0,0,1,0,2,0,0.0,0,0.0,0,0,0,0,0.0,0.0,0,0,0,,0,0,0,0,0.0,0.0,0.0,0,85,93,0,0,0,0.0,0.0,0.0,0.0,0.0,0.0,0.0
521,25-26-europa-league-fc-porto-vs-nottingham-forest,1,0,0,0,0.0,0.0,0,0,0,0,2,2,0.0,0.0,0,0,0.0,0,0.0,0,0,0,0,0,0,0,0,0,0,0.0,0,0.0,0,0,0,0,0.0,0.0,0,0,0,,0,0,0,0,0.0,0.0,0.0,0,93,93,0,0,0,0.0,0.0,0.0,0.0,0.0,0.0,0.0
469,25-26-prem-newcastle-united-vs-afc-bournemouth,0,0,0,0,0.0,0.0,0,0,0,0,0,0,0.0,0.0,0,0,0.0,0,0.0,0,0,0,0,0,0,0,0,0,0,0.0,0,0.0,0,0,0,0,0.0,0.0,0,0,0,0.0,0,0,0,0,0.0,0.0,0.0,0,0,94,2,0,0,0.0,0.0,0.0,0.0,0.0,0.0,0.0
173,25-26-prem-brighton-hove-albion-vs-chelsea,45,0,0,0,0.0,0.01,0,0,0,0,29,19,79.0,0.0,1,0,0.0,0,0.0,0,0,3,0,0,0,0,0,0,0,0.0,0,0.0,0,0,0,0,0.0,0.0,0,0,0,0.0,0,0,0,0,0.0,0.0,0.0,0,0,46,0,0,0,0.0,0.0,0.0,0.0,0.0,0.0,0.0
386,25-26-champions-league-paris-saint-germain-vs-liverpool,74,0,0,0,0.23,0.01,0,0,0,1,25,15,88.0,0.0,4,0,0.0,1,100.0,1,0,2,0,0,0,1,3,4,2,40.0,1,50.0,1,1,0,0,0.0,0.0,0,0,0,1.0,0,0,0,0,0.0,0.0,0.0,0,0,74,1,0,0,0.0,0.0,0.0,0.0,0.0,0.0,0.0
139,25-26-prem-brighton-hove-albion-vs-chelsea,90,0,0,0,0.0,0.01,0,0,0,0,73,0,0.0,0.0,15,0,0.0,0,0.0,0,0,8,0,0,0,0,0,0,0,0.0,0,0.0,0,0,0,0,0.0,0.0,0,54,11,0.0,2,0,0,0,0.0,0.0,0.0,0,0,92,0,0,0,0.0,0.0,0.0,0.0,0.0,0.0,0.0
390,25-26-champions-league-paris-saint-germain-vs-liverpool,90,0,0,0,0.14,0.04,1,0,0,2,59,32,76.0,1.0,9,0,0.0,0,0.0,3,3,2,0,0,0,0,4,3,3,50.0,1,100.0,0,0,0,0,0.0,0.0,0,0,0,1.0,0,0,0,0,0.0,0.0,0.12,0,0,91,2,0,0,0.0,0.0,0.0,0.0,0.0,0.0,0.0
370,25-26-champions-league-paris-saint-germain-vs-liverpool,45,0,0,0,0.0,0.01,0,0,0,0,29,12,75.0,0.0,1,1,100.0,1,50.0,3,2,2,0,0,0,0,5,1,5,83.0,0,0.0,1,1,0,0,0.0,0.0,0,0,0,0.0,0,0,0,0,0.0,0.0,0.0,0,0,46,0,0,0,0.0,0.0,0.0,0.0,0.0,0.0,0.0
145,25-26-prem-brighton-hove-albion-vs-chelsea,13,0,1,0,0.0,0.1,0,0,0,0,11,4,80.0,1.0,0,0,0.0,0,0.0,1,0,1,1,0,0,1,2,1,2,67.0,0,0.0,0,0,0,0,0.0,0.0,0,0,0,0.0,0,0,0,0,0.0,0.0,0.0,0,77,92,0,0,0,0.0,0.0,0.0,0.0,0.0,0.0,0.0
371,25-26-champions-league-paris-saint-germain-vs-liverpool,90,0,0,0,0.46,0.07,1,0,0,5,67,27,68.0,3.0,6,1,33.0,1,14.0,1,1,6,1,2,0,1,6,2,4,80.0,2,67.0,3,0,0,0,0.0,0.0,0,0,0,0.0,0,0,0,0,0.0,0.0,0.04,0,0,91,2,0,0,0.0,0.0,0.0,0.0,0.0,0.0,0.0
396,25-26-champions-league-paris-saint-germain-vs-liverpool,0,0,0,0,0.0,0.0,0,0,0,0,0,0,0.0,0.0,0,0,0.0,0,0.0,0,0,0,0,0,0,0,0,0,0,0.0,0,0.0,0,0,0,0,0.0,0.0,0,0,0,0.0,0,0,0,0,0.0,0.0,0.0,0,0,91,2,0,0,0.0,0.0,0.0,0.0,0.0,0.0,0.0
266,25-26-champions-league-sporting-cp-vs-arsenal,79,0,0,0,0.13,0.26,0,0,0,3,50,29,83.0,1.0,2,0,0.0,0,0.0,2,0,4,0,0,0,0,3,4,3,50.0,0,0.0,0,0,0,0,0.0,0.0,0,0,0,2.0,0,0,0,0,0.0,0.0,0.0,0,0,79,0,0,0,0.0,0.0,0.0,0.0,0.0,0.0,0.0
241,25-26-prem-brighton-hove-albion-vs-chelsea,90,0,0,0,0.02,0.01,0,0,0,0,88,63,90.0,0.0,3,0,0.0,1,33.0,1,0,6,0,4,1,0,5,4,5,71.0,0,0.0,3,0,0,0,0.0,0.0,0,0,0,2.0,0,0,0,0,0.0,0.0,0.0,0,0,92,3,0,0,0.0,0.0,0.0,0.0,0.0,0.0,0.0
237,25-26-prem-brighton-hove-albion-vs-chelsea,90,0,0,0,0.0,0.2,0,0,0,0,61,44,83.0,1.0,4,1,50.0,3,100.0,1,0,1,0,0,0,1,2,4,2,50.0,0,0.0,1,0,0,0,0.0,0.0,0,0,0,1.0,0,0,0,0,0.0,0.0,0.0,0,0,92,3,0,0,0.0,0.0,0.0,0.0,0.0,0.0,0.0
18,25-26-champions-league-sporting-cp-vs-arsenal,63,0,0,0,0.06,0.03,0,0,0,3,43,18,72.0,3.0,2,0,0.0,1,50.0,2,0,3,0,0,0,0,6,5,6,55.0,0,0.0,2,0,0,0,0.0,0.0,0,0,0,2.0,0,0,0,0,0.0,0.0,0.0,0,0,63,0,0,0,0.0,0.0,0.0,0.0,0.0,0.0,0.0
725,25-26-champions-league-sporting-cp-vs-arsenal,90,0,0,0,0.02,0.03,0,0,0,2,59,23,79.0,0.0,7,0,0.0,0,0.0,6,1,1,1,2,0,1,7,4,7,70.0,0,0.0,1,0,0,0,0.0,0.0,0,0,0,1.0,0,0,0,0,0.0,0.0,0.0,0,0,94,0,0,0,0.0,0.0,0.0,0.0,0.0,0.0,0.0
4,25-26-champions-league-sporting-cp-vs-arsenal,0,0,0,0,0.0,0.0,0,0,0,0,0,0,0.0,0.0,0,0,0.0,0,0.0,0,0,0,0,0,0,0,0,0,0,0.0,0,0.0,0,0,0,0,0.0,0.0,0,0,0,0.0,0,0,0,0,0.0,0.0,0.0,0,0,94,0,0,0,0.0,0.0,0.0,0.0,0.0,0.0,0.0
253,25-26-conference-league-crystal-palace-vs-fiorentina,90,0,0,0,0.0,0.0,0,0,0,0,45,0,0.0,0.0,14,0,0.0,0,0.0,0,0,11,0,1,0,0,1,0,1,100.0,0,0.0,1,0,4,2,1.62,-0.38,0,18,11,0.0,0,0,2,0,0.0,0.0,0.0,0,0,91,2,0,0,0.0,0.0,0.0,0.0,0.0,0.0,0.0
193,25-26-prem-nottingham-forest-vs-burnley,0,0,0,0,0.0,0.0,0,0,0,0,0,0,0.0,0.0,0,0,0.0,0,0.0,0,0,0,0,0,0,0,0,0,0,0.0,0,0.0,0,0,0,0,0.0,0.0,0,0,0,0.0,0,0,0,0,0.0,0.0,0.0,0,0,98,4,0,0,0.0,0.0,0.0,0.0,0.0,0.0,0.0
244,25-26-prem-brighton-hove-albion-vs-chelsea,73,0,0,0,0.05,0.02,0,0,0,0,49,39,98.0,0.0,3,0,0.0,2,100.0,0,0,4,0,1,0,0,2,0,2,100.0,0,0.0,2,0,0,0,0.0,0.0,0,0,0,0.0,0,0,0,0,0.0,0.0,0.0,0,0,73,2,0,0,0.0,0.0,0.0,0.0,0.0,0.0,0.0
228,25-26-prem-brighton-hove-albion-vs-chelsea,89,0,0,0,0.0,0.22,0,0,0,1,75,40,85.0,1.0,9,0,0.0,2,50.0,0,3,0,1,2,1,0,5,5,3,60.0,2,40.0,3,1,0,0,0.0,0.0,0,0,0,0.0,0,0,0,0,0.0,0.0,0.0,0,0,92,3,0,0,0.0,0.0,0.0,0.0,0.0,0.0,0.0
257,25-26-conference-league-crystal-palace-vs-fiorentina,41,0,0,0,0.0,0.0,0,0,0,0,19,7,88.0,0.0,0,0,0.0,0,0.0,2,0,0,1,5,1,0,5,0,3,100.0,2,100.0,0,0,0,0,0.0,0.0,0,0,0,0.0,0,0,0,0,0.0,0.0,0.0,0,0,41,1,0,0,0.0,0.0,0.0,0.0,0.0,0.0,0.0
183,25-26-prem-nottingham-forest-vs-burnley,0,0,0,0,0.0,0.0,0,0,0,0,0,0,0.0,0.0,0,0,0.0,0,0.0,0,0,0,0,0,0,0,0,0,0,0.0,0,0.0,0,0,0,0,0.0,0.0,0,0,0,0.0,0,0,0,0,0.0,0.0,0.0,0,0,98,4,0,0,0.0,0.0,0.0,0.0,0.0,0.0,0.0
510,25-26-prem-nottingham-forest-vs-burnley,48,0,0,0,0.0,0.0,0,0,0,0,39,26,87.0,0.0,3,0,0.0,0,0.0,0,0,1,1,5,3,0,3,1,1,50.0,2,100.0,1,0,0,0,0.0,0.0,0,0,0,1.0,0,0,0,0,0.0,0.0,0.0,0,42,98,1,0,0,0.0,0.0,0.0,0.0,0.0,0.0,0.0
261,25-26-conference-league-crystal-palace-vs-fiorentina,90,0,0,0,0.04,0.0,0,0,0,1,39,13,62.0,0.0,3,0,0.0,4,50.0,1,0,0,0,9,7,0,8,2,2,100.0,6,75.0,1,0,0,0,0.0,0.0,0,0,0,0.0,0,0,0,0,0.0,0.0,0.0,0,0,91,2,0,0,0.0,0.0,0.0,0.0,0.0,0.0,0.0
453,25-26-prem-chelsea-vs-manchester-united,74,0,0,0,0.16,0.06,0,0,0,10,64,31,82.0,2.0,1,0,0.0,1,100.0,1,0,4,0,1,0,1,8,7,8,57.0,0,0.0,4,0,0,0,0.0,0.0,0,0,0,2.0,0,0,0,0,0.0,0.0,0.0,0,16,94,1,0,0,0.0,0.0,0.0,0.0,0.0,0.0,0.0
276,25-26-conference-league-crystal-palace-vs-fiorentina,0,0,0,0,0.0,0.0,0,0,0,0,0,0,0.0,0.0,0,0,0.0,0,0.0,0,0,0,0,0,0,0,0,0,0,0.0,0,0.0,0,0,0,0,0.0,0.0,0,0,0,0.0,0,0,0,0,0.0,0.0,0.0,0,0,91,2,0,0,0.0,0.0,0.0,0.0,0.0,0.0,0.0
723,25-26-conference-league-crystal-palace-vs-fiorentina,90,0,0,0,0.0,0.01,0,0,0,0,42,22,81.0,0.0,1,0,0.0,2,50.0,1,1,4,3,6,2,0,3,4,1,33.0,2,50.0,0,2,0,0,0.0,0.0,0,0,0,0.0,0,0,0,0,0.0,0.0,0.0,0,0,91,2,0,0,0.0,0.0,0.0,0.0,0.0,0.0,0.0
458,25-26-prem-chelsea-vs-manchester-united,90,0,0,0,0.0,0.02,0,0,0,0,70,50,91.0,0.0,1,0,0.0,1,33.0,3,3,5,1,0,0,1,3,3,3,50.0,0,0.0,0,1,0,0,0.0,0.0,0,0,0,1.0,0,0,0,0,0.0,0.0,0.0,0,0,94,0,0,0,0.0,0.0,0.0,0.0,0.0,0.0,0.0
246,25-26-prem-chelsea-vs-manchester-united,0,0,0,0,0.0,0.0,0,0,0,0,0,0,0.0,0.0,0,0,0.0,0,0.0,0,0,0,0,0,0,0,0,0,0,0.0,0,0.0,0,0,0,0,0.0,0.0,0,0,0,0.0,0,0,0,0,0.0,0.0,0.0,0,0,94,1,0,0,0.0,0.0,0.0,0.0,0.0,0.0,0.0
233,25-26-prem-chelsea-vs-manchester-united,9,0,0,0,0.0,0.0,0,0,0,0,7,5,100.0,0.0,0,0,0.0,0,0.0,0,0,0,0,0,0,0,0,1,0,0.0,0,0.0,0,0,0,0,0.0,0.0,0,0,0,1.0,0,0,0,0,0.0,0.0,0.0,0,81,94,0,0,0,0.0,0.0,0.0,0.0,0.0,0.0,0.0
672,25-26-prem-chelsea-vs-manchester-united,90,0,0,0,0.0,0.02,0,0,0,0,97,77,92.0,0.0,7,0,0.0,1,50.0,2,0,6,0,4,2,0,5,5,4,57.0,1,33.0,1,2,0,0,0.0,0.0,0,0,0,1.0,0,0,0,0,0.0,0.0,0.0,0,0,94,1,0,0,0.0,0.0,0.0,0.0,0.0,0.0,0.0
796,25-26-prem-tottenham-hotspur-vs-brighton-hove-albion,76,0,0,0,0.04,0.04,0,0,0,9,42,22,88.0,1.0,1,0,0.0,0,0.0,0,2,4,1,0,0,0,7,2,5,83.0,2,67.0,2,1,0,0,0.0,0.0,0,0,0,0.0,0,0,0,0,0.0,0.0,0.0,0,0,76,1,0,0,0.0,0.0,0.0,0.0,0.0,0.0,0.0
173,25-26-prem-tottenham-hotspur-vs-brighton-hove-albion,90,0,0,0,0.0,0.04,0,0,0,5,46,17,85.0,1.0,2,0,0.0,0,0.0,0,1,1,0,2,2,0,5,8,4,50.0,1,20.0,4,3,0,0,0.0,0.0,0,0,0,1.0,0,0,0,0,0.0,0.0,0.0,0,0,95,2,0,0,0.0,0.0,0.0,0.0,0.0,0.0,0.0
151,25-26-prem-tottenham-hotspur-vs-brighton-hove-albion,90,0,1,0,0.06,0.07,0,0,0,4,88,59,89.0,1.0,12,0,0.0,2,40.0,3,3,6,2,8,4,2,9,6,4,44.0,5,83.0,1,2,0,0,0.0,0.0,0,0,0,1.0,0,0,0,0,0.0,0.0,0.0,0,0,95,2,0,0,0.0,0.0,0.0,0.0,0.0,0.0,0.0
574,25-26-prem-tottenham-hotspur-vs-brighton-hove-albion,76,0,0,0,0.0,0.0,0,0,0,1,34,13,87.0,0.0,0,0,0.0,0,0.0,2,0,3,0,2,2,0,5,6,5,71.0,0,0.0,3,1,0,0,0.0,0.0,0,0,0,1.0,0,0,0,0,0.0,0.0,0.0,0,0,76,1,0,0,0.0,0.0,0.0,0.0,0.0,0.0,0.0
575,25-26-prem-tottenham-hotspur-vs-brighton-hove-albion,90,0,0,0,0.0,0.01,0,0,0,2,57,39,89.0,1.0,0,0,0.0,2,50.0,2,0,4,1,3,2,0,4,3,2,50.0,2,67.0,0,1,0,0,0.0,0.0,0,0,0,1.0,0,0,0,0,0.0,0.0,0.0,0,0,95,2,0,0,0.0,0.0,0.0,0.0,0.0,0.0,0.0
139,25-26-prem-tottenham-hotspur-vs-brighton-hove-albion,90,0,0,0,0.0,0.0,0,0,0,0,47,0,0.0,0.0,4,0,0.0,0,0.0,0,0,9,0,3,0,0,1,0,0,0.0,1,100.0,0,0,4,2,1.6,-0.4,4,25,7,0.0,0,0,4,0,0.0,0.0,0.0,0,0,95,2,0,0,0.0,0.0,0.0,0.0,0.0,0.0,0.0
717,25-26-prem-tottenham-hotspur-vs-brighton-hove-albion,90,1,1,0,0.63,0.27,1,0,0,5,51,23,85.0,2.0,2,0,0.0,0,0.0,0,0,3,0,1,0,1,6,6,6,55.0,0,0.0,4,2,0,0,0.0,0.0,0,0,0,0.0,0,0,0,0,0.0,0.0,0.84,0,0,95,2,0,0,0.0,0.0,0.0,0.0,0.0,0.0,0.0
586,25-26-prem-tottenham-hotspur-vs-brighton-hove-albion,14,0,1,0,0.0,0.0,0,0,0,1,8,2,100.0,1.0,1,0,0.0,0,0.0,1,0,2,0,1,0,0,1,1,1,50.0,0,0.0,0,0,0,0,0.0,0.0,0,0,0,0.0,0,0,0,0,0.0,0.0,0.0,0,76,95,1,0,0,0.0,0.0,0.0,0.0,0.0,0.0,0.0
160,25-26-prem-tottenham-hotspur-vs-brighton-hove-albion,90,0,0,0,0.0,0.34,0,0,0,3,53,13,52.0,1.0,4,3,25.0,1,100.0,5,0,4,0,0,0,0,12,2,9,82.0,3,100.0,1,0,0,0,0.0,0.0,0,0,0,0.0,0,0,0,0,0.0,0.0,0.0,0,0,95,2,0,0,0.0,0.0,0.0,0.0,0.0,0.0,0.0
635,25-26-prem-leeds-united-vs-wolverhampton-wanderers,23,0,0,0,0.11,0.0,0,0,0,1,6,2,100.0,0.0,0,0,0.0,0,0.0,0,0,0,0,0,0,0,1,0,1,100.0,0,0.0,1,0,0,0,0.0,0.0,0,0,0,0.0,0,0,0,0,0.0,0.0,0.0,0,67,102,1,0,0,0.0,0.0,0.0,0.0,0.0,0.0,0.0
695,25-26-prem-leeds-united-vs-wolverhampton-wanderers,45,0,0,0,0.0,0.0,0,0,0,0,20,12,86.0,0.0,0,0,0.0,0,0.0,0,0,0,0,1,0,1,1,1,1,50.0,0,0.0,1,0,0,0,0.0,0.0,0,0,0,0.0,0,0,0,0,0.0,0.0,0.0,0,0,46,2,0,0,0.0,0.0,0.0,0.0,0.0,0.0,0.0
168,25-26-prem-leeds-united-vs-wolverhampton-wanderers,0,0,0,0,0.0,0.0,0,0,0,0,0,0,0.0,0.0,0,0,0.0,0,0.0,0,0,0,0,0,0,0,0,0,0,0.0,0,0.0,0,0,0,0,0.0,0.0,0,0,0,0.0,0,0,0,0,0.0,0.0,0.0,0,0,102,0,0,0,0.0,0.0,0.0,0.0,0.0,0.0,0.0
266,25-26-prem-manchester-city-vs-arsenal,74,0,0,0,0.08,0.2,0,0,0,0,27,10,62.0,0.0,1,0,0.0,0,0.0,1,2,3,0,0,0,1,3,5,3,38.0,0,0.0,2,0,0,0,0.0,0.0,0,0,0,2.0,0,0,0,0,0.0,0.0,0.0,0,0,74,2,0,0,0.0,0.0,0.0,0.0,0.0,0.0,0.0
413,25-26-prem-manchester-city-vs-arsenal,0,0,0,0,0.0,0.0,0,0,0,0,0,0,0.0,0.0,0,0,0.0,0,0.0,0,0,0,0,0,0,0,0,0,0,0.0,0,0.0,0,0,0,0,0.0,0.0,0,0,0,0.0,0,0,0,0,0.0,0.0,0.0,0,0,96,1,0,0,0.0,0.0,0.0,0.0,0.0,0.0,0.0
260,25-26-prem-manchester-city-vs-arsenal,90,0,0,0,0.03,0.02,1,0,0,1,85,65,92.0,0.0,6,0,0.0,1,20.0,1,2,5,0,4,4,0,5,4,2,50.0,3,60.0,1,1,0,0,0.0,0.0,0,0,0,1.0,0,0,0,0,0.0,0.0,0.04,0,0,96,1,0,0,0.0,0.0,0.0,0.0,0.0,0.0,0.0
19,25-26-prem-manchester-city-vs-arsenal,45,0,0,0,0.34,0.01,1,0,0,1,22,7,70.0,0.0,1,0,0.0,1,50.0,1,1,1,0,0,0,0,1,3,1,33.0,0,0.0,0,1,0,0,0.0,0.0,0,0,0,0.0,0,0,0,0,0.0,0.0,0.0,0,46,96,1,0,0,0.0,0.0,0.0,0.0,0.0,0.0,0.0
18,25-26-prem-manchester-city-vs-arsenal,45,0,0,0,0.0,0.01,0,0,0,2,27,11,69.0,0.0,0,0,0.0,0,0.0,3,0,4,0,0,0,2,4,4,4,50.0,0,0.0,0,0,0,0,0.0,0.0,0,0,0,1.0,0,0,0,0,0.0,0.0,0.0,0,0,46,1,0,0,0.0,0.0,0.0,0.0,0.0,0.0,0.0
686,25-26-champions-league-paris-saint-germain-vs-liverpool,23,0,0,0,0.15,0.04,1,0,0,7,20,8,73.0,2.0,0,0,0.0,0,0.0,1,0,2,0,0,0,0,2,3,2,40.0,0,0.0,0,0,0,0,0.0,0.0,0,0,0,0.0,0,0,0,0,0.0,0.0,0.15,0,67,91,2,0,0,0.0,0.0,0.0,0.0,0.0,0.0,0.0
623,25-26-prem-crystal-palace-vs-west-ham-united,0,0,0,0,0.0,0.0,0,0,0,0,0,0,0.0,0.0,0,0,0.0,0,0.0,0,0,0,0,0,0,0,0,0,0,0.0,0,0.0,0,0,0,0,0.0,0.0,0,0,0,0.0,0,0,0,0,0.0,0.0,0.0,0,0,92,0,0,0,0.0,0.0,0.0,0.0,0.0,0.0,0.0
785,25-26-prem-crystal-palace-vs-west-ham-united,75,0,0,0,0.02,0.01,0,0,0,6,34,14,61.0,0.0,3,0,0.0,0,0.0,1,0,1,0,1,1,2,7,9,3,43.0,4,44.0,0,2,0,0,0.0,0.0,0,0,0,0.0,0,0,0,0,0.0,0.0,0.0,0,0,75,0,0,0,0.0,0.0,0.0,0.0,0.0,0.0,0.0
730,25-26-prem-aston-villa-vs-sunderland,84,0,0,0,0.08,0.0,1,0,0,1,11,3,50.0,0.0,0,0,0.0,0,0.0,0,0,0,0,1,0,0,0,2,0,0.0,0,0.0,0,0,0,0,0.0,0.0,0,0,0,1.0,0,0,0,0,0.0,0.0,0.1,0,0,84,3,0,0,0.0,0.0,0.0,0.0,0.0,0.0,0.0
608,25-26-prem-crystal-palace-vs-west-ham-united,0,0,0,0,0.0,0.0,0,0,0,0,0,0,0.0,0.0,0,0,0.0,0,0.0,0,0,0,0,0,0,0,0,0,0,0.0,0,0.0,0,0,0,0,0.0,0.0,0,0,0,0.0,0,0,0,0,0.0,0.0,0.0,0,0,92,0,0,0,0.0,0.0,0.0,0.0,0.0,0.0,0.0
39,25-26-prem-aston-villa-vs-sunderland,70,0,1,0,0.0,0.39,0,0,0,3,46,20,83.0,2.0,1,1,33.0,2,100.0,0,1,1,0,1,0,2,1,6,1,17.0,0,0.0,1,2,0,0,0.0,0.0,0,0,0,0.0,0,0,0,0,0.0,0.0,0.0,0,0,70,1,0,0,0.0,0.0,0.0,0.0,0.0,0.0,0.0
670,25-26-prem-aston-villa-vs-sunderland,90,0,0,0,0.0,0.0,0,0,0,0,29,0,0.0,0.0,4,0,0.0,0,0.0,0,0,7,0,0,0,0,0,0,0,0.0,0,0.0,0,0,3,4,3.56,-0.44,0,15,4,0.0,0,0,2,0,0.0,0.0,0.0,0,0,98,4,0,0,0.0,0.0,0.0,0.0,0.0,0.0,0.0
544,25-26-prem-aston-villa-vs-sunderland,90,0,0,0,0.65,0.07,1,0,0,2,55,33,82.0,1.0,6,1,25.0,0,0.0,0,1,6,0,0,0,1,4,3,3,50.0,1,100.0,3,1,0,0,0.0,0.0,0,0,0,1.0,0,0,0,0,0.0,0.0,0.45,0,0,98,4,0,0,0.0,0.0,0.0,0.0,0.0,0.0,0.0
552,25-26-prem-aston-villa-vs-sunderland,90,0,1,0,0.08,0.03,0,0,0,3,46,25,86.0,2.0,3,0,0.0,0,0.0,4,0,2,0,2,0,0,5,5,5,56.0,0,0.0,0,1,0,0,0.0,0.0,0,0,0,1.0,0,0,0,0,0.0,0.0,0.0,0,0,98,4,0,0,0.0,0.0,0.0,0.0,0.0,0.0,0.0
557,25-26-prem-aston-villa-vs-sunderland,0,0,0,0,0.0,0.0,0,0,0,0,0,0,0.0,0.0,0,0,0.0,0,0.0,0,0,0,0,0,0,0,0,0,0,0.0,0,0.0,0,0,0,0,0.0,0.0,0,0,0,0.0,0,0,0,0,0.0,0.0,0.0,0,0,98,4,0,0,0.0,0.0,0.0,0.0,0.0,0.0,0.0
553,25-26-prem-aston-villa-vs-sunderland,27,0,0,0,0.0,0.0,0,0,0,1,11,8,89.0,0.0,0,0,0.0,0,0.0,0,0,1,0,0,0,0,0,1,0,0.0,0,0.0,0,1,0,0,0.0,0.0,0,0,0,0.0,0,0,0,0,0.0,0.0,0.0,0,63,98,1,0,0,0.0,0.0,0.0,0.0,0.0,0.0,0.0
267,25-26-conference-league-crystal-palace-vs-fiorentina,90,1,0,0,0.67,0.08,2,0,0,4,35,12,63.0,1.0,1,0,0.0,0,0.0,0,0,5,0,3,3,1,3,5,2,33.0,1,50.0,1,1,0,0,0.0,0.0,0,0,0,1.0,0,0,0,0,0.0,0.0,0.96,0,0,91,2,0,0,0.0,0.0,0.0,0.0,0.0,0.0,0.0
387,25-26-champions-league-paris-saint-germain-vs-liverpool,90,0,0,0,0.05,0.34,0,0,0,0,99,62,83.0,3.0,8,2,50.0,7,58.0,5,0,11,0,0,0,2,10,2,7,78.0,3,100.0,2,0,0,0,0.0,0.0,0,0,0,0.0,0,0,0,0,0.0,0.0,0.0,0,0,91,2,0,0,0.0,0.0,0.0,0.0,0.0,0.0,0.0
382,25-26-champions-league-paris-saint-germain-vs-liverpool,90,0,0,0,0.05,0.35,0,0,0,7,62,36,80.0,4.0,6,1,25.0,2,67.0,2,0,7,0,0,0,0,5,7,4,40.0,1,50.0,1,2,0,0,0.0,0.0,0,0,0,1.0,0,0,0,0,0.0,0.0,0.0,0,0,91,2,0,0,0.0,0.0,0.0,0.0,0.0,0.0,0.0
21,25-26-champions-league-sporting-cp-vs-arsenal,90,0,0,0,0.02,0.14,0,0,0,0,76,60,97.0,3.0,10,3,50.0,4,80.0,0,2,2,0,1,1,0,0,1,0,0.0,0,0.0,0,0,0,0,0.0,0.0,0,0,0,0.0,0,0,0,0,0.0,0.0,0.0,0,0,94,0,0,0,0.0,0.0,0.0,0.0,0.0,0.0,0.0
666,25-26-champions-league-sporting-cp-vs-arsenal,56,0,0,0,0.17,0.03,0,0,0,2,14,5,56.0,1.0,0,0,0.0,0,0.0,1,0,1,0,0,0,0,1,0,1,100.0,0,0.0,0,0,0,0,0.0,0.0,0,0,0,0.0,0,0,0,0,0.0,0.0,0.0,0,0,56,0,0,0,0.0,0.0,0.0,0.0,0.0,0.0,0.0
388,25-26-champions-league-paris-saint-germain-vs-liverpool,16,0,0,0,0.0,0.01,0,0,0,2,12,8,80.0,0.0,1,0,0.0,0,0.0,0,0,3,0,0,0,0,0,0,0,0.0,0,0.0,0,0,0,0,0.0,0.0,0,0,0,0.0,0,0,0,0,0.0,0.0,0.0,0,74,91,1,0,0,0.0,0.0,0.0,0.0,0.0,0.0,0.0
367,25-26-champions-league-paris-saint-germain-vs-liverpool,90,0,0,0,0.0,0.0,0,0,0,0,47,0,0.0,0.0,10,0,0.0,0,0.0,0,0,10,0,3,0,0,0,1,0,0.0,0,0.0,0,0,3,2,0.63,-1.37,2,17,10,0.0,0,0,1,0,0.0,0.0,0.0,0,0,91,2,0,0,0.0,0.0,0.0,0.0,0.0,0.0,0.0
30,25-26-champions-league-sporting-cp-vs-arsenal,34,0,0,0,0.0,0.02,0,0,0,4,21,15,94.0,1.0,0,0,0.0,0,0.0,0,0,2,0,0,0,0,3,2,0,0.0,3,75.0,0,1,0,0,0.0,0.0,0,0,0,1.0,0,0,0,0,0.0,0.0,0.0,0,56,94,0,0,0,0.0,0.0,0.0,0.0,0.0,0.0,0.0
11,25-26-champions-league-sporting-cp-vs-arsenal,0,0,0,0,0.0,0.0,0,0,0,0,0,0,0.0,0.0,0,0,0.0,0,0.0,0,0,0,0,0,0,0,0,0,0,0.0,0,0.0,0,0,0,0,0.0,0.0,0,0,0,0.0,0,0,0,0,0.0,0.0,0.0,0,0,94,0,0,0,0.0,0.0,0.0,0.0,0.0,0.0,0.0
5,25-26-champions-league-sporting-cp-vs-arsenal,90,0,0,0,0.0,0.01,0,0,0,1,64,47,89.0,0.0,10,0,0.0,1,20.0,2,2,4,0,3,2,0,4,2,4,67.0,0,0.0,1,1,0,0,0.0,0.0,0,0,0,1.0,0,0,0,0,0.0,0.0,0.0,0,0,94,0,0,0,0.0,0.0,0.0,0.0,0.0,0.0,0.0
6,25-26-champions-league-sporting-cp-vs-arsenal,90,0,0,0,0.09,0.02,0,0,0,1,67,51,93.0,0.0,2,0,0.0,2,50.0,4,0,4,0,5,4,1,7,6,5,56.0,2,50.0,1,3,0,0,0.0,0.0,0,0,0,0.0,0,0,0,0,0.0,0.0,0.0,0,0,94,0,0,0,0.0,0.0,0.0,0.0,0.0,0.0,0.0
19,25-26-champions-league-sporting-cp-vs-arsenal,79,0,0,0,0.09,0.02,0,0,0,4,33,14,88.0,1.0,1,0,0.0,0,0.0,0,1,2,0,0,0,0,2,6,2,25.0,0,0.0,1,0,0,0,0.0,0.0,0,0,0,3.0,0,0,0,0,0.0,0.0,0.0,0,0,79,0,0,0,0.0,0.0,0.0,0.0,0.0,0.0,0.0
662,25-26-champions-league-sporting-cp-vs-arsenal,90,0,0,0,0.0,0.01,0,0,0,1,55,33,89.0,0.0,5,0,0.0,1,50.0,0,0,2,0,2,1,1,2,5,2,33.0,0,0.0,2,1,0,0,0.0,0.0,0,0,0,2.0,0,0,0,0,0.0,0.0,0.0,0,0,94,0,0,0,0.0,0.0,0.0,0.0,0.0,0.0,0.0
10,25-26-champions-league-sporting-cp-vs-arsenal,0,0,0,0,0.0,0.0,0,0,0,0,0,0,0.0,0.0,0,0,0.0,0,0.0,0,0,0,0,0,0,0,0,0,0,0.0,0,0.0,0,0,0,0,0.0,0.0,0,0,0,0.0,0,0,0,0,0.0,0.0,0.0,0,0,94,0,0,0,0.0,0.0,0.0,0.0,0.0,0.0,0.0
712,25-26-conference-league-crystal-palace-vs-fiorentina,73,0,0,0,0.14,0.15,0,0,0,2,45,23,82.0,2.0,4,1,50.0,4,80.0,0,0,5,0,0,0,0,5,4,3,50.0,2,67.0,2,2,0,0,0.0,0.0,0,0,0,1.0,0,0,0,0,0.0,0.0,0.0,0,0,73,2,0,0,0.0,0.0,0.0,0.0,0.0,0.0,0.0
700,25-26-champions-league-sporting-cp-vs-arsenal,27,0,0,0,0.0,0.01,0,0,0,0,22,10,91.0,1.0,1,1,50.0,0,0.0,1,0,5,0,0,0,0,3,3,3,50.0,0,0.0,1,0,0,0,0.0,0.0,0,0,0,1.0,0,0,0,0,0.0,0.0,0.0,0,63,94,0,0,0,0.0,0.0,0.0,0.0,0.0,0.0,0.0
580,25-26-conference-league-crystal-palace-vs-fiorentina,0,0,0,0,0.0,0.0,0,0,0,0,0,0,0.0,0.0,0,0,0.0,0,0.0,0,0,0,0,0,0,0,0,0,0,0.0,0,0.0,0,0,0,0,0.0,0.0,0,0,0,0.0,0,0,0,0,0.0,0.0,0.0,0,0,91,2,0,0,0.0,0.0,0.0,0.0,0.0,0.0,0.0
258,25-26-conference-league-crystal-palace-vs-fiorentina,90,0,0,0,0.0,0.06,0,0,0,0,41,12,71.0,2.0,2,1,100.0,1,50.0,4,0,2,0,3,1,2,6,5,4,50.0,2,67.0,0,1,0,0,0.0,0.0,0,0,0,1.0,0,0,0,0,0.0,0.0,0.0,0,0,91,2,0,0,0.0,0.0,0.0,0.0,0.0,0.0,0.0
262,25-26-conference-league-crystal-palace-vs-fiorentina,49,0,0,0,0.0,0.0,0,0,0,0,24,10,59.0,0.0,4,0,0.0,2,29.0,0,1,1,0,0,0,0,3,4,2,40.0,1,50.0,1,2,0,0,0.0,0.0,0,0,0,0.0,0,0,0,0,0.0,0.0,0.0,0,41,91,1,0,0,0.0,0.0,0.0,0.0,0.0,0.0,0.0
273,25-26-conference-league-crystal-palace-vs-fiorentina,30,0,0,0,0.0,0.0,0,0,0,0,12,10,91.0,1.0,2,0,0.0,2,100.0,0,1,3,0,0,0,1,0,2,0,0.0,0,0.0,0,1,0,0,0.0,0.0,0,0,0,0.0,0,0,0,0,0.0,0.0,0.0,0,0,30,1,0,0,0.0,0.0,0.0,0.0,0.0,0.0,0.0
690,25-26-conference-league-crystal-palace-vs-fiorentina,0,0,0,0,0.0,0.0,0,0,0,0,0,0,0.0,0.0,0,0,0.0,0,0.0,0,0,0,0,0,0,0,0,0,0,0.0,0,0.0,0,0,0,0,0.0,0.0,0,0,0,0.0,0,0,0,0,0.0,0.0,0.0,0,0,91,2,0,0,0.0,0.0,0.0,0.0,0.0,0.0,0.0
106,25-26-prem-brentford-vs-fulham,90,0,0,0,0.28,0.0,0,0,0,3,61,42,81.0,0.0,5,0,0.0,2,25.0,0,1,1,1,4,0,0,1,3,0,0.0,1,33.0,0,1,0,0,0.0,0.0,0,0,0,0.0,0,0,0,0,0.0,0.0,0.0,0,0,90,0,0,0,0.0,0.0,0.0,0.0,0.0,0.0,0.0
116,25-26-prem-brentford-vs-fulham,0,0,0,0,0.0,0.0,0,0,0,0,0,0,0.0,0.0,0,0,0.0,0,0.0,0,0,0,0,0,0,0,0,0,0,0.0,0,0.0,0,0,0,0,0.0,0.0,0,0,0,0.0,0,0,0,0,0.0,0.0,0.0,0,0,90,0,0,0,0.0,0.0,0.0,0.0,0.0,0.0,0.0
107,25-26-prem-brentford-vs-fulham,90,0,0,0,0.37,0.26,0,0,0,4,47,16,73.0,2.0,5,2,50.0,1,25.0,0,0,1,0,3,2,1,5,7,4,40.0,1,50.0,3,2,0,0,0.0,0.0,0,0,0,0.0,0,0,0,0,0.0,0.0,0.0,0,0,90,0,0,0,0.0,0.0,0.0,0.0,0.0,0.0,0.0
120,25-26-prem-brentford-vs-fulham,90,0,0,0,0.16,0.17,1,0,0,3,35,11,69.0,3.0,3,0,0.0,0,0.0,0,0,5,0,1,1,0,9,9,4,44.0,5,56.0,4,2,0,0,0.0,0.0,0,0,0,1.0,0,0,0,0,0.0,0.0,0.08,0,0,90,0,0,0,0.0,0.0,0.0,0.0,0.0,0.0,0.0
424,25-26-prem-brentford-vs-fulham,9,0,0,0,0.02,0.0,0,0,0,1,11,3,75.0,0.0,0,0,0.0,0,0.0,1,0,1,0,2,0,0,3,1,3,75.0,0,0.0,2,1,0,0,0.0,0.0,0,0,0,0.0,0,0,0,0,0.0,0.0,0.0,0,81,90,0,0,0,0.0,0.0,0.0,0.0,0.0,0.0,0.0
129,25-26-prem-brentford-vs-fulham,90,0,0,0,0.0,0.02,0,0,0,0,58,37,76.0,0.0,11,0,0.0,1,12.0,1,0,5,1,0,0,0,4,3,2,100.0,2,40.0,0,0,0,0,0.0,0.0,0,0,0,0.0,0,0,0,0,0.0,0.0,0.0,0,0,90,0,0,0,0.0,0.0,0.0,0.0,0.0,0.0,0.0
83,25-26-prem-brentford-vs-fulham,90,0,0,0,0.27,0.09,3,0,0,4,37,13,72.0,2.0,0,2,25.0,1,100.0,0,0,1,0,0,0,0,2,3,1,50.0,1,33.0,0,1,0,0,0.0,0.0,0,0,0,0.0,0,0,0,0,0.0,0.0,0.19,0,0,90,0,0,0,0.0,0.0,0.0,0.0,0.0,0.0,0.0
136,25-26-prem-brentford-vs-fulham,90,0,0,0,0.18,0.01,0,0,0,5,35,16,84.0,0.0,2,0,0.0,0,0.0,3,2,3,0,1,0,0,7,7,5,62.0,2,33.0,1,1,0,0,0.0,0.0,0,0,0,2.0,0,0,0,0,0.0,0.0,0.0,0,0,90,0,0,0,0.0,0.0,0.0,0.0,0.0,0.0,0.0
335,25-26-prem-brentford-vs-fulham,23,0,0,0,0.0,0.0,0,0,0,0,6,3,60.0,0.0,2,0,0.0,0,0.0,0,0,0,0,0,0,0,1,1,1,100.0,0,0.0,1,0,0,0,0.0,0.0,0,0,0,0.0,0,0,0,0,0.0,0.0,0.0,0,67,90,0,0,0,0.0,0.0,0.0,0.0,0.0,0.0,0.0
73,25-26-prem-newcastle-united-vs-afc-bournemouth,0,0,0,0,0.0,0.0,0,0,0,0,0,0,0.0,0.0,0,0,0.0,0,0.0,0,0,0,0,0,0,0,0,0,0,0.0,0,0.0,0,0,0,0,0.0,0.0,0,0,0,0.0,0,0,0,0,0.0,0.0,0.0,0,0,94,1,0,0,0.0,0.0,0.0,0.0,0.0,0.0,0.0
476,25-26-prem-newcastle-united-vs-afc-bournemouth,16,0,0,0,0.41,0.0,0,0,0,1,17,10,83.0,0.0,1,0,0.0,1,100.0,0,0,0,0,1,1,0,1,4,0,0.0,1,25.0,0,0,0,0,0.0,0.0,0,0,0,0.0,0,0,0,0,0.0,0.0,0.0,0,74,94,1,0,0,0.0,0.0,0.0,0.0,0.0,0.0,0.0
478,25-26-prem-newcastle-united-vs-afc-bournemouth,45,0,0,0,0.0,0.04,0,0,0,1,31,17,77.0,0.0,5,1,33.0,2,33.0,1,0,3,0,0,0,0,2,1,1,50.0,1,100.0,0,1,0,0,0.0,0.0,0,0,0,0.0,0,0,0,0,0.0,0.0,0.0,0,46,94,1,0,0,0.0,0.0,0.0,0.0,0.0,0.0,0.0
87,25-26-prem-newcastle-united-vs-afc-bournemouth,65,0,0,0,0.01,0.13,0,0,0,0,44,23,79.0,1.0,7,0,0.0,1,20.0,2,1,5,1,1,1,1,5,4,3,50.0,2,67.0,1,1,0,0,0.0,0.0,0,0,0,1.0,0,0,0,0,0.0,0.0,0.0,0,0,65,0,0,0,0.0,0.0,0.0,0.0,0.0,0.0,0.0
135,25-26-prem-newcastle-united-vs-afc-bournemouth,0,0,0,0,0.0,0.0,0,0,0,0,0,0,0.0,0.0,0,0,0.0,0,0.0,0,0,0,0,0,0,0,0,0,0,0.0,0,0.0,0,0,0,0,0.0,0.0,0,0,0,0.0,0,0,0,0,0.0,0.0,0.0,0,0,94,2,0,0,0.0,0.0,0.0,0.0,0.0,0.0,0.0
86,25-26-prem-newcastle-united-vs-afc-bournemouth,24,0,0,0,0.0,0.0,0,0,0,0,12,6,75.0,0.0,1,0,0.0,0,0.0,1,0,0,0,0,0,1,1,3,1,25.0,0,0.0,0,0,0,0,0.0,0.0,0,0,0,1.0,0,0,0,0,0.0,0.0,0.0,0,66,94,1,0,0,0.0,0.0,0.0,0.0,0.0,0.0,0.0
369,25-26-champions-league-paris-saint-germain-vs-liverpool,0,0,0,0,0.0,0.0,0,0,0,0,0,0,0.0,0.0,0,0,0.0,0,0.0,0,0,0,0,0,0,0,0,0,0,0.0,0,0.0,0,0,0,0,0.0,0.0,0,0,0,0.0,0,0,0,0,0.0,0.0,0.0,0,0,91,2,0,0,0.0,0.0,0.0,0.0,0.0,0.0,0.0
85,25-26-prem-newcastle-united-vs-afc-bournemouth,25,0,0,0,0.0,0.0,0,0,0,0,25,14,82.0,0.0,1,0,0.0,0,0.0,1,0,1,0,1,0,0,2,1,1,100.0,1,50.0,0,0,0,0,0.0,0.0,0,0,0,0.0,0,0,0,0,0.0,0.0,0.0,0,65,94,1,0,0,0.0,0.0,0.0,0.0,0.0,0.0,0.0
522,25-26-prem-nottingham-forest-vs-burnley,14,0,1,0,0.0,0.03,0,0,0,0,8,5,83.0,1.0,0,1,100.0,0,0.0,0,0,1,0,0,0,0,0,0,0,0.0,0,0.0,0,0,0,0,0.0,0.0,0,0,0,0.0,0,0,0,0,0.0,0.0,0.0,0,76,98,0,0,0,0.0,0.0,0.0,0.0,0.0,0.0,0.0
499,25-26-champions-league-paris-saint-germain-vs-liverpool,45,0,0,0,0.07,0.0,1,0,0,1,5,2,67.0,0.0,0,0,0.0,0,0.0,0,0,0,0,0,0,0,1,4,0,0.0,1,25.0,0,0,0,0,0.0,0.0,0,0,0,0.0,0,0,0,0,0.0,0.0,0.12,0,0,46,0,0,0,0.0,0.0,0.0,0.0,0.0,0.0,0.0
674,25-26-prem-newcastle-united-vs-afc-bournemouth,90,0,0,0,0.0,0.0,0,0,0,0,47,0,0.0,0.0,13,0,0.0,0,0.0,0,0,8,0,1,0,0,0,0,0,0.0,0,0.0,0,0,1,2,2.01,0.01,0,24,8,0.0,0,0,1,0,0.0,0.0,0.0,0,0,94,2,0,0,0.0,0.0,0.0,0.0,0.0,0.0,0.0
487,25-26-prem-newcastle-united-vs-afc-bournemouth,90,0,0,0,0.17,0.08,0,0,0,9,46,18,69.0,0.0,3,0,0.0,0,0.0,1,0,5,0,0,0,1,5,11,3,27.0,2,40.0,2,1,0,0,0.0,0.0,0,0,0,2.0,0,0,0,0,0.0,0.0,0.0,0,0,94,2,0,0,0.0,0.0,0.0,0.0,0.0,0.0,0.0
385,25-26-champions-league-paris-saint-germain-vs-liverpool,0,0,0,0,0.0,0.0,0,0,0,0,0,0,0.0,0.0,0,0,0.0,0,0.0,0,0,0,0,0,0,0,0,0,0,0.0,0,0.0,0,0,0,0,0.0,0.0,0,0,0,0.0,0,0,0,0,0.0,0.0,0.0,0,0,91,2,0,0,0.0,0.0,0.0,0.0,0.0,0.0,0.0
515,25-26-prem-nottingham-forest-vs-burnley,89,3,0,0,0.73,0.02,3,0,0,5,50,23,77.0,0.0,5,1,33.0,1,100.0,2,0,2,0,0,0,0,3,6,3,50.0,0,0.0,1,0,0,0,0.0,0.0,0,0,0,1.0,0,0,0,0,0.0,0.0,0.96,0,0,89,1,0,0,0.0,0.0,0.0,0.0,0.0,0.0,0.0
158,25-26-prem-tottenham-hotspur-vs-brighton-hove-albion,15,1,0,0,0.08,0.01,1,0,0,3,11,5,100.0,0.0,0,0,0.0,0,0.0,1,0,0,0,0,0,0,2,2,1,50.0,1,50.0,0,0,0,0,0.0,0.0,0,0,0,1.0,0,0,0,0,0.0,0.0,0.47,0,75,95,1,0,0,0.0,0.0,0.0,0.0,0.0,0.0,0.0
145,25-26-prem-tottenham-hotspur-vs-brighton-hove-albion,15,0,0,0,0.0,0.0,0,0,0,0,13,10,100.0,0.0,1,0,0.0,1,100.0,0,0,1,0,1,1,1,0,3,0,0.0,0,0.0,0,1,0,0,0.0,0.0,0,0,0,0.0,0,0,0,0,0.0,0.0,0.0,0,75,95,1,0,0,0.0,0.0,0.0,0.0,0.0,0.0,0.0
722,25-26-prem-nottingham-forest-vs-burnley,83,0,0,0,0.0,0.01,0,0,0,0,46,28,85.0,0.0,0,0,0.0,0,0.0,5,2,5,0,1,1,2,7,11,5,36.0,2,50.0,0,4,0,0,0.0,0.0,0,0,0,0.0,0,0,0,0,0.0,0.0,0.0,0,0,83,3,0,0,0.0,0.0,0.0,0.0,0.0,0.0,0.0
521,25-26-prem-nottingham-forest-vs-burnley,90,0,0,0,0.0,0.05,0,0,0,1,64,45,87.0,1.0,6,0,0.0,4,80.0,2,2,7,0,1,1,0,5,4,4,50.0,1,100.0,2,3,0,0,0.0,0.0,0,0,0,0.0,0,0,0,0,0.0,0.0,0.0,0,0,98,1,0,0,0.0,0.0,0.0,0.0,0.0,0.0,0.0
166,25-26-prem-tottenham-hotspur-vs-brighton-hove-albion,82,0,0,0,0.09,0.01,0,0,0,0,44,29,88.0,0.0,5,0,0.0,1,100.0,0,1,2,0,0,0,0,5,5,4,50.0,1,50.0,3,1,0,0,0.0,0.0,0,0,0,2.0,0,0,0,0,0.0,0.0,0.0,0,0,82,2,0,0,0.0,0.0,0.0,0.0,0.0,0.0,0.0
384,25-26-champions-league-paris-saint-germain-vs-liverpool,45,0,0,0,0.04,0.18,1,0,0,5,25,15,79.0,0.0,4,0,0.0,0,0.0,1,0,3,0,0,0,0,3,2,2,50.0,1,100.0,1,2,0,0,0.0,0.0,0,0,0,0.0,0,0,0,0,0.0,0.0,0.36,0,46,91,2,0,0,0.0,0.0,0.0,0.0,0.0,0.0,0.0
427,25-26-prem-manchester-city-vs-arsenal,0,0,0,0,0.0,0.0,0,0,0,0,0,0,0.0,0.0,0,0,0.0,0,0.0,0,0,0,0,0,0,0,0,0,0,0.0,0,0.0,0,0,0,0,0.0,0.0,0,0,0,0.0,0,0,0,0,0.0,0.0,0.0,0,0,96,1,0,0,0.0,0.0,0.0,0.0,0.0,0.0,0.0
350,25-26-prem-leeds-united-vs-wolverhampton-wanderers,78,0,1,0,0.0,0.01,0,0,0,1,37,16,89.0,1.0,1,0,0.0,0,0.0,0,1,5,0,1,1,1,5,5,5,50.0,0,0.0,3,0,0,0,0.0,0.0,0,0,0,3.0,0,0,0,0,0.0,0.0,0.0,0,0,78,0,0,0,0.0,0.0,0.0,0.0,0.0,0.0,0.0
255,25-26-conference-league-crystal-palace-vs-fiorentina,0,0,0,0,0.0,0.0,0,0,0,0,0,0,0.0,0.0,0,0,0.0,0,0.0,0,0,0,0,0,0,0,0,0,0,0.0,0,0.0,0,0,0,0,0.0,0.0,0,0,0,0.0,0,0,0,0,0.0,0.0,0.0,0,0,91,2,0,0,0.0,0.0,0.0,0.0,0.0,0.0,0.0
181,25-26-prem-tottenham-hotspur-vs-brighton-hove-albion,8,0,0,0,0.1,0.05,0,0,0,2,9,6,86.0,1.0,0,0,0.0,0,0.0,0,0,0,0,0,0,0,2,3,1,50.0,1,33.0,0,1,0,0,0.0,0.0,0,0,0,0.0,0,0,0,0,0.0,0.0,0.0,0,82,95,0,0,0,0.0,0.0,0.0,0.0,0.0,0.0,0.0
281,25-26-conference-league-crystal-palace-vs-fiorentina,0,0,0,0,0.0,0.0,0,0,0,0,0,0,0.0,0.0,0,0,0.0,0,0.0,0,0,0,0,0,0,0,0,0,0,0.0,0,0.0,0,0,0,0,0.0,0.0,0,0,0,0.0,0,0,0,0,0.0,0.0,0.0,0,0,91,2,0,0,0.0,0.0,0.0,0.0,0.0,0.0,0.0
82,25-26-prem-manchester-city-vs-arsenal,89,0,0,0,0.05,0.04,0,0,0,6,37,10,62.0,0.0,0,1,33.0,0,0.0,1,1,2,0,0,0,1,2,5,2,29.0,0,0.0,0,0,0,0,0.0,0.0,0,0,0,1.0,0,0,0,0,0.0,0.0,0.0,0,0,96,1,0,0,0.0,0.0,0.0,0.0,0.0,0.0,0.0
402,25-26-prem-manchester-city-vs-arsenal,0,0,0,0,0.0,0.0,0,0,0,0,0,0,0.0,0.0,0,0,0.0,0,0.0,0,0,0,0,0,0,0,0,0,0,0.0,0,0.0,0,0,0,0,0.0,0.0,0,0,0,0.0,0,0,0,0,0.0,0.0,0.0,0,0,96,1,0,0,0.0,0.0,0.0,0.0,0.0,0.0,0.0
407,25-26-prem-manchester-city-vs-arsenal,90,0,1,0,0.0,0.08,0,0,0,1,56,30,91.0,1.0,6,0,0.0,1,100.0,2,0,3,1,2,1,0,3,6,2,33.0,1,33.0,0,1,0,0,0.0,0.0,0,0,0,1.0,0,0,0,0,0.0,0.0,0.0,0,0,96,1,0,0,0.0,0.0,0.0,0.0,0.0,0.0,0.0
358,25-26-prem-afc-bournemouth-vs-leeds-united,89,0,0,0,0.0,0.02,0,0,0,0,49,37,95.0,1.0,7,0,0.0,4,100.0,1,0,7,0,2,0,1,1,3,1,33.0,0,0.0,0,1,0,0,0.0,0.0,0,0,0,0.0,0,0,0,0,0.0,0.0,0.0,0,0,89,2,0,0,0.0,0.0,0.0,0.0,0.0,0.0,0.0
236,25-26-prem-brighton-hove-albion-vs-chelsea,90,0,0,0,0.0,0.03,0,0,0,2,52,28,85.0,0.0,0,1,17.0,0,0.0,0,0,0,0,2,1,2,3,8,2,25.0,1,33.0,1,0,0,0,0.0,0.0,0,0,0,0.0,0,0,0,0,0.0,0.0,0.0,0,0,92,3,0,0,0.0,0.0,0.0,0.0,0.0,0.0,0.0
350,25-26-prem-afc-bournemouth-vs-leeds-united,84,0,0,0,0.03,0.12,1,0,0,5,41,20,83.0,2.0,2,0,0.0,0,0.0,0,1,3,0,3,2,0,4,4,2,40.0,2,67.0,0,1,0,0,0.0,0.0,0,0,0,0.0,0,0,0,0,0.0,0.0,0.09,0,0,84,1,0,0,0.0,0.0,0.0,0.0,0.0,0.0,0.0
157,25-26-prem-brighton-hove-albion-vs-chelsea,82,0,0,0,0.28,0.08,1,0,0,7,46,29,91.0,3.0,1,0,0.0,0,0.0,1,0,7,0,3,3,1,4,5,3,50.0,1,33.0,1,2,0,0,0.0,0.0,0,0,0,0.0,0,0,0,0,0.0,0.0,0.41,0,0,82,0,0,0,0.0,0.0,0.0,0.0,0.0,0.0,0.0
164,25-26-prem-brighton-hove-albion-vs-chelsea,1,0,0,0,0.0,0.0,0,0,0,0,4,3,75.0,0.0,0,0,0.0,0,0.0,0,0,0,0,0,0,0,1,0,0,0.0,1,100.0,0,0,0,0,0.0,0.0,0,0,0,0.0,0,0,0,0,0.0,0.0,0.0,0,92,92,0,0,0,0.0,0.0,0.0,0.0,0.0,0.0,0.0
158,25-26-prem-brighton-hove-albion-vs-chelsea,83,0,1,0,0.12,0.11,0,0,0,5,35,13,72.0,2.0,1,0,0.0,1,100.0,1,0,3,0,1,1,1,3,9,2,25.0,1,25.0,1,2,0,0,0.0,0.0,0,0,0,1.0,0,0,0,0,0.0,0.0,0.0,0,0,83,0,0,0,0.0,0.0,0.0,0.0,0.0,0.0,0.0
151,25-26-prem-brighton-hove-albion-vs-chelsea,90,0,0,0,0.13,0.01,1,0,0,2,89,69,86.0,0.0,8,0,0.0,2,25.0,1,0,5,1,4,1,1,7,1,1,50.0,6,100.0,0,0,0,0,0.0,0.0,0,0,0,0.0,0,0,0,0,0.0,0.0,0.08,0,0,92,0,0,0,0.0,0.0,0.0,0.0,0.0,0.0,0.0
235,25-26-prem-brighton-hove-albion-vs-chelsea,0,0,0,0,0.0,0.0,0,0,0,0,0,0,0.0,0.0,0,0,0.0,0,0.0,0,0,0,0,0,0,0,0,0,0,0.0,0,0.0,0,0,0,0,0.0,0.0,0,0,0,0.0,0,0,0,0,0.0,0.0,0.0,0,0,92,3,0,0,0.0,0.0,0.0,0.0,0.0,0.0,0.0
453,25-26-prem-brighton-hove-albion-vs-chelsea,45,0,0,0,0.18,0.02,0,0,0,6,20,10,100.0,1.0,0,0,0.0,0,0.0,0,0,0,0,0,0,0,0,5,0,0.0,0,0.0,0,1,0,0,0.0,0.0,0,0,0,2.0,0,0,0,0,0.0,0.0,0.0,0,46,92,2,0,0,0.0,0.0,0.0,0.0,0.0,0.0,0.0
378,25-26-champions-league-paris-saint-germain-vs-liverpool,0,0,0,0,0.0,0.0,0,0,0,0,0,0,0.0,0.0,0,0,0.0,0,0.0,0,0,0,0,0,0,0,0,0,0,0.0,0,0.0,0,0,0,0,0.0,0.0,0,0,0,0.0,0,0,0,0,0.0,0.0,0.0,0,0,91,2,0,0,0.0,0.0,0.0,0.0,0.0,0.0,0.0
654,25-26-prem-crystal-palace-vs-west-ham-united,59,0,0,0,0.15,0.01,0,0,0,2,29,7,47.0,0.0,3,0,0.0,0,0.0,0,0,1,0,0,0,0,3,6,2,33.0,1,33.0,1,1,0,0,0.0,0.0,0,0,0,2.0,0,0,0,0,0.0,0.0,0.0,0,0,59,0,0,0,0.0,0.0,0.0,0.0,0.0,0.0,0.0
250,25-26-prem-brighton-hove-albion-vs-chelsea,72,0,0,0,0.0,0.0,0,0,0,1,21,6,60.0,0.0,1,0,0.0,0,0.0,0,0,2,0,1,1,1,4,7,4,44.0,0,0.0,1,2,0,0,0.0,0.0,0,0,0,2.0,0,0,0,0,0.0,0.0,0.0,0,0,72,2,0,0,0.0,0.0,0.0,0.0,0.0,0.0,0.0
166,25-26-prem-brighton-hove-albion-vs-chelsea,8,0,0,0,0.0,0.0,0,0,0,1,5,1,100.0,0.0,0,0,0.0,0,0.0,0,1,0,0,0,0,1,0,2,0,0.0,0,0.0,0,1,0,0,0.0,0.0,0,0,0,0.0,0,0,0,0,0.0,0.0,0.0,0,82,92,0,0,0,0.0,0.0,0.0,0.0,0.0,0.0,0.0
615,25-26-prem-crystal-palace-vs-west-ham-united,90,0,0,0,0.12,0.02,0,0,0,3,38,18,78.0,0.0,4,0,0.0,0,0.0,1,0,5,0,2,1,0,6,4,5,56.0,1,100.0,2,2,0,0,0.0,0.0,0,0,0,1.0,0,0,0,0,0.0,0.0,0.0,0,0,92,0,0,0,0.0,0.0,0.0,0.0,0.0,0.0,0.0
257,25-26-prem-crystal-palace-vs-west-ham-united,90,0,0,0,0.0,0.01,0,0,0,2,90,65,89.0,1.0,3,0,0.0,1,33.0,0,1,2,1,8,4,0,5,1,1,100.0,4,80.0,0,0,0,0,0.0,0.0,0,0,0,0.0,0,0,0,0,0.0,0.0,0.0,0,0,92,0,0,0,0.0,0.0,0.0,0.0,0.0,0.0,0.0
712,25-26-prem-crystal-palace-vs-west-ham-united,59,0,0,0,0.0,0.04,0,0,0,2,40,24,86.0,2.0,2,0,0.0,1,100.0,1,0,5,0,1,1,1,3,6,2,29.0,1,50.0,0,2,0,0,0.0,0.0,0,0,0,1.0,0,0,0,0,0.0,0.0,0.0,0,0,59,0,0,0,0.0,0.0,0.0,0.0,0.0,0.0,0.0
580,25-26-prem-crystal-palace-vs-west-ham-united,78,0,0,0,0.38,0.04,0,0,0,2,26,8,62.0,0.0,1,0,0.0,0,0.0,2,0,4,0,1,0,0,3,5,2,29.0,1,100.0,1,3,0,0,0.0,0.0,0,0,0,2.0,0,0,0,0,0.0,0.0,0.0,0,0,78,0,0,0,0.0,0.0,0.0,0.0,0.0,0.0,0.0
258,25-26-prem-crystal-palace-vs-west-ham-united,90,0,0,0,0.06,0.09,0,0,0,1,65,33,85.0,1.0,4,1,12.0,2,50.0,3,2,7,0,0,0,2,5,4,5,62.0,0,0.0,1,0,0,0,0.0,0.0,0,0,0,0.0,0,0,0,0,0.0,0.0,0.0,0,0,92,0,0,0,0.0,0.0,0.0,0.0,0.0,0.0,0.0
276,25-26-prem-crystal-palace-vs-west-ham-united,12,0,0,0,0.0,0.0,0,0,0,0,9,6,100.0,0.0,1,0,0.0,0,0.0,0,0,1,0,0,0,0,0,1,0,0.0,0,0.0,0,0,0,0,0.0,0.0,0,0,0,0.0,0,0,0,0,0.0,0.0,0.0,0,78,92,0,0,0,0.0,0.0,0.0,0.0,0.0,0.0,0.0
262,25-26-prem-crystal-palace-vs-west-ham-united,0,0,0,0,0.0,0.0,0,0,0,0,0,0,0.0,0.0,0,0,0.0,0,0.0,0,0,0,0,0,0,0,0,0,0,0.0,0,0.0,0,0,0,0,0.0,0.0,0,0,0,0.0,0,0,0,0,0.0,0.0,0.0,0,0,92,0,0,0,0.0,0.0,0.0,0.0,0.0,0.0,0.0
64,25-26-prem-aston-villa-vs-sunderland,80,2,1,0,1.22,0.06,2,0,0,8,28,8,67.0,3.0,1,0,0.0,0,0.0,1,0,3,0,1,0,0,1,5,1,17.0,0,0.0,0,2,0,0,0.0,0.0,0,0,0,2.0,0,0,0,0,0.0,0.0,1.59,0,0,80,1,0,0,0.0,0.0,0.0,0.0,0.0,0.0,0.0
718,25-26-prem-crystal-palace-vs-west-ham-united,0,0,0,0,0.0,0.0,0,0,0,0,0,0,0.0,0.0,0,0,0.0,0,0.0,0,0,0,0,0,0,0,0,0,0,0.0,0,0.0,0,0,0,0,0.0,0.0,0,0,0,0.0,0,0,0,0,0.0,0.0,0.0,0,0,92,0,0,0,0.0,0.0,0.0,0.0,0.0,0.0,0.0
271,25-26-conference-league-crystal-palace-vs-fiorentina,90,0,0,0,0.08,0.02,1,0,0,1,44,25,86.0,0.0,2,0,0.0,3,75.0,5,0,1,2,2,0,2,7,4,7,64.0,0,0.0,2,2,0,0,0.0,0.0,0,0,0,0.0,0,0,0,0,0.0,0.0,0.02,0,0,91,2,0,0,0.0,0.0,0.0,0.0,0.0,0.0,0.0
541,25-26-prem-aston-villa-vs-sunderland,63,0,0,0,0.0,0.01,0,0,0,1,35,20,80.0,1.0,3,1,100.0,0,0.0,0,0,2,1,2,1,1,4,4,2,50.0,2,50.0,1,1,0,0,0.0,0.0,0,0,0,0.0,0,0,0,0,0.0,0.0,0.0,0,0,63,3,0,0,0.0,0.0,0.0,0.0,0.0,0.0,0.0
694,25-26-prem-aston-villa-vs-sunderland,90,0,0,0,0.0,0.03,0,0,0,0,61,29,78.0,1.0,5,1,25.0,4,80.0,1,2,4,0,4,2,0,2,5,1,25.0,1,33.0,0,2,0,0,0.0,0.0,0,0,0,1.0,0,0,0,0,0.0,0.0,0.0,0,0,98,4,0,0,0.0,0.0,0.0,0.0,0.0,0.0,0.0
681,25-26-prem-chelsea-vs-manchester-united,80,0,0,0,0.03,0.01,0,0,0,0,18,9,82.0,0.0,0,0,0.0,0,0.0,0,0,1,0,1,1,0,2,2,1,50.0,1,50.0,0,0,0,0,0.0,0.0,0,0,0,1.0,0,0,0,0,0.0,0.0,0.0,0,0,80,0,0,0,0.0,0.0,0.0,0.0,0.0,0.0,0.0
551,25-26-prem-aston-villa-vs-sunderland,63,1,0,0,0.1,0.01,1,0,0,2,29,16,80.0,0.0,1,0,0.0,0,0.0,1,0,2,0,1,0,0,3,1,3,75.0,0,0.0,0,0,0,0,0.0,0.0,0,0,0,0.0,0,0,0,0,0.0,0.0,0.79,0,0,63,3,0,0,0.0,0.0,0.0,0.0,0.0,0.0,0.0
244,25-26-prem-chelsea-vs-manchester-united,2,0,0,0,0.0,0.0,0,0,0,0,1,0,0.0,0.0,0,0,0.0,0,0.0,0,0,1,0,0,0,0,1,1,1,50.0,0,0.0,1,1,0,0,0.0,0.0,0,0,0,0.0,0,0,0,0,0.0,0.0,0.0,0,88,94,0,0,0,0.0,0.0,0.0,0.0,0.0,0.0,0.0
228,25-26-prem-chelsea-vs-manchester-united,81,0,0,0,0.0,0.18,0,0,0,0,69,48,86.0,3.0,6,3,38.0,5,56.0,1,0,8,0,2,1,0,1,0,1,100.0,0,0.0,0,0,0,0,0.0,0.0,0,0,0,0.0,0,0,0,0,0.0,0.0,0.0,0,0,81,1,0,0,0.0,0.0,0.0,0.0,0.0,0.0,0.0
755,25-26-prem-chelsea-vs-manchester-united,0,0,0,0,0.0,0.0,0,0,0,0,0,0,0.0,0.0,0,0,0.0,0,0.0,0,0,0,0,0,0,0,0,0,0,0.0,0,0.0,0,0,0,0,0.0,0.0,0,0,0,0.0,0,0,0,0,0.0,0.0,0.0,0,0,94,0,0,0,0.0,0.0,0.0,0.0,0.0,0.0,0.0
447,25-26-prem-chelsea-vs-manchester-united,90,0,0,0,0.0,0.0,0,0,0,0,67,49,91.0,0.0,2,0,0.0,1,25.0,2,0,1,4,4,1,0,4,2,4,67.0,0,0.0,1,2,0,0,0.0,0.0,0,0,0,0.0,0,0,0,0,0.0,0.0,0.0,0,0,94,0,0,0,0.0,0.0,0.0,0.0,0.0,0.0,0.0
283,25-26-conference-league-crystal-palace-vs-fiorentina,45,0,0,0,0.0,0.0,0,0,0,0,17,6,75.0,0.0,1,0,0.0,0,0.0,0,0,2,0,3,2,1,3,6,2,33.0,1,33.0,2,1,0,0,0.0,0.0,0,0,0,0.0,0,0,0,0,0.0,0.0,0.0,0,0,46,1,0,0,0.0,0.0,0.0,0.0,0.0,0.0,0.0
259,25-26-conference-league-crystal-palace-vs-fiorentina,0,0,0,0,0.0,0.0,0,0,0,0,0,0,0.0,0.0,0,0,0.0,0,0.0,0,0,0,0,0,0,0,0,0,0,0.0,0,0.0,0,0,0,0,0.0,0.0,0,0,0,0.0,0,0,0,0,0.0,0.0,0.0,0,0,91,2,0,0,0.0,0.0,0.0,0.0,0.0,0.0,0.0
654,25-26-conference-league-crystal-palace-vs-fiorentina,45,0,0,0,0.14,0.01,0,0,0,2,30,7,50.0,0.0,4,0,0.0,0,0.0,2,0,1,0,3,3,1,7,7,3,38.0,4,67.0,0,1,0,0,0.0,0.0,0,0,0,3.0,0,0,0,0,0.0,0.0,0.0,0,46,91,1,0,0,0.0,0.0,0.0,0.0,0.0,0.0,0.0
470,25-26-prem-burnley-vs-manchester-city,90,0,0,0,0.0,0.0,0,0,0,0,57,0,0.0,0.0,6,0,0.0,0,0.0,0,0,8,0,2,0,0,0,0,0,0.0,0,0.0,0,0,8,1,3.16,2.16,1,28,9,0.0,0,0,5,0,0.0,0.0,0.0,0,0,90,1,0,0,0.0,0.0,0.0,0.0,0.0,0.0,0.0
187,25-26-prem-burnley-vs-manchester-city,90,0,0,0,0.0,0.03,0,0,0,0,53,27,73.0,1.0,7,0,0.0,1,20.0,2,1,7,0,1,0,1,8,6,4,57.0,4,57.0,1,1,0,0,0.0,0.0,0,0,0,1.0,0,0,0,0,0.0,0.0,0.0,0,0,90,1,0,0,0.0,0.0,0.0,0.0,0.0,0.0,0.0
405,25-26-prem-burnley-vs-manchester-city,0,0,0,0,0.0,0.0,0,0,0,0,0,0,0.0,0.0,0,0,0.0,0,0.0,0,0,0,0,0,0,0,0,0,0,0.0,0,0.0,0,0,0,0,0.0,0.0,0,0,0,0.0,0,0,0,0,0.0,0.0,0.0,0,0,90,0,0,0,0.0,0.0,0.0,0.0,0.0,0.0,0.0
416,25-26-prem-burnley-vs-manchester-city,90,0,0,0,0.24,0.18,0,0,0,17,118,85,86.0,7.0,6,0,0.0,0,0.0,3,1,7,0,1,0,1,7,4,7,64.0,0,0.0,1,0,0,0,0.0,0.0,0,0,0,1.0,0,0,0,0,0.0,0.0,0.0,0,0,90,0,0,0,0.0,0.0,0.0,0.0,0.0,0.0,0.0
722,25-26-prem-burnley-vs-manchester-city,8,0,0,0,0.0,0.0,0,0,0,0,6,3,60.0,0.0,0,0,0.0,0,0.0,0,0,2,1,0,0,1,0,1,0,0.0,0,0.0,0,0,0,0,0.0,0.0,0,0,0,0.0,0,0,0,0,0.0,0.0,0.0,0,82,90,0,0,0,0.0,0.0,0.0,0.0,0.0,0.0,0.0
414,25-26-prem-burnley-vs-manchester-city,0,0,0,0,0.0,0.0,0,0,0,0,0,0,0.0,0.0,0,0,0.0,0,0.0,0,0,0,0,0,0,0,0,0,0,0.0,0,0.0,0,0,0,0,0.0,0.0,0,0,0,0.0,0,0,0,0,0.0,0.0,0.0,0,0,90,0,0,0,0.0,0.0,0.0,0.0,0.0,0.0,0.0
402,25-26-prem-burnley-vs-manchester-city,65,0,0,0,0.07,0.04,1,0,0,2,54,40,98.0,2.0,2,1,33.0,1,100.0,1,0,4,0,0,0,0,3,3,2,100.0,1,25.0,1,0,0,0,0.0,0.0,0,0,0,0.0,0,0,0,0,0.0,0.0,0.06,0,0,65,0,0,0,0.0,0.0,0.0,0.0,0.0,0.0,0.0
418,25-26-prem-burnley-vs-manchester-city,90,0,1,0,0.08,0.37,0,0,0,10,61,39,78.0,2.0,3,0,0.0,0,0.0,1,1,8,0,0,0,1,5,4,4,50.0,1,100.0,2,2,0,0,0.0,0.0,0,0,0,0.0,0,0,0,0,0.0,0.0,0.0,0,0,90,0,0,0,0.0,0.0,0.0,0.0,0.0,0.0,0.0
407,25-26-prem-burnley-vs-manchester-city,90,0,0,0,0.0,0.04,0,0,0,1,112,84,92.0,1.0,13,0,0.0,1,50.0,1,0,4,1,3,2,1,1,3,1,25.0,0,0.0,0,0,0,0,0.0,0.0,0,0,0,0.0,0,0,0,0,0.0,0.0,0.0,0,0,90,0,0,0,0.0,0.0,0.0,0.0,0.0,0.0,0.0
200,25-26-prem-burnley-vs-manchester-city,87,0,0,0,0.1,0.03,1,0,0,5,31,18,86.0,1.0,0,0,0.0,0,0.0,2,1,4,0,0,0,2,3,6,3,43.0,0,0.0,0,0,0,0,0.0,0.0,0,0,0,1.0,0,0,0,0,0.0,0.0,0.51,0,0,87,1,0,0,0.0,0.0,0.0,0.0,0.0,0.0,0.0
415,25-26-prem-burnley-vs-manchester-city,25,0,0,0,0.1,0.05,1,0,0,5,23,10,91.0,0.0,0,0,0.0,0,0.0,1,0,2,0,1,0,0,2,4,2,33.0,0,0.0,0,0,0,0,0.0,0.0,0,0,0,0.0,0,0,0,0,0.0,0.0,0.17,0,65,90,0,0,0,0.0,0.0,0.0,0.0,0.0,0.0,0.0
182,25-26-prem-burnley-vs-manchester-city,0,0,0,0,0.0,0.0,0,0,0,0,0,0,0.0,0.0,0,0,0.0,0,0.0,0,0,0,0,0,0,0,0,0,0,0.0,0,0.0,0,0,0,0,0.0,0.0,0,0,0,0.0,0,0,0,0,0.0,0.0,0.0,0,0,90,0,0,0,0.0,0.0,0.0,0.0,0.0,0.0,0.0
676,25-26-prem-burnley-vs-manchester-city,0,0,0,0,0.0,0.0,0,0,0,0,0,0,0.0,0.0,0,0,0.0,0,0.0,0,0,0,0,0,0,0,0,0,0,0.0,0,0.0,0,0,0,0,0.0,0.0,0,0,0,0.0,0,0,0,0,0.0,0.0,0.0,0,0,90,1,0,0,0.0,0.0,0.0,0.0,0.0,0.0,0.0
193,25-26-prem-burnley-vs-manchester-city,82,0,0,0,0.0,0.01,0,0,0,2,61,39,83.0,1.0,3,0,0.0,3,33.0,0,2,4,0,4,1,0,2,1,1,50.0,1,100.0,0,0,0,0,0.0,0.0,0,0,0,1.0,0,0,0,0,0.0,0.0,0.0,0,0,82,1,0,0,0.0,0.0,0.0,0.0,0.0,0.0,0.0
191,25-26-prem-burnley-vs-manchester-city,90,0,0,0,0.0,0.0,0,0,0,1,50,33,89.0,0.0,2,0,0.0,2,50.0,1,1,1,5,3,0,2,1,2,1,33.0,0,0.0,0,0,0,0,0.0,0.0,0,0,0,0.0,0,0,0,0,0.0,0.0,0.0,0,0,90,1,0,0,0.0,0.0,0.0,0.0,0.0,0.0,0.0
195,25-26-prem-burnley-vs-manchester-city,0,0,0,0,0.0,0.0,0,0,0,0,0,0,0.0,0.0,0,0,0.0,0,0.0,0,0,0,0,0,0,0,0,0,0,0.0,0,0.0,0,0,0,0,0.0,0.0,0,0,0,0.0,0,0,0,0,0.0,0.0,0.0,0,0,90,1,0,0,0.0,0.0,0.0,0.0,0.0,0.0,0.0
411,25-26-prem-burnley-vs-manchester-city,90,0,0,0,0.71,0.01,3,0,0,4,79,48,87.0,0.0,6,0,0.0,0,0.0,0,1,5,2,3,3,1,4,10,2,20.0,2,50.0,2,4,0,0,0.0,0.0,0,0,0,2.0,0,0,0,0,0.0,0.0,1.27,0,0,90,0,0,0,0.0,0.0,0.0,0.0,0.0,0.0,0.0
183,25-26-prem-burnley-vs-manchester-city,0,0,0,0,0.0,0.0,0,0,0,0,0,0,0.0,0.0,0,0,0.0,0,0.0,0,0,0,0,0,0,0,0,0,0,0.0,0,0.0,0,0,0,0,0.0,0.0,0,0,0,0.0,0,0,0,0,0.0,0.0,0.0,0,0,90,1,0,0,0.0,0.0,0.0,0.0,0.0,0.0,0.0
302,25-26-prem-everton-vs-liverpool,90,0,0,0,0.0,0.02,0,0,0,0,41,31,94.0,0.0,3,0,0.0,0,0.0,0,1,4,0,1,0,0,4,2,4,80.0,0,0.0,4,1,0,0,0.0,0.0,0,0,0,0.0,0,0,0,0,0.0,0.0,0.0,0,0,102,2,0,0,0.0,0.0,0.0,0.0,0.0,0.0,0.0
373,25-26-prem-everton-vs-liverpool,90,1,0,0,0.23,0.0,1,0,0,1,54,37,82.0,0.0,7,0,0.0,0,0.0,0,0,4,0,8,5,0,3,4,0,0.0,3,50.0,0,1,0,0,0.0,0.0,0,0,0,0.0,0,0,0,0,0.0,0.0,0.3,0,0,102,1,0,0,0.0,0.0,0.0,0.0,0.0,0.0,0.0
291,25-26-prem-everton-vs-liverpool,90,0,0,0,0.13,0.0,1,0,0,3,49,32,82.0,0.0,4,0,0.0,2,50.0,0,1,3,2,3,2,0,3,3,0,0.0,3,60.0,0,1,0,0,0.0,0.0,0,0,0,0.0,0,0,0,0,0.0,0.0,0.34,0,0,102,2,0,0,0.0,0.0,0.0,0.0,0.0,0.0,0.0
295,25-26-prem-everton-vs-liverpool,3,0,0,0,0.0,0.0,0,0,0,0,6,3,75.0,0.0,0,0,0.0,0,0.0,0,1,0,0,1,1,0,0,0,0,0.0,0,0.0,0,0,0,0,0.0,0.0,0,0,0,0.0,0,0,0,0,0.0,0.0,0.0,0,87,102,1,0,0,0.0,0.0,0.0,0.0,0.0,0.0,0.0
381,25-26-prem-everton-vs-liverpool,90,1,0,0,0.52,0.11,1,0,0,2,64,34,89.0,1.0,5,1,33.0,1,100.0,2,0,3,0,1,0,1,4,11,4,31.0,0,0.0,0,0,0,0,0.0,0.0,0,0,0,5.0,0,0,0,0,0.0,0.0,0.62,0,0,102,1,0,0,0.0,0.0,0.0,0.0,0.0,0.0,0.0
287,25-26-prem-everton-vs-liverpool,90,0,0,0,0.0,0.0,0,0,0,0,54,0,0.0,1.0,13,0,0.0,0,0.0,0,0,10,0,2,0,0,0,0,0,0.0,0,0.0,0,0,3,2,1.46,-0.54,2,25,11,0.0,0,0,2,0,0.0,0.0,0.0,0,0,102,2,0,0,0.0,0.0,0.0,0.0,0.0,0.0,0.0
372,25-26-prem-everton-vs-liverpool,86,0,0,0,0.02,0.01,0,0,0,2,52,27,71.0,1.0,11,0,0.0,3,38.0,1,0,3,0,1,1,0,3,1,2,100.0,1,50.0,1,0,0,0,0.0,0.0,0,0,0,0.0,0,0,0,0,0.0,0.0,0.0,0,0,86,1,0,0,0.0,0.0,0.0,0.0,0.0,0.0,0.0
369,25-26-prem-everton-vs-liverpool,32,0,0,0,0.0,0.0,0,0,0,0,21,0,0.0,0.0,3,0,0.0,0,0.0,0,1,3,0,0,0,0,0,0,0,0.0,0,0.0,0,0,1,0,0.1,0.1,0,5,1,0.0,1,0,1,0,0.0,0.0,0.0,0,58,102,0,0,0,0.0,0.0,0.0,0.0,0.0,0.0,0.0
82,25-26-prem-burnley-vs-manchester-city,65,0,0,0,0.27,0.25,0,0,0,6,48,34,97.0,1.0,0,0,0.0,0,0.0,1,1,1,0,0,0,1,2,5,2,29.0,0,0.0,0,0,0,0,0.0,0.0,0,0,0,1.0,0,0,0,0,0.0,0.0,0.0,0,0,65,0,0,0,0.0,0.0,0.0,0.0,0.0,0.0,0.0
680,25-26-prem-burnley-vs-manchester-city,8,0,0,0,0.0,0.0,0,0,0,0,4,1,100.0,0.0,0,0,0.0,0,0.0,0,0,0,0,1,1,0,2,0,1,100.0,1,100.0,1,0,0,0,0.0,0.0,0,0,0,0.0,0,0,0,0,0.0,0.0,0.0,0,82,90,0,0,0,0.0,0.0,0.0,0.0,0.0,0.0,0.0
499,25-26-prem-everton-vs-liverpool,72,0,0,0,0.12,0.0,1,0,0,2,9,3,60.0,0.0,0,0,0.0,0,0.0,0,0,0,0,0,0,1,1,6,0,0.0,1,25.0,0,0,0,0,0.0,0.0,0,0,0,1.0,0,0,0,0,0.0,0.0,0.32,0,0,72,1,0,0,0.0,0.0,0.0,0.0,0.0,0.0,0.0
288,25-26-prem-everton-vs-liverpool,0,0,0,0,0.0,0.0,0,0,0,0,0,0,0.0,0.0,0,0,0.0,0,0.0,0,0,0,0,0,0,0,0,0,0,0.0,0,0.0,0,0,0,0,0.0,0.0,0,0,0,0.0,0,0,0,0,0.0,0.0,0.0,0,0,102,2,0,0,0.0,0.0,0.0,0.0,0.0,0.0,0.0
338,25-26-prem-brentford-vs-fulham,67,0,0,0,0.0,0.0,0,0,0,1,15,2,29.0,0.0,1,0,0.0,0,0.0,0,0,0,1,2,2,2,4,9,0,0.0,4,40.0,0,0,0,0,0.0,0.0,0,0,0,1.0,0,0,0,0,0.0,0.0,0.0,0,0,67,0,0,0,0.0,0.0,0.0,0.0,0.0,0.0,0.0
130,25-26-prem-brentford-vs-fulham,0,0,0,0,0.0,0.0,0,0,0,0,0,0,0.0,0.0,0,0,0.0,0,0.0,0,0,0,0,0,0,0,0,0,0,0.0,0,0.0,0,0,0,0,0.0,0.0,0,0,0,0.0,0,0,0,0,0.0,0.0,0.0,0,0,90,0,0,0,0.0,0.0,0.0,0.0,0.0,0.0,0.0
693,25-26-prem-nottingham-forest-vs-burnley,88,0,1,0,0.0,0.1,0,0,0,3,45,25,86.0,1.0,1,0,0.0,0,0.0,1,0,3,0,0,0,0,5,6,5,45.0,0,0.0,1,0,0,0,0.0,0.0,0,0,0,6.0,0,0,0,0,0.0,0.0,0.0,0,0,88,1,0,0,0.0,0.0,0.0,0.0,0.0,0.0,0.0
387,25-26-prem-everton-vs-liverpool,90,0,1,0,0.07,0.22,0,0,0,0,76,54,93.0,1.0,4,1,20.0,3,75.0,2,0,4,0,0,0,0,2,7,2,25.0,0,0.0,0,2,0,0,0.0,0.0,0,0,0,3.0,0,0,0,0,0.0,0.0,0.0,0,0,102,1,0,0,0.0,0.0,0.0,0.0,0.0,0.0,0.0
292,25-26-prem-everton-vs-liverpool,90,0,0,0,0.0,0.02,0,0,0,0,67,30,73.0,0.0,9,0,0.0,3,33.0,4,2,4,0,6,4,0,6,1,5,83.0,1,100.0,1,0,0,0,0.0,0.0,0,0,0,1.0,0,0,0,0,0.0,0.0,0.0,0,0,102,2,0,0,0.0,0.0,0.0,0.0,0.0,0.0,0.0
98,25-26-prem-newcastle-united-vs-afc-bournemouth,1,0,0,0,0.0,0.0,0,0,0,0,5,1,100.0,0.0,0,0,0.0,0,0.0,0,0,1,0,2,2,0,2,1,1,50.0,1,100.0,1,0,0,0,0.0,0.0,0,0,0,1.0,0,0,0,0,0.0,0.0,0.0,0,89,94,0,0,0,0.0,0.0,0.0,0.0,0.0,0.0,0.0
489,25-26-prem-newcastle-united-vs-afc-bournemouth,28,0,0,0,0.08,0.01,0,0,0,1,16,5,83.0,0.0,1,1,100.0,0,0.0,0,0,0,0,1,0,0,1,3,1,25.0,0,0.0,1,2,0,0,0.0,0.0,0,0,0,0.0,0,0,0,0,0.0,0.0,0.0,0,62,94,1,0,0,0.0,0.0,0.0,0.0,0.0,0.0,0.0
72,25-26-prem-newcastle-united-vs-afc-bournemouth,90,0,0,0,0.0,0.09,0,0,0,1,65,42,76.0,1.0,12,0,0.0,4,40.0,2,1,5,3,1,0,1,8,5,3,60.0,5,62.0,1,1,0,0,0.0,0.0,0,0,0,0.0,0,0,0,0,0.0,0.0,0.0,0,0,94,1,0,0,0.0,0.0,0.0,0.0,0.0,0.0,0.0
84,25-26-prem-newcastle-united-vs-afc-bournemouth,89,1,0,0,1.18,0.48,1,0,0,10,57,18,67.0,3.0,0,2,40.0,0,0.0,0,0,7,1,1,1,1,5,8,5,45.0,0,0.0,2,2,0,0,0.0,0.0,0,0,0,1.0,0,0,0,0,0.0,0.0,0.99,0,0,89,1,0,0,0.0,0.0,0.0,0.0,0.0,0.0,0.0
494,25-26-prem-newcastle-united-vs-afc-bournemouth,0,0,0,0,0.0,0.0,0,0,0,0,0,0,0.0,0.0,0,0,0.0,0,0.0,0,0,0,0,0,0,0,0,0,0,0.0,0,0.0,0,0,0,0,0.0,0.0,0,0,0,0.0,0,0,0,0,0.0,0.0,0.0,0,0,94,2,0,0,0.0,0.0,0.0,0.0,0.0,0.0,0.0
477,25-26-prem-newcastle-united-vs-afc-bournemouth,74,0,0,0,0.0,0.03,0,0,0,2,65,37,86.0,0.0,3,0,0.0,0,0.0,2,0,1,0,3,0,0,6,1,3,75.0,3,100.0,1,0,0,0,0.0,0.0,0,0,0,1.0,0,0,0,0,0.0,0.0,0.0,0,0,74,1,0,0,0.0,0.0,0.0,0.0,0.0,0.0,0.0
684,25-26-prem-newcastle-united-vs-afc-bournemouth,90,0,0,0,0.24,0.01,1,0,0,3,43,32,97.0,0.0,5,0,0.0,1,50.0,1,0,4,0,4,2,0,5,1,2,67.0,3,100.0,1,1,0,0,0.0,0.0,0,0,0,0.0,0,0,0,0,0.0,0.0,0.0,0,0,94,2,0,0,0.0,0.0,0.0,0.0,0.0,0.0,0.0
303,25-26-prem-everton-vs-liverpool,90,0,0,0,0.02,0.1,0,0,0,0,55,30,77.0,1.0,9,1,33.0,2,50.0,9,0,3,1,0,0,2,9,4,9,69.0,0,0.0,0,2,0,0,0.0,0.0,0,0,0,0.0,0,0,0,0,0.0,0.0,0.0,0,0,102,2,0,0,0.0,0.0,0.0,0.0,0.0,0.0,0.0
581,25-26-prem-tottenham-hotspur-vs-brighton-hove-albion,0,0,0,0,0.0,0.0,0,0,0,0,0,0,0.0,0.0,0,0,0.0,0,0.0,0,0,0,0,0,0,0,0,0,0,0.0,0,0.0,0,0,0,0,0.0,0.0,0,0,0,0.0,0,0,0,0,0.0,0.0,0.0,0,0,95,2,0,0,0.0,0.0,0.0,0.0,0.0,0.0,0.0
596,25-26-prem-tottenham-hotspur-vs-brighton-hove-albion,90,0,0,0,0.05,0.03,1,0,0,3,34,14,78.0,1.0,3,0,0.0,0,0.0,1,0,4,0,1,0,0,7,13,5,50.0,2,20.0,2,1,0,0,0.0,0.0,0,0,0,2.0,0,0,0,0,0.0,0.0,0.01,0,0,95,2,0,0,0.0,0.0,0.0,0.0,0.0,0.0,0.0
252,25-26-prem-chelsea-vs-manchester-united,0,0,0,0,0.0,0.0,0,0,0,0,0,0,0.0,0.0,0,0,0.0,0,0.0,0,0,0,0,0,0,0,0,0,0,0.0,0,0.0,0,0,0,0,0.0,0.0,0,0,0,0.0,0,0,0,0,0.0,0.0,0.0,0,0,94,1,0,0,0.0,0.0,0.0,0.0,0.0,0.0,0.0
354,25-26-prem-leeds-united-vs-wolverhampton-wanderers,90,0,0,0,0.51,0.01,1,0,0,2,72,52,87.0,0.0,5,0,0.0,3,50.0,0,1,4,0,0,0,0,1,4,0,0.0,1,25.0,0,1,0,0,0.0,0.0,0,0,0,0.0,0,0,0,0,0.0,0.0,0.34,0,0,102,0,0,0,0.0,0.0,0.0,0.0,0.0,0.0,0.0
708,25-26-prem-crystal-palace-vs-west-ham-united,90,0,0,0,0.0,0.04,0,0,0,1,69,49,88.0,0.0,9,0,0.0,6,86.0,3,0,10,0,0,0,1,8,1,7,88.0,1,100.0,4,1,0,0,0.0,0.0,0,0,0,0.0,0,0,0,0,0.0,0.0,0.0,0,0,92,0,0,0,0.0,0.0,0.0,0.0,0.0,0.0,0.0
561,25-26-prem-aston-villa-vs-sunderland,0,0,0,0,0.0,0.0,0,0,0,0,0,0,0.0,0.0,0,0,0.0,0,0.0,0,0,0,0,0,0,0,0,0,0,0.0,0,0.0,0,0,0,0,0.0,0.0,0,0,0,0.0,0,0,0,0,0.0,0.0,0.0,0,0,98,4,0,0,0.0,0.0,0.0,0.0,0.0,0.0,0.0
390,25-26-prem-everton-vs-liverpool,90,0,0,0,0.03,0.04,0,0,0,0,63,46,84.0,1.0,6,0,0.0,0,0.0,1,1,3,0,1,1,1,3,5,2,29.0,1,100.0,1,3,0,0,0.0,0.0,0,0,0,1.0,0,0,0,0,0.0,0.0,0.0,0,0,102,1,0,0,0.0,0.0,0.0,0.0,0.0,0.0,0.0
299,25-26-prem-everton-vs-liverpool,90,0,0,0,0.07,0.01,1,0,0,4,55,28,88.0,1.0,2,0,0.0,0,0.0,4,1,8,0,0,0,0,9,5,9,69.0,0,0.0,2,1,0,0,0.0,0.0,0,0,0,0.0,0,0,0,0,0.0,0.0,0.1,0,0,102,2,0,0,0.0,0.0,0.0,0.0,0.0,0.0,0.0
270,25-26-prem-crystal-palace-vs-west-ham-united,59,0,0,0,0.0,0.01,0,0,0,1,32,18,78.0,0.0,3,0,0.0,2,50.0,0,0,2,0,0,0,3,1,5,1,17.0,0,0.0,1,1,0,0,0.0,0.0,0,0,0,1.0,0,0,0,0,0.0,0.0,0.0,0,0,59,0,0,0,0.0,0.0,0.0,0.0,0.0,0.0,0.0
365,25-26-prem-afc-bournemouth-vs-leeds-united,26,0,0,0,0.33,0.08,0,0,0,9,13,5,83.0,1.0,0,0,0.0,0,0.0,0,0,0,0,0,0,0,2,2,1,100.0,1,33.0,0,0,0,0,0.0,0.0,0,0,0,0.0,0,0,0,0,0.0,0.0,0.0,0,64,97,1,0,0,0.0,0.0,0.0,0.0,0.0,0.0,0.0
304,25-26-prem-everton-vs-liverpool,0,0,0,0,0.0,0.0,0,0,0,0,0,0,0.0,0.0,0,0,0.0,0,0.0,0,0,0,0,0,0,0,0,0,0,0.0,0,0.0,0,0,0,0,0.0,0.0,0,0,0,0.0,0,0,0,0,0.0,0.0,0.0,0,0,102,2,0,0,0.0,0.0,0.0,0.0,0.0,0.0,0.0
728,25-26-prem-everton-vs-liverpool,0,0,0,0,0.0,0.0,0,0,0,0,0,0,0.0,0.0,0,0,0.0,0,0.0,0,0,0,0,0,0,0,0,0,0,0.0,0,0.0,0,0,0,0,0.0,0.0,0,0,0,0.0,0,0,0,0,0.0,0.0,0.0,0,0,102,2,0,0,0.0,0.0,0.0,0.0,0.0,0.0,0.0
707,25-26-prem-everton-vs-liverpool,0,0,0,0,0.0,0.0,0,0,0,0,0,0,0.0,0.0,0,0,0.0,0,0.0,0,0,0,0,0,0,0,0,0,0,0.0,0,0.0,0,0,0,0,0.0,0.0,0,0,0,0.0,0,0,0,0,0.0,0.0,0.0,0,0,102,2,0,0,0.0,0.0,0.0,0.0,0.0,0.0,0.0
368,25-26-prem-everton-vs-liverpool,0,0,0,0,0.0,0.0,0,0,0,0,0,0,0.0,0.0,0,0,0.0,0,0.0,0,0,0,0,0,0,0,0,0,0,0.0,0,0.0,0,0,0,0,0.0,0.0,0,0,0,0.0,0,0,0,0,0.0,0.0,0.0,0,0,102,1,0,0,0.0,0.0,0.0,0.0,0.0,0.0,0.0
310,25-26-prem-everton-vs-liverpool,17,0,0,0,0.0,0.01,0,0,0,0,9,3,50.0,0.0,0,0,0.0,0,0.0,0,0,0,0,0,0,0,2,2,0,0.0,2,50.0,0,2,0,0,0.0,0.0,0,0,0,0.0,0,0,0,0,0.0,0.0,0.0,0,73,102,1,0,0,0.0,0.0,0.0,0.0,0.0,0.0,0.0
396,25-26-prem-everton-vs-liverpool,0,0,0,0,0.0,0.0,0,0,0,0,0,0,0.0,0.0,0,0,0.0,0,0.0,0,0,0,0,0,0,0,0,0,0,0.0,0,0.0,0,0,0,0,0.0,0.0,0,0,0,0.0,0,0,0,0,0.0,0.0,0.0,0,0,102,1,0,0,0.0,0.0,0.0,0.0,0.0,0.0,0.0
686,25-26-prem-everton-vs-liverpool,18,0,0,0,0.1,0.01,0,0,0,3,9,4,80.0,0.0,0,0,0.0,0,0.0,0,0,0,0,0,0,0,0,2,0,0.0,0,0.0,0,0,0,0,0.0,0.0,0,0,0,1.0,0,0,0,0,0.0,0.0,0.0,0,72,102,0,0,0,0.0,0.0,0.0,0.0,0.0,0.0,0.0
52,25-26-prem-newcastle-united-vs-afc-bournemouth,62,0,0,0,0.07,0.06,0,0,0,4,33,19,83.0,2.0,6,0,0.0,0,0.0,1,0,1,0,1,0,1,1,5,1,20.0,0,0.0,0,0,0,0,0.0,0.0,0,0,0,2.0,0,0,0,0,0.0,0.0,0.0,0,0,62,1,0,0,0.0,0.0,0.0,0.0,0.0,0.0,0.0
486,25-26-prem-newcastle-united-vs-afc-bournemouth,62,0,0,0,0.0,0.03,0,0,0,5,34,14,67.0,0.0,2,0,0.0,1,100.0,0,0,1,0,1,1,2,3,5,2,33.0,1,50.0,0,0,0,0,0.0,0.0,0,0,0,1.0,0,0,0,0,0.0,0.0,0.0,0,0,62,1,0,0,0.0,0.0,0.0,0.0,0.0,0.0,0.0
324,25-26-prem-brentford-vs-fulham,43,0,0,0,0.03,0.07,0,0,0,3,28,16,76.0,1.0,2,0,0.0,0,0.0,3,0,3,0,1,0,0,3,1,3,75.0,0,0.0,0,0,0,0,0.0,0.0,0,0,0,1.0,0,0,0,0,0.0,0.0,0.0,0,0,43,0,0,0,0.0,0.0,0.0,0.0,0.0,0.0,0.0
74,25-26-prem-newcastle-united-vs-afc-bournemouth,90,1,0,0,0.49,0.02,1,0,0,2,52,28,88.0,0.0,4,0,0.0,0,0.0,2,2,4,0,4,2,1,4,6,3,43.0,1,33.0,1,0,0,0,0.0,0.0,0,0,0,0.0,0,0,0,0,0.0,0.0,0.98,0,0,94,1,0,0,0.0,0.0,0.0,0.0,0.0,0.0,0.0
473,25-26-prem-newcastle-united-vs-afc-bournemouth,45,0,0,0,0.0,0.0,0,0,0,0,37,13,76.0,0.0,4,0,0.0,1,50.0,3,0,2,0,0,0,1,6,6,6,67.0,0,0.0,2,0,0,0,0.0,0.0,0,0,0,1.0,0,0,0,0,0.0,0.0,0.0,0,0,46,1,0,0,0.0,0.0,0.0,0.0,0.0,0.0,0.0
90,25-26-prem-newcastle-united-vs-afc-bournemouth,90,0,0,0,0.0,0.61,0,0,0,1,64,43,93.0,1.0,5,1,100.0,2,67.0,3,0,5,0,2,1,0,7,2,6,75.0,1,100.0,2,2,0,0,0.0,0.0,0,0,0,0.0,0,0,0,0,0.0,0.0,0.0,0,0,94,1,0,0,0.0,0.0,0.0,0.0,0.0,0.0,0.0
110,25-26-prem-brentford-vs-fulham,90,0,0,0,0.0,0.06,0,0,0,1,52,26,90.0,1.0,4,0,0.0,0,0.0,1,0,3,1,1,0,0,4,1,3,75.0,1,100.0,1,0,0,0,0.0,0.0,0,0,0,0.0,0,0,0,0,0.0,0.0,0.0,0,0,90,0,0,0,0.0,0.0,0.0,0.0,0.0,0.0,0.0
391,25-26-prem-newcastle-united-vs-afc-bournemouth,12,0,0,0,0.0,0.0,0,0,0,1,13,6,86.0,0.0,0,0,0.0,0,0.0,3,0,2,0,0,0,1,4,3,4,67.0,0,0.0,0,0,0,0,0.0,0.0,0,0,0,0.0,0,0,0,0,0.0,0.0,0.0,0,78,94,0,0,0,0.0,0.0,0.0,0.0,0.0,0.0,0.0
481,25-26-prem-newcastle-united-vs-afc-bournemouth,0,0,0,0,0.0,0.0,0,0,0,0,0,0,0.0,0.0,0,0,0.0,0,0.0,0,0,0,0,0,0,0,0,0,0,0.0,0,0.0,0,0,0,0,0.0,0.0,0,0,0,0.0,0,0,0,0,0.0,0.0,0.0,0,0,94,2,0,0,0.0,0.0,0.0,0.0,0.0,0.0,0.0
409,25-26-prem-manchester-city-vs-arsenal,0,0,0,0,0.0,0.0,0,0,0,0,0,0,0.0,0.0,0,0,0.0,0,0.0,0,0,0,0,0,0,0,0,0,0,0.0,0,0.0,0,0,0,0,0.0,0.0,0,0,0,0.0,0,0,0,0,0.0,0.0,0.0,0,0,96,1,0,0,0.0,0.0,0.0,0.0,0.0,0.0,0.0
24,25-26-prem-manchester-city-vs-arsenal,0,0,0,0,0.0,0.0,0,0,0,0,0,0,0.0,0.0,0,0,0.0,0,0.0,0,0,0,0,0,0,0,0,0,0,0.0,0,0.0,0,0,0,0,0.0,0.0,0,0,0,0.0,0,0,0,0,0.0,0.0,0.0,0,0,96,2,0,0,0.0,0.0,0.0,0.0,0.0,0.0,0.0
20,25-26-prem-manchester-city-vs-arsenal,16,0,0,0,0.0,0.09,0,0,0,1,15,8,80.0,1.0,1,1,100.0,0,0.0,1,1,1,0,1,0,0,1,0,1,100.0,0,0.0,0,0,0,0,0.0,0.0,0,0,0,0.0,0,0,0,0,0.0,0.0,0.0,0,74,96,0,0,0,0.0,0.0,0.0,0.0,0.0,0.0,0.0
405,25-26-prem-manchester-city-vs-arsenal,1,0,0,0,0.0,0.0,0,0,0,0,1,0,0.0,0.0,0,0,0.0,0,0.0,0,0,0,0,1,1,0,0,0,0,0.0,0,0.0,0,0,0,0,0.0,0.0,0,0,0,0.0,0,0,0,0,0.0,0.0,0.0,0,96,96,0,0,0,0.0,0.0,0.0,0.0,0.0,0.0,0.0
691,25-26-prem-leeds-united-vs-wolverhampton-wanderers,89,1,0,0,1.09,0.0,2,0,0,8,36,8,44.0,0.0,2,0,0.0,0,0.0,0,0,0,2,1,1,0,9,6,4,57.0,5,62.0,4,2,0,0,0.0,0.0,0,0,0,1.0,0,0,0,0,0.0,0.0,1.18,0,0,96,0,1,0,0.0,0.0,0.0,0.0,0.0,0.0,0.0
676,25-26-prem-nottingham-forest-vs-burnley,76,0,0,0,0.0,0.0,0,0,0,0,29,15,88.0,0.0,1,0,0.0,0,0.0,1,1,1,1,0,0,1,3,5,2,40.0,1,33.0,0,1,0,0,0.0,0.0,0,0,0,1.0,0,0,0,0,0.0,0.0,0.0,0,0,76,2,0,0,0.0,0.0,0.0,0.0,0.0,0.0,0.0
421,25-26-prem-manchester-city-vs-arsenal,88,0,0,0,0.04,0.15,0,0,0,1,85,69,93.0,0.0,9,0,0.0,6,75.0,2,0,4,0,5,5,0,9,3,3,100.0,6,67.0,1,0,0,0,0.0,0.0,0,0,0,0.0,0,0,0,0,0.0,0.0,0.0,0,0,88,1,0,0,0.0,0.0,0.0,0.0,0.0,0.0,0.0
430,25-26-prem-manchester-city-vs-arsenal,90,1,0,0,0.81,0.04,1,0,0,6,30,8,53.0,1.0,0,0,0.0,0,0.0,0,0,2,0,2,1,0,4,2,1,50.0,3,75.0,1,0,0,0,0.0,0.0,0,0,0,1.0,0,0,0,0,0.0,0.0,0.43,0,0,96,1,0,0,0.0,0.0,0.0,0.0,0.0,0.0,0.0
30,25-26-prem-manchester-city-vs-arsenal,90,1,0,0,1.25,0.0,2,0,0,6,30,13,76.0,0.0,2,0,0.0,0,0.0,0,0,3,0,0,0,0,5,6,0,0.0,5,50.0,0,1,0,0,0.0,0.0,0,0,0,1.0,0,0,0,0,0.0,0.0,1.32,0,0,96,2,0,0,0.0,0.0,0.0,0.0,0.0,0.0,0.0
348,25-26-prem-leeds-united-vs-wolverhampton-wanderers,1,0,0,0,0.0,0.0,0,0,0,0,8,4,57.0,0.0,0,0,0.0,0,0.0,0,0,0,0,0,0,0,0,0,0,0.0,0,0.0,0,0,0,0,0.0,0.0,0,0,0,0.0,0,0,0,0,0.0,0.0,0.0,0,96,102,0,0,0,0.0,0.0,0.0,0.0,0.0,0.0,0.0
423,25-26-prem-burnley-vs-manchester-city,25,0,0,0,0.02,0.02,0,0,0,0,36,28,93.0,1.0,5,0,0.0,0,0.0,2,1,2,0,0,0,0,3,1,3,75.0,0,0.0,1,0,0,0,0.0,0.0,0,0,0,1.0,0,0,0,0,0.0,0.0,0.0,0,65,90,0,0,0,0.0,0.0,0.0,0.0,0.0,0.0,0.0
374,25-26-prem-everton-vs-liverpool,90,0,0,0,0.0,0.01,0,0,0,0,80,51,85.0,0.0,6,0,0.0,0,0.0,3,3,5,1,7,4,1,9,5,3,75.0,6,60.0,2,0,0,0,0.0,0.0,0,0,0,0.0,0,0,0,0,0.0,0.0,0.0,0,0,102,1,0,0,0.0,0.0,0.0,0.0,0.0,0.0,0.0
371,25-26-prem-everton-vs-liverpool,4,0,0,0,0.0,0.0,0,0,0,1,4,2,100.0,0.0,2,0,0.0,0,0.0,0,0,0,0,0,0,0,0,0,0,0.0,0,0.0,0,0,0,0,0.0,0.0,0,0,0,0.0,0,0,0,0,0.0,0.0,0.0,0,86,102,0,0,0,0.0,0.0,0.0,0.0,0.0,0.0,0.0
418,25-26-prem-manchester-city-vs-arsenal,88,0,0,0,0.11,0.11,1,0,0,6,70,34,81.0,1.0,1,0,0.0,1,100.0,1,0,7,0,1,0,0,10,8,10,56.0,0,0.0,6,1,0,0,0.0,0.0,0,0,0,3.0,0,0,0,0,0.0,0.0,0.14,0,0,88,1,0,0,0.0,0.0,0.0,0.0,0.0,0.0,0.0
6,25-26-prem-manchester-city-vs-arsenal,90,0,0,0,0.0,0.02,0,0,0,0,58,41,91.0,0.0,10,0,0.0,4,57.0,2,1,2,1,6,2,0,3,0,3,100.0,0,0.0,0,0,0,0,0.0,0.0,0,0,0,0.0,0,0,0,0,0.0,0.0,0.0,0,0,96,2,0,0,0.0,0.0,0.0,0.0,0.0,0.0,0.0
725,25-26-prem-manchester-city-vs-arsenal,90,0,0,0,0.0,0.01,0,0,0,1,45,15,68.0,0.0,3,0,0.0,1,33.0,3,0,1,1,5,3,1,4,3,4,67.0,0,0.0,0,0,0,0,0.0,0.0,0,0,0,1.0,0,0,0,0,0.0,0.0,0.0,0,0,96,2,0,0,0.0,0.0,0.0,0.0,0.0,0.0,0.0
415,25-26-prem-manchester-city-vs-arsenal,2,0,0,0,0.0,0.0,0,0,0,0,3,1,50.0,0.0,1,0,0.0,0,0.0,0,0,0,0,1,0,0,0,0,0,0.0,0,0.0,0,0,0,0,0.0,0.0,0,0,0,0.0,0,0,0,0,0.0,0.0,0.0,0,88,96,0,0,0,0.0,0.0,0.0,0.0,0.0,0.0,0.0
182,25-26-prem-manchester-city-vs-arsenal,0,0,0,0,0.0,0.0,0,0,0,0,0,0,0.0,0.0,0,0,0.0,0,0.0,0,0,0,0,0,0,0,0,0,0,0.0,0,0.0,0,0,0,0,0.0,0.0,0,0,0,0.0,0,0,0,0,0.0,0.0,0.0,0,0,96,1,0,0,0.0,0.0,0.0,0.0,0.0,0.0,0.0
423,25-26-prem-manchester-city-vs-arsenal,2,0,0,0,0.0,0.0,0,0,0,0,3,2,67.0,0.0,1,0,0.0,0,0.0,0,0,0,0,0,0,0,1,0,0,0.0,1,100.0,0,0,0,0,0.0,0.0,0,0,0,0.0,0,0,0,0,0.0,0.0,0.0,0,88,96,0,0,0,0.0,0.0,0.0,0.0,0.0,0.0,0.0
11,25-26-prem-manchester-city-vs-arsenal,16,0,0,0,0.0,0.0,0,0,0,0,18,4,44.0,0.0,5,0,0.0,0,0.0,0,0,0,0,1,0,0,0,0,0,0.0,0,0.0,0,0,0,0,0.0,0.0,0,0,0,0.0,0,0,0,0,0.0,0.0,0.0,0,74,96,0,0,0,0.0,0.0,0.0,0.0,0.0,0.0,0.0
636,25-26-prem-leeds-united-vs-wolverhampton-wanderers,90,0,0,0,0.0,0.02,0,0,0,0,68,31,69.0,0.0,7,0,0.0,5,50.0,5,1,5,1,4,3,0,8,7,5,62.0,3,43.0,0,2,0,0,0.0,0.0,0,0,0,0.0,0,0,0,0,0.0,0.0,0.0,0,0,102,3,0,0,0.0,0.0,0.0,0.0,0.0,0.0,0.0
500,25-26-prem-newcastle-united-vs-afc-bournemouth,90,1,0,0,0.39,0.04,1,0,0,6,28,12,86.0,1.0,1,0,0.0,0,0.0,0,0,2,0,0,0,0,3,7,1,25.0,2,33.0,1,0,0,0,0.0,0.0,0,0,0,2.0,0,0,0,0,0.0,0.0,0.43,0,0,94,2,0,0,0.0,0.0,0.0,0.0,0.0,0.0,0.0
143,25-26-prem-brighton-hove-albion-vs-chelsea,90,0,0,0,0.0,0.03,0,0,0,0,99,75,88.0,0.0,13,0,0.0,5,50.0,2,2,1,0,3,0,1,4,1,4,80.0,0,0.0,2,0,0,0,0.0,0.0,0,0,0,0.0,0,0,0,0,0.0,0.0,0.0,0,0,92,0,0,0,0.0,0.0,0.0,0.0,0.0,0.0,0.0
386,25-26-prem-everton-vs-liverpool,6,0,0,0,0.0,0.0,0,0,0,0,8,7,88.0,1.0,0,0,0.0,0,0.0,0,0,0,0,0,0,0,0,2,0,0.0,0,0.0,0,2,0,0,0.0,0.0,0,0,0,0.0,0,0,0,0,0.0,0.0,0.0,0,84,102,0,0,0,0.0,0.0,0.0,0.0,0.0,0.0,0.0
300,25-26-prem-everton-vs-liverpool,80,0,0,0,0.1,0.11,0,0,0,2,36,15,83.0,1.0,4,1,20.0,2,50.0,2,2,4,0,1,0,0,2,2,2,67.0,0,0.0,0,0,0,0,0.0,0.0,0,0,0,1.0,0,0,0,0,0.0,0.0,0.0,0,0,80,1,0,0,0.0,0.0,0.0,0.0,0.0,0.0,0.0
370,25-26-prem-everton-vs-liverpool,6,0,0,0,0.0,0.0,0,0,0,0,6,1,33.0,0.0,1,0,0.0,0,0.0,0,0,0,0,0,0,0,0,2,0,0.0,0,0.0,0,1,0,0,0.0,0.0,0,0,0,1.0,0,0,0,0,0.0,0.0,0.0,0,84,102,0,0,0,0.0,0.0,0.0,0.0,0.0,0.0,0.0
296,25-26-prem-everton-vs-liverpool,0,0,0,0,0.0,0.0,0,0,0,0,0,0,0.0,0.0,0,0,0.0,0,0.0,0,0,0,0,0,0,0,0,0,0,0.0,0,0.0,0,0,0,0,0.0,0.0,0,0,0,0.0,0,0,0,0,0.0,0.0,0.0,0,0,102,2,0,0,0.0,0.0,0.0,0.0,0.0,0.0,0.0
345,25-26-prem-leeds-united-vs-wolverhampton-wanderers,0,0,0,0,0.0,0.0,0,0,0,0,0,0,0.0,0.0,0,0,0.0,0,0.0,0,0,0,0,0,0,0,0,0,0,0.0,0,0.0,0,0,0,0,0.0,0.0,0,0,0,0.0,0,0,0,0,0.0,0.0,0.0,0,0,102,0,0,0,0.0,0.0,0.0,0.0,0.0,0.0,0.0
358,25-26-prem-leeds-united-vs-wolverhampton-wanderers,89,0,0,0,0.03,0.16,0,0,0,1,64,40,91.0,4.0,4,4,44.0,3,100.0,0,1,5,0,1,0,1,3,5,2,29.0,1,100.0,2,3,0,0,0.0,0.0,0,0,0,0.0,0,0,0,0,0.0,0.0,0.0,0,0,96,0,0,0,0.0,0.0,0.0,0.0,0.0,0.0,0.0
406,25-26-prem-burnley-vs-manchester-city,90,0,0,0,0.0,0.02,0,0,0,1,93,75,93.0,0.0,4,0,0.0,1,20.0,1,3,7,1,5,2,0,6,1,2,67.0,4,100.0,0,1,0,0,0.0,0.0,0,0,0,0.0,0,0,0,0,0.0,0.0,0.0,0,0,90,0,0,0,0.0,0.0,0.0,0.0,0.0,0.0,0.0
382,25-26-prem-everton-vs-liverpool,84,0,0,0,0.0,0.25,0,0,0,1,63,42,88.0,4.0,4,0,0.0,1,100.0,0,1,4,0,0,0,0,2,4,2,33.0,0,0.0,1,0,0,0,0.0,0.0,0,0,0,3.0,0,0,0,0,0.0,0.0,0.0,0,0,84,1,0,0,0.0,0.0,0.0,0.0,0.0,0.0,0.0
243,25-26-prem-everton-vs-liverpool,10,0,0,0,0.0,0.0,0,0,0,1,9,2,100.0,0.0,0,0,0.0,0,0.0,2,0,1,0,0,0,0,2,1,2,67.0,0,0.0,0,0,0,0,0.0,0.0,0,0,0,0.0,0,0,0,0,0.0,0.0,0.0,0,80,102,1,0,0,0.0,0.0,0.0,0.0,0.0,0.0,0.0
438,25-26-prem-chelsea-vs-manchester-united,90,0,0,0,0.0,0.01,0,0,0,0,61,43,88.0,0.0,7,0,0.0,1,33.0,2,0,0,0,1,0,0,6,5,5,62.0,1,33.0,3,3,0,0,0.0,0.0,0,0,0,0.0,0,0,0,0,0.0,0.0,0.0,0,0,94,0,0,0,0.0,0.0,0.0,0.0,0.0,0.0,0.0
220,25-26-prem-chelsea-vs-manchester-united,90,0,0,0,0.0,0.0,0,0,0,0,41,0,0.0,0.0,6,0,0.0,0,0.0,0,0,6,0,1,0,0,1,0,0,0.0,1,100.0,1,0,1,1,0.79,-0.21,1,26,3,0.0,0,0,0,0,0.0,0.0,0.0,0,0,94,1,0,0,0.0,0.0,0.0,0.0,0.0,0.0,0.0
226,25-26-prem-chelsea-vs-manchester-united,9,0,0,0,0.0,0.0,0,0,0,0,15,12,92.0,0.0,2,0,0.0,0,0.0,0,0,1,0,0,0,0,0,1,0,0.0,0,0.0,0,0,0,0,0.0,0.0,0,0,0,0.0,0,0,0,0,0.0,0.0,0.0,0,81,94,0,0,0,0.0,0.0,0.0,0.0,0.0,0.0,0.0
662,25-26-prem-manchester-city-vs-arsenal,74,0,0,0,0.1,0.01,0,0,0,1,40,22,96.0,0.0,3,0,0.0,0,0.0,3,0,3,1,3,2,1,5,8,4,40.0,1,33.0,1,4,0,0,0.0,0.0,0,0,0,1.0,0,0,0,0,0.0,0.0,0.0,0,0,74,2,0,0,0.0,0.0,0.0,0.0,0.0,0.0,0.0
411,25-26-prem-manchester-city-vs-arsenal,90,0,0,0,0.0,0.35,0,0,0,4,72,36,78.0,1.0,4,0,0.0,0,0.0,1,2,5,2,3,2,0,5,5,3,50.0,2,50.0,1,1,0,0,0.0,0.0,0,0,0,1.0,0,0,0,0,0.0,0.0,0.0,0,0,96,1,0,0,0.0,0.0,0.0,0.0,0.0,0.0,0.0
406,25-26-prem-manchester-city-vs-arsenal,90,0,0,0,0.11,0.11,1,0,0,2,57,39,93.0,2.0,2,1,50.0,2,50.0,1,4,4,1,5,1,0,4,2,1,100.0,3,60.0,0,0,0,0,0.0,0.0,0,0,0,0.0,0,0,0,0,0.0,0.0,0.0,0,0,96,1,0,0,0.0,0.0,0.0,0.0,0.0,0.0,0.0
10,25-26-prem-manchester-city-vs-arsenal,0,0,0,0,0.0,0.0,0,0,0,0,0,0,0.0,0.0,0,0,0.0,0,0.0,0,0,0,0,0,0,0,0,0,0,0.0,0,0.0,0,0,0,0,0.0,0.0,0,0,0,0.0,0,0,0,0,0.0,0.0,0.0,0,0,96,2,0,0,0.0,0.0,0.0,0.0,0.0,0.0,0.0
73,25-26-prem-afc-bournemouth-vs-leeds-united,0,0,0,0,0.0,0.0,0,0,0,0,0,0,0.0,0.0,0,0,0.0,0,0.0,0,0,0,0,0,0,0,0,0,0,0.0,0,0.0,0,0,0,0,0.0,0.0,0,0,0,0.0,0,0,0,0,0.0,0.0,0.0,0,0,97,2,0,0,0.0,0.0,0.0,0.0,0.0,0.0,0.0
341,25-26-prem-afc-bournemouth-vs-leeds-united,90,0,0,0,0.0,0.0,0,0,0,0,52,0,0.0,0.0,10,0,0.0,0,0.0,1,0,16,0,3,0,0,1,0,1,100.0,0,0.0,0,0,5,2,2.02,0.02,1,17,6,0.0,1,0,3,0,0.0,0.0,0.0,0,0,97,2,0,0,0.0,0.0,0.0,0.0,0.0,0.0,0.0
87,25-26-prem-afc-bournemouth-vs-leeds-united,73,0,0,0,0.27,0.07,2,0,0,4,41,25,78.0,1.0,8,0,0.0,4,80.0,0,0,7,0,1,0,1,3,4,1,33.0,2,50.0,1,0,0,0,0.0,0.0,0,0,0,0.0,0,0,0,0,0.0,0.0,0.37,0,0,73,1,0,0,0.0,0.0,0.0,0.0,0.0,0.0,0.0
98,25-26-prem-afc-bournemouth-vs-leeds-united,0,0,0,0,0.0,0.0,0,0,0,0,0,0,0.0,0.0,0,0,0.0,0,0.0,0,0,0,0,0,0,0,0,0,0,0.0,0,0.0,0,0,0,0,0.0,0.0,0,0,0,0.0,0,0,0,0,0.0,0.0,0.0,0,0,97,2,0,0,0.0,0.0,0.0,0.0,0.0,0.0,0.0
665,25-26-prem-afc-bournemouth-vs-leeds-united,0,0,0,0,0.0,0.0,0,0,0,0,0,0,0.0,0.0,0,0,0.0,0,0.0,0,0,0,0,0,0,0,0,0,0,0.0,0,0.0,0,0,0,0,0.0,0.0,0,0,0,0.0,0,0,0,0,0.0,0.0,0.0,0,0,97,2,0,0,0.0,0.0,0.0,0.0,0.0,0.0,0.0
86,25-26-prem-afc-bournemouth-vs-leeds-united,67,0,0,0,0.22,0.07,0,0,0,3,38,17,68.0,1.0,0,1,20.0,1,100.0,0,1,1,0,0,0,0,0,5,0,0.0,0,0.0,0,0,0,0,0.0,0.0,0,0,0,0.0,0,0,0,0,0.0,0.0,0.0,0,0,67,0,0,0,0.0,0.0,0.0,0.0,0.0,0.0,0.0
706,25-26-prem-afc-bournemouth-vs-leeds-united,90,0,0,0,0.0,0.0,0,0,0,0,54,24,83.0,0.0,7,0,0.0,2,67.0,3,2,2,1,4,2,0,5,1,4,100.0,1,50.0,1,0,0,0,0.0,0.0,0,0,0,0.0,0,0,0,0,0.0,0.0,0.0,0,0,97,2,0,0,0.0,0.0,0.0,0.0,0.0,0.0,0.0
348,25-26-prem-afc-bournemouth-vs-leeds-united,45,0,0,0,0.02,0.08,1,0,0,2,30,11,61.0,0.0,3,0,0.0,0,0.0,1,0,0,0,5,4,0,4,3,1,50.0,3,60.0,0,1,0,0,0.0,0.0,0,0,0,0.0,0,0,0,0,0.0,0.0,0.01,0,46,97,2,0,0,0.0,0.0,0.0,0.0,0.0,0.0,0.0
353,25-26-prem-afc-bournemouth-vs-leeds-united,0,0,0,0,0.0,0.0,0,0,0,0,0,0,0.0,0.0,0,0,0.0,0,0.0,0,0,0,0,0,0,0,0,0,0,0.0,0,0.0,0,0,0,0,0.0,0.0,0,0,0,0.0,0,0,0,0,0.0,0.0,0.0,0,0,97,2,0,0,0.0,0.0,0.0,0.0,0.0,0.0,0.0
202,25-26-prem-nottingham-forest-vs-burnley,14,0,0,0,0.0,0.01,0,0,0,0,11,5,83.0,0.0,0,0,0.0,0,0.0,0,0,1,0,0,0,0,0,1,0,0.0,0,0.0,0,0,0,0,0.0,0.0,0,0,0,1.0,0,0,0,0,0.0,0.0,0.0,0,76,98,2,0,0,0.0,0.0,0.0,0.0,0.0,0.0,0.0
200,25-26-prem-nottingham-forest-vs-burnley,83,0,0,0,0.0,0.04,0,0,0,3,42,23,77.0,1.0,3,1,25.0,0,0.0,0,1,1,0,0,0,1,2,2,2,50.0,0,0.0,1,0,0,0,0.0,0.0,0,0,0,0.0,0,0,0,0,0.0,0.0,0.0,0,0,83,3,0,0,0.0,0.0,0.0,0.0,0.0,0.0,0.0
736,25-26-prem-manchester-city-vs-arsenal,90,0,0,0,0.0,0.0,0,0,0,0,52,0,0.0,0.0,3,0,0.0,0,0.0,0,0,11,0,1,0,0,0,0,0,0.0,0,0.0,0,0,1,1,1.32,0.32,0,34,9,0.0,0,0,1,0,0.0,0.0,0.0,0,0,96,1,0,0,0.0,0.0,0.0,0.0,0.0,0.0,0.0
807,25-26-prem-newcastle-united-vs-afc-bournemouth,78,0,1,0,0.03,0.27,0,0,0,2,46,20,67.0,1.0,5,0,0.0,0,0.0,1,1,5,0,0,0,0,6,5,2,50.0,4,57.0,0,0,0,0,0.0,0.0,0,0,0,1.0,0,0,0,0,0.0,0.0,0.0,0,0,78,1,0,0,0.0,0.0,0.0,0.0,0.0,0.0,0.0
659,25-26-prem-crystal-palace-vs-west-ham-united,90,0,0,0,0.0,0.01,0,0,0,1,63,27,75.0,0.0,10,0,0.0,0,0.0,2,0,6,0,2,1,0,5,3,5,62.0,0,0.0,2,0,0,0,0.0,0.0,0,0,0,2.0,0,0,0,0,0.0,0.0,0.0,0,0,92,0,0,0,0.0,0.0,0.0,0.0,0.0,0.0,0.0
610,25-26-prem-crystal-palace-vs-west-ham-united,0,0,0,0,0.0,0.0,0,0,0,0,0,0,0.0,0.0,0,0,0.0,0,0.0,0,0,0,0,0,0,0,0,0,0,0.0,0,0.0,0,0,0,0,0.0,0.0,0,0,0,0.0,0,0,0,0,0.0,0.0,0.0,0,0,92,0,0,0,0.0,0.0,0.0,0.0,0.0,0.0,0.0
267,25-26-prem-crystal-palace-vs-west-ham-united,31,0,0,0,0.0,0.01,0,0,0,1,9,5,83.0,1.0,0,0,0.0,0,0.0,0,0,2,0,0,0,1,1,2,1,33.0,0,0.0,1,0,0,0,0.0,0.0,0,0,0,0.0,0,0,0,0,0.0,0.0,0.0,0,59,92,0,0,0,0.0,0.0,0.0,0.0,0.0,0.0,0.0
85,25-26-prem-afc-bournemouth-vs-leeds-united,17,0,1,0,0.0,0.11,0,0,0,0,16,9,75.0,1.0,0,1,100.0,0,0.0,0,1,1,0,1,0,0,2,0,0,0.0,2,100.0,0,0,0,0,0.0,0.0,0,0,0,0.0,0,0,0,0,0.0,0.0,0.0,0,73,97,1,0,0,0.0,0.0,0.0,0.0,0.0,0.0,0.0
77,25-26-prem-afc-bournemouth-vs-leeds-united,90,0,0,0,0.1,0.01,0,0,0,1,68,38,83.0,1.0,8,0,0.0,1,12.0,2,3,6,1,4,2,1,8,3,2,67.0,6,75.0,0,0,0,0,0.0,0.0,0,0,0,0.0,0,0,0,0,0.0,0.0,0.0,0,0,97,2,0,0,0.0,0.0,0.0,0.0,0.0,0.0,0.0
685,25-26-prem-afc-bournemouth-vs-leeds-united,0,0,0,0,0.0,0.0,0,0,0,0,0,0,0.0,0.0,0,0,0.0,0,0.0,0,0,0,0,0,0,0,0,0,0,0.0,0,0.0,0,0,0,0,0.0,0.0,0,0,0,0.0,0,0,0,0,0.0,0.0,0.0,0,0,97,2,0,0,0.0,0.0,0.0,0.0,0.0,0.0,0.0
67,25-26-prem-afc-bournemouth-vs-leeds-united,90,0,0,0,0.0,0.0,0,0,0,0,24,0,0.0,0.0,3,0,0.0,0,0.0,0,0,3,0,0,0,0,0,0,0,0.0,0,0.0,0,0,2,2,0.95,-0.05,0,9,4,0.0,1,0,2,0,0.0,0.0,0.0,0,0,97,2,0,0,0.0,0.0,0.0,0.0,0.0,0.0,0.0
697,25-26-prem-afc-bournemouth-vs-leeds-united,17,0,0,0,0.06,0.03,0,0,0,3,17,11,85.0,1.0,0,0,0.0,0,0.0,0,0,1,0,0,0,0,3,0,0,0.0,3,100.0,0,0,0,0,0.0,0.0,0,0,0,0.0,0,0,0,0,0.0,0.0,0.0,0,73,97,1,0,0,0.0,0.0,0.0,0.0,0.0,0.0,0.0
97,25-26-prem-afc-bournemouth-vs-leeds-united,90,0,0,0,0.19,0.06,0,0,0,8,35,14,74.0,2.0,0,0,0.0,0,0.0,0,0,0,0,2,2,0,2,10,0,0.0,2,25.0,0,1,0,0,0.0,0.0,0,0,0,2.0,0,0,0,0,0.0,0.0,0.0,0,0,97,2,0,0,0.0,0.0,0.0,0.0,0.0,0.0,0.0
263,25-26-prem-crystal-palace-vs-west-ham-united,0,0,0,0,0.0,0.0,0,0,0,0,0,0,0.0,0.0,0,0,0.0,0,0.0,0,0,0,0,0,0,0,0,0,0,0.0,0,0.0,0,0,0,0,0.0,0.0,0,0,0,0.0,0,0,0,0,0.0,0.0,0.0,0,0,92,0,0,0,0.0,0.0,0.0,0.0,0.0,0.0,0.0
671,25-26-prem-crystal-palace-vs-west-ham-united,15,0,0,0,0.0,0.0,0,0,0,1,4,1,50.0,0.0,0,0,0.0,0,0.0,0,0,0,0,0,0,0,1,2,0,0.0,1,50.0,0,0,0,0,0.0,0.0,0,0,0,1.0,0,0,0,0,0.0,0.0,0.0,0,75,92,0,0,0,0.0,0.0,0.0,0.0,0.0,0.0,0.0
74,25-26-prem-afc-bournemouth-vs-leeds-united,90,0,0,0,0.06,0.07,1,0,0,3,104,53,90.0,0.0,8,3,43.0,1,50.0,3,2,5,1,5,2,0,7,4,7,78.0,0,0.0,4,1,0,0,0.0,0.0,0,0,0,1.0,0,0,0,0,0.0,0.0,0.02,0,0,97,2,0,0,0.0,0.0,0.0,0.0,0.0,0.0,0.0
90,25-26-prem-afc-bournemouth-vs-leeds-united,90,0,0,0,0.06,0.23,1,0,0,1,83,51,85.0,2.0,8,3,38.0,2,50.0,1,3,7,0,3,2,2,6,6,4,57.0,2,40.0,2,0,0,0,0.0,0.0,0,0,0,1.0,0,0,0,0,0.0,0.0,0.03,0,0,97,2,0,0,0.0,0.0,0.0,0.0,0.0,0.0,0.0
254,25-26-prem-crystal-palace-vs-west-ham-united,0,0,0,0,0.0,0.0,0,0,0,0,0,0,0.0,0.0,0,0,0.0,0,0.0,0,0,0,0,0,0,0,0,0,0,0.0,0,0.0,0,0,0,0,0.0,0.0,0,0,0,0.0,0,0,0,0,0.0,0.0,0.0,0,0,92,0,0,0,0.0,0.0,0.0,0.0,0.0,0.0,0.0
209,25-26-prem-burnley-vs-manchester-city,87,0,0,0,0.0,0.03,0,0,0,2,42,23,92.0,1.0,2,0,0.0,0,0.0,2,2,5,0,1,0,2,3,7,3,30.0,0,0.0,1,2,0,0,0.0,0.0,0,0,0,2.0,0,0,0,0,0.0,0.0,0.0,0,0,87,1,0,0,0.0,0.0,0.0,0.0,0.0,0.0,0.0
736,25-26-prem-burnley-vs-manchester-city,90,0,0,0,0.0,0.0,0,0,0,0,22,0,0.0,0.0,0,0,0.0,0,0.0,0,0,4,0,0,0,0,0,0,0,0.0,0,0.0,0,0,1,0,0.51,0.51,0,18,2,0.0,0,0,1,0,0.0,0.0,0.0,0,0,90,0,0,0,0.0,0.0,0.0,0.0,0.0,0.0,0.0
272,25-26-prem-crystal-palace-vs-west-ham-united,90,0,0,0,0.13,0.16,1,0,0,3,60,33,79.0,1.0,7,1,100.0,1,20.0,0,1,8,1,1,0,0,7,6,3,75.0,4,44.0,3,0,0,0,0.0,0.0,0,0,0,1.0,0,0,0,0,0.0,0.0,0.05,0,0,92,0,0,0,0.0,0.0,0.0,0.0,0.0,0.0,0.0
690,25-26-prem-crystal-palace-vs-west-ham-united,0,0,0,0,0.0,0.0,0,0,0,0,0,0,0.0,0.0,0,0,0.0,0,0.0,0,0,0,0,0,0,0,0,0,0,0.0,0,0.0,0,0,0,0,0.0,0.0,0,0,0,0.0,0,0,0,0,0.0,0.0,0.0,0,0,92,0,0,0,0.0,0.0,0.0,0.0,0.0,0.0,0.0
603,25-26-prem-crystal-palace-vs-west-ham-united,90,0,0,0,0.01,0.13,0,0,0,0,73,24,60.0,2.0,7,3,43.0,2,18.0,0,0,2,0,5,3,0,3,8,3,43.0,0,0.0,3,3,0,0,0.0,0.0,0,0,0,1.0,0,0,0,0,0.0,0.0,0.0,0,0,92,0,0,0,0.0,0.0,0.0,0.0,0.0,0.0,0.0
331,25-26-prem-brentford-vs-fulham,81,0,0,0,0.0,0.25,0,0,0,0,75,64,97.0,2.0,4,0,0.0,3,75.0,1,0,3,0,0,0,0,3,1,2,67.0,1,100.0,0,0,0,0,0.0,0.0,0,0,0,1.0,0,0,0,0,0.0,0.0,0.0,0,0,81,0,0,0,0.0,0.0,0.0,0.0,0.0,0.0,0.0
664,25-26-prem-brentford-vs-fulham,0,0,0,0,0.0,0.0,0,0,0,0,0,0,0.0,0.0,0,0,0.0,0,0.0,0,0,0,0,0,0,0,0,0,0,0.0,0,0.0,0,0,0,0,0.0,0.0,0,0,0,0.0,0,0,0,0,0.0,0.0,0.0,0,0,90,0,0,0,0.0,0.0,0.0,0.0,0.0,0.0,0.0
314,25-26-prem-brentford-vs-fulham,90,0,0,0,0.0,0.0,0,0,0,0,55,0,0.0,0.0,3,0,0.0,0,0.0,0,0,9,0,4,0,0,1,0,0,0.0,1,100.0,0,0,4,0,0.27,0.27,1,26,3,0.0,1,0,3,0,0.0,0.0,0.0,0,0,90,0,0,0,0.0,0.0,0.0,0.0,0.0,0.0,0.0
317,25-26-prem-brentford-vs-fulham,90,0,0,0,0.06,0.01,0,0,0,1,74,46,74.0,0.0,7,0,0.0,3,27.0,1,1,1,0,6,5,0,7,3,2,67.0,5,71.0,1,1,0,0,0.0,0.0,0,0,0,0.0,0,0,0,0,0.0,0.0,0.0,0,0,90,0,0,0,0.0,0.0,0.0,0.0,0.0,0.0,0.0
330,25-26-prem-brentford-vs-fulham,0,0,0,0,0.0,0.0,0,0,0,0,0,0,0.0,0.0,0,0,0.0,0,0.0,0,0,0,0,0,0,0,0,0,0,0.0,0,0.0,0,0,0,0,0.0,0.0,0,0,0,0.0,0,0,0,0,0.0,0.0,0.0,0,0,90,0,0,0,0.0,0.0,0.0,0.0,0.0,0.0,0.0
351,25-26-prem-afc-bournemouth-vs-leeds-united,26,0,0,0,0.09,0.13,0,0,0,2,18,6,60.0,1.0,1,1,100.0,0,0.0,2,0,2,0,2,1,0,2,1,2,67.0,0,0.0,0,0,0,0,0.0,0.0,0,0,0,1.0,0,0,0,0,0.0,0.0,0.0,0,64,97,1,0,0,0.0,0.0,0.0,0.0,0.0,0.0,0.0
108,25-26-prem-brentford-vs-fulham,0,0,0,0,0.0,0.0,0,0,0,0,0,0,0.0,0.0,0,0,0.0,0,0.0,0,0,0,0,0,0,0,0,0,0,0.0,0,0.0,0,0,0,0,0.0,0.0,0,0,0,0.0,0,0,0,0,0.0,0.0,0.0,0,0,90,0,0,0,0.0,0.0,0.0,0.0,0.0,0.0,0.0
326,25-26-prem-crystal-palace-vs-west-ham-united,0,0,0,0,0.0,0.0,0,0,0,0,0,0,0.0,0.0,0,0,0.0,0,0.0,0,0,0,0,0,0,0,0,0,0,0.0,0,0.0,0,0,0,0,0.0,0.0,0,0,0,0.0,0,0,0,0,0.0,0.0,0.0,0,0,92,0,0,0,0.0,0.0,0.0,0.0,0.0,0.0,0.0
624,25-26-prem-crystal-palace-vs-west-ham-united,90,0,0,0,0.04,0.1,0,0,0,3,49,14,70.0,1.0,2,1,10.0,0,0.0,1,1,4,0,2,1,0,3,4,3,43.0,0,0.0,0,1,0,0,0.0,0.0,0,0,0,1.0,0,0,0,0,0.0,0.0,0.0,0,0,92,0,0,0,0.0,0.0,0.0,0.0,0.0,0.0,0.0
271,25-26-prem-crystal-palace-vs-west-ham-united,31,0,0,0,0.0,0.17,0,0,0,0,27,19,100.0,2.0,2,2,67.0,0,0.0,1,0,2,0,2,1,0,1,1,1,50.0,0,0.0,0,1,0,0,0.0,0.0,0,0,0,0.0,0,0,0,0,0.0,0.0,0.0,0,59,92,0,0,0,0.0,0.0,0.0,0.0,0.0,0.0,0.0
332,25-26-prem-brentford-vs-fulham,90,0,0,0,0.08,0.21,0,0,0,0,51,35,88.0,1.0,3,0,0.0,0,0.0,2,0,3,0,1,0,1,4,5,4,44.0,0,0.0,1,4,0,0,0.0,0.0,0,0,0,1.0,0,0,0,0,0.0,0.0,0.0,0,0,90,0,0,0,0.0,0.0,0.0,0.0,0.0,0.0,0.0
84,25-26-prem-afc-bournemouth-vs-leeds-united,89,0,0,0,0.09,0.11,0,0,0,3,53,32,84.0,2.0,0,1,33.0,0,0.0,1,0,6,0,0,0,0,2,7,2,29.0,0,0.0,0,0,0,0,0.0,0.0,0,0,0,4.0,0,0,0,0,0.0,0.0,0.0,0,0,91,1,0,0,0.0,0.0,0.0,0.0,0.0,0.0,0.0
342,25-26-prem-afc-bournemouth-vs-leeds-united,45,0,0,0,0.0,0.0,0,0,0,0,25,7,47.0,0.0,1,0,0.0,1,25.0,4,0,1,0,1,0,2,5,6,4,44.0,1,50.0,0,2,0,0,0.0,0.0,0,0,0,1.0,0,0,0,0,0.0,0.0,0.0,0,0,46,0,0,0,0.0,0.0,0.0,0.0,0.0,0.0,0.0
337,25-26-prem-brentford-vs-fulham,23,0,0,0,0.0,0.0,0,0,0,0,11,3,38.0,0.0,4,0,0.0,0,0.0,0,0,3,0,0,0,0,4,2,1,100.0,3,60.0,1,0,0,0,0.0,0.0,0,0,0,0.0,0,0,0,0,0.0,0.0,0.0,0,67,90,0,0,0,0.0,0.0,0.0,0.0,0.0,0.0,0.0
105,25-26-prem-brentford-vs-fulham,0,0,0,0,0.0,0.0,0,0,0,0,0,0,0.0,0.0,0,0,0.0,0,0.0,0,0,0,0,0,0,0,0,0,0,0.0,0,0.0,0,0,0,0,0.0,0.0,0,0,0,0.0,0,0,0,0,0.0,0.0,0.0,0,0,90,0,0,0,0.0,0.0,0.0,0.0,0.0,0.0,0.0
318,25-26-prem-brentford-vs-fulham,90,0,0,0,0.07,0.0,0,0,0,2,56,38,90.0,0.0,4,0,0.0,1,20.0,1,0,2,0,1,1,0,5,4,2,33.0,3,100.0,1,2,0,0,0.0,0.0,0,0,0,2.0,0,0,0,0,0.0,0.0,0.0,0,0,90,0,0,0,0.0,0.0,0.0,0.0,0.0,0.0,0.0
121,25-26-prem-brentford-vs-fulham,90,0,0,0,0.17,0.03,0,0,0,2,61,33,79.0,1.0,7,0,0.0,2,29.0,4,0,7,0,1,1,2,6,8,6,50.0,0,0.0,2,1,0,0,0.0,0.0,0,0,0,2.0,0,0,0,0,0.0,0.0,0.0,0,0,90,0,0,0,0.0,0.0,0.0,0.0,0.0,0.0,0.0
505,25-26-prem-nottingham-forest-vs-burnley,90,0,0,0,0.0,0.0,0,0,0,0,55,38,88.0,0.0,2,0,0.0,0,0.0,0,2,4,0,5,4,0,0,1,0,0.0,0,0.0,0,1,0,0,0.0,0.0,0,0,0,0.0,0,0,0,0,0.0,0.0,0.0,0,0,98,1,0,0,0.0,0.0,0.0,0.0,0.0,0.0,0.0
388,25-26-prem-everton-vs-liverpool,90,0,0,0,0.0,0.2,0,0,0,0,118,79,94.0,0.0,10,0,0.0,4,80.0,2,4,16,0,6,1,0,7,5,6,55.0,1,100.0,3,1,0,0,0.0,0.0,0,0,0,2.0,0,0,0,0,0.0,0.0,0.0,0,0,102,1,0,0,0.0,0.0,0.0,0.0,0.0,0.0,0.0
341,25-26-prem-leeds-united-vs-wolverhampton-wanderers,90,0,0,0,0.0,0.0,0,0,0,0,42,0,0.0,0.0,3,0,0.0,0,0.0,0,0,5,0,0,0,0,0,0,0,0.0,0,0.0,0,0,1,0,0.3,0.3,0,31,4,0.0,1,0,1,0,0.0,0.0,0.0,0,0,102,0,0,0,0.0,0.0,0.0,0.0,0.0,0.0,0.0
629,25-26-prem-leeds-united-vs-wolverhampton-wanderers,90,0,0,0,0.0,0.0,0,0,0,0,42,0,0.0,0.0,8,0,0.0,0,0.0,0,0,5,0,2,0,0,0,0,0,0.0,0,0.0,0,0,3,3,2.51,-0.49,1,15,7,0.0,1,0,3,0,0.0,0.0,0.0,0,0,102,3,0,0,0.0,0.0,0.0,0.0,0.0,0.0,0.0
642,25-26-prem-leeds-united-vs-wolverhampton-wanderers,15,0,0,0,0.0,0.0,0,0,0,0,8,3,60.0,0.0,1,0,0.0,0,0.0,0,0,1,0,1,1,0,0,2,0,0.0,0,0.0,0,1,0,0,0.0,0.0,0,0,0,0.0,0,0,0,0,0.0,0.0,0.0,0,75,102,1,0,0,0.0,0.0,0.0,0.0,0.0,0.0,0.0
665,25-26-prem-leeds-united-vs-wolverhampton-wanderers,0,0,0,0,0.0,0.0,0,0,0,0,0,0,0.0,0.0,0,0,0.0,0,0.0,0,0,0,0,0,0,0,0,0,0,0.0,0,0.0,0,0,0,0,0.0,0.0,0,0,0,0.0,0,0,0,0,0.0,0.0,0.0,0,0,102,0,0,0,0.0,0.0,0.0,0.0,0.0,0.0,0.0
706,25-26-prem-leeds-united-vs-wolverhampton-wanderers,90,1,0,0,0.56,0.07,1,0,0,2,81,37,84.0,0.0,9,0,0.0,4,50.0,7,3,1,1,6,3,1,9,5,7,64.0,2,67.0,0,1,0,0,0.0,0.0,0,0,0,2.0,0,0,0,0,0.0,0.0,0.38,0,0,102,0,0,0,0.0,0.0,0.0,0.0,0.0,0.0,0.0
342,25-26-prem-leeds-united-vs-wolverhampton-wanderers,90,0,0,0,0.0,0.04,0,0,0,1,44,21,72.0,1.0,6,0,0.0,1,50.0,1,2,3,0,1,1,0,3,6,3,38.0,0,0.0,2,1,0,0,0.0,0.0,0,0,0,3.0,0,0,0,0,0.0,0.0,0.0,0,0,102,0,0,0,0.0,0.0,0.0,0.0,0.0,0.0,0.0
362,25-26-prem-leeds-united-vs-wolverhampton-wanderers,0,0,0,0,0.0,0.0,0,0,0,0,0,0,0.0,0.0,0,0,0.0,0,0.0,0,0,0,0,0,0,0,0,0,0,0.0,0,0.0,0,0,0,0,0.0,0.0,0,0,0,0.0,0,0,0,0,0.0,0.0,0.0,0,0,102,0,0,0,0.0,0.0,0.0,0.0,0.0,0.0,0.0
138,25-26-prem-brighton-hove-albion-vs-chelsea,0,0,0,0,0.0,0.0,0,0,0,0,0,0,0.0,0.0,0,0,0.0,0,0.0,0,0,0,0,0,0,0,0,0,0,0.0,0,0.0,0,0,0,0,0.0,0.0,0,0,0,0.0,0,0,0,0,0.0,0.0,0.0,0,0,92,0,0,0,0.0,0.0,0.0,0.0,0.0,0.0,0.0
178,25-26-prem-brighton-hove-albion-vs-chelsea,7,1,0,0,0.24,0.0,1,0,0,1,5,3,75.0,0.0,1,0,0.0,0,0.0,0,0,0,0,0,0,0,0,0,0,0.0,0,0.0,0,0,0,0,0.0,0.0,0,0,0,0.0,0,0,0,0,0.0,0.0,0.73,0,83,92,0,0,0,0.0,0.0,0.0,0.0,0.0,0.0,0.0
651,25-26-prem-leeds-united-vs-wolverhampton-wanderers,0,0,0,0,0.0,0.0,0,0,0,0,0,0,0.0,0.0,0,0,0.0,0,0.0,0,0,0,0,0,0,0,0,0,0,0.0,0,0.0,0,0,0,0,0.0,0.0,0,0,0,0.0,0,0,0,0,0.0,0.0,0.0,0,0,102,3,0,0,0.0,0.0,0.0,0.0,0.0,0.0,0.0
640,25-26-prem-leeds-united-vs-wolverhampton-wanderers,45,0,0,0,0.02,0.0,0,0,0,1,25,5,38.0,0.0,3,0,0.0,0,0.0,0,1,3,0,0,0,0,0,3,0,0.0,0,0.0,0,2,0,0,0.0,0.0,0,0,0,1.0,0,0,0,0,0.0,0.0,0.0,0,46,102,1,0,0,0.0,0.0,0.0,0.0,0.0,0.0,0.0
373,25-26-champions-league-paris-saint-germain-vs-liverpool,90,0,0,0,0.34,0.03,0,0,0,3,53,39,87.0,1.0,8,0,0.0,2,33.0,2,0,3,1,2,1,0,4,2,2,67.0,2,67.0,0,1,0,0,0.0,0.0,0,0,0,0.0,0,0,0,0,0.0,0.0,0.0,0,0,91,2,0,0,0.0,0.0,0.0,0.0,0.0,0.0,0.0
381,25-26-champions-league-paris-saint-germain-vs-liverpool,59,0,0,0,0.14,0.52,0,0,0,14,57,26,79.0,4.0,2,1,12.0,0,0.0,1,1,3,0,0,0,0,2,8,2,25.0,0,0.0,0,0,0,0,0.0,0.0,0,0,0,3.0,0,0,0,0,0.0,0.0,0.0,0,31,91,2,0,0,0.0,0.0,0.0,0.0,0.0,0.0,0.0
220,25-26-prem-brighton-hove-albion-vs-chelsea,90,0,0,0,0.0,0.0,0,0,0,0,52,0,0.0,0.0,6,0,0.0,0,0.0,0,0,10,0,1,0,0,1,0,0,0.0,1,100.0,0,0,4,3,3.22,0.22,0,18,5,0.0,2,0,3,0,0.0,0.0,0.0,0,0,92,3,0,0,0.0,0.0,0.0,0.0,0.0,0.0,0.0
226,25-26-prem-brighton-hove-albion-vs-chelsea,90,0,0,0,0.04,0.01,0,0,0,0,66,50,85.0,1.0,3,0,0.0,0,0.0,0,1,4,1,4,3,0,5,0,0,0.0,5,100.0,0,0,0,0,0.0,0.0,0,0,0,0.0,0,0,0,0,0.0,0.0,0.0,0,0,92,3,0,0,0.0,0.0,0.0,0.0,0.0,0.0,0.0
470,25-26-prem-nottingham-forest-vs-burnley,90,0,0,0,0.0,0.0,0,0,0,0,58,0,0.0,0.0,4,0,0.0,0,0.0,0,0,14,0,2,0,0,0,0,0,0.0,0,0.0,0,0,0,4,1.65,-2.35,0,35,5,0.0,3,0,0,0,0.0,0.0,0.0,0,0,98,4,0,0,0.0,0.0,0.0,0.0,0.0,0.0,0.0
187,25-26-prem-nottingham-forest-vs-burnley,90,0,0,0,0.0,0.02,0,0,0,1,72,46,88.0,0.0,15,0,0.0,4,67.0,1,0,3,0,4,2,0,2,1,1,50.0,1,100.0,0,1,0,0,0.0,0.0,0,0,0,0.0,0,0,0,0,0.0,0.0,0.0,0,0,98,4,0,0,0.0,0.0,0.0,0.0,0.0,0.0,0.0
672,25-26-prem-brighton-hove-albion-vs-chelsea,90,0,0,0,0.0,0.01,0,0,0,0,70,49,96.0,0.0,5,0,0.0,1,50.0,4,1,6,1,3,3,0,6,1,5,100.0,1,50.0,0,0,0,0,0.0,0.0,0,0,0,0.0,0,0,0,0,0.0,0.0,0.0,0,0,92,3,0,0,0.0,0.0,0.0,0.0,0.0,0.0,0.0
231,25-26-prem-brighton-hove-albion-vs-chelsea,0,0,0,0,0.0,0.0,0,0,0,0,0,0,0.0,0.0,0,0,0.0,0,0.0,0,0,0,0,0,0,0,0,0,0,0.0,0,0.0,0,0,0,0,0.0,0.0,0,0,0,0.0,0,0,0,0,0.0,0.0,0.0,0,0,92,3,0,0,0.0,0.0,0.0,0.0,0.0,0.0,0.0
181,25-26-prem-brighton-hove-albion-vs-chelsea,0,0,0,0,0.0,0.0,0,0,0,0,0,0,0.0,0.0,0,0,0.0,0,0.0,0,0,0,0,0,0,0,0,0,0,0.0,0,0.0,0,0,0,0,0.0,0.0,0,0,0,0.0,0,0,0,0,0.0,0.0,0.0,0,0,92,0,0,0,0.0,0.0,0.0,0.0,0.0,0.0,0.0
138,25-26-prem-tottenham-hotspur-vs-brighton-hove-albion,0,0,0,0,0.0,0.0,0,0,0,0,0,0,0.0,0.0,0,0,0.0,0,0.0,0,0,0,0,0,0,0,0,0,0,0.0,0,0.0,0,0,0,0,0.0,0.0,0,0,0,0.0,0,0,0,0,0.0,0.0,0.0,0,0,95,2,0,0,0.0,0.0,0.0,0.0,0.0,0.0,0.0
178,25-26-prem-tottenham-hotspur-vs-brighton-hove-albion,75,0,0,0,0.21,0.01,1,0,0,1,16,8,73.0,0.0,0,0,0.0,0,0.0,0,0,1,0,2,1,0,0,3,0,0.0,0,0.0,0,0,0,0,0.0,0.0,0,0,0,1.0,0,0,0,0,0.0,0.0,0.17,0,0,75,1,0,0,0.0,0.0,0.0,0.0,0.0,0.0,0.0
152,25-26-prem-tottenham-hotspur-vs-brighton-hove-albion,0,0,0,0,0.0,0.0,0,0,0,0,0,0,0.0,0.0,0,0,0.0,0,0.0,0,0,0,0,0,0,0,0,0,0,0.0,0,0.0,0,0,0,0,0.0,0.0,0,0,0,0.0,0,0,0,0,0.0,0.0,0.0,0,0,95,2,0,0,0.0,0.0,0.0,0.0,0.0,0.0,0.0
191,25-26-prem-nottingham-forest-vs-burnley,90,0,0,0,0.06,0.0,0,0,0,1,56,30,81.0,0.0,2,0,0.0,1,20.0,4,0,1,1,11,9,0,4,1,4,80.0,0,0.0,0,0,0,0,0.0,0.0,0,0,0,0.0,0,0,0,0,0.0,0.0,0.0,0,0,98,4,0,0,0.0,0.0,0.0,0.0,0.0,0.0,0.0
210,25-26-prem-nottingham-forest-vs-burnley,7,0,0,0,0.0,0.0,0,0,0,0,13,8,73.0,0.0,1,0,0.0,0,0.0,0,0,0,0,0,0,0,0,1,0,0.0,0,0.0,0,0,0,0,0.0,0.0,0,0,0,1.0,0,0,0,0,0.0,0.0,0.0,0,83,98,1,0,0,0.0,0.0,0.0,0.0,0.0,0.0,0.0
585,25-26-prem-tottenham-hotspur-vs-brighton-hove-albion,67,0,0,0,0.01,0.0,0,0,0,1,51,30,86.0,0.0,2,0,0.0,0,0.0,4,2,4,0,2,0,1,5,3,5,83.0,0,0.0,0,0,0,0,0.0,0.0,0,0,0,0.0,0,0,0,0,0.0,0.0,0.0,0,0,67,1,0,0,0.0,0.0,0.0,0.0,0.0,0.0,0.0
597,25-26-prem-tottenham-hotspur-vs-brighton-hove-albion,0,0,0,0,0.0,0.0,0,0,0,0,0,0,0.0,0.0,0,0,0.0,0,0.0,0,0,0,0,0,0,0,0,0,0,0.0,0,0.0,0,0,0,0,0.0,0.0,0,0,0,0.0,0,0,0,0,0.0,0.0,0.0,0,0,95,2,0,0,0.0,0.0,0.0,0.0,0.0,0.0,0.0
572,25-26-prem-tottenham-hotspur-vs-brighton-hove-albion,0,0,0,0,0.0,0.0,0,0,0,0,0,0,0.0,0.0,0,0,0.0,0,0.0,0,0,0,0,0,0,0,0,0,0,0.0,0,0.0,0,0,0,0,0.0,0.0,0,0,0,0.0,0,0,0,0,0.0,0.0,0.0,0,0,95,2,0,0,0.0,0.0,0.0,0.0,0.0,0.0,0.0
163,25-26-prem-tottenham-hotspur-vs-brighton-hove-albion,75,0,0,0,0.04,0.02,0,0,0,3,31,20,77.0,0.0,4,0,0.0,0,0.0,0,0,2,0,0,0,1,2,3,1,25.0,1,100.0,1,1,0,0,0.0,0.0,0,0,0,1.0,0,0,0,0,0.0,0.0,0.0,0,0,75,1,0,0,0.0,0.0,0.0,0.0,0.0,0.0,0.0
531,25-26-prem-aston-villa-vs-sunderland,27,0,0,0,0.0,0.0,0,0,0,0,17,12,92.0,0.0,1,0,0.0,0,0.0,1,0,2,1,0,0,0,2,4,1,50.0,1,25.0,1,1,0,0,0.0,0.0,0,0,0,0.0,0,0,0,0,0.0,0.0,0.0,0,63,98,1,0,0,0.0,0.0,0.0,0.0,0.0,0.0,0.0
547,25-26-prem-aston-villa-vs-sunderland,90,0,1,0,0.06,0.33,2,0,0,3,46,25,89.0,3.0,2,0,0.0,0,0.0,3,1,7,0,1,0,2,6,5,6,60.0,0,0.0,3,0,0,0,0.0,0.0,0,0,0,1.0,0,0,0,0,0.0,0.0,0.17,0,0,98,4,0,0,0.0,0.0,0.0,0.0,0.0,0.0,0.0
532,25-26-prem-aston-villa-vs-sunderland,27,1,0,0,0.08,0.0,1,0,0,1,19,10,91.0,0.0,1,0,0.0,1,50.0,2,0,1,0,2,2,1,5,1,2,67.0,3,100.0,0,0,0,0,0.0,0.0,0,0,0,0.0,0,0,0,0,0.0,0.0,0.51,0,63,98,1,0,0,0.0,0.0,0.0,0.0,0.0,0.0,0.0
535,25-26-prem-aston-villa-vs-sunderland,0,0,0,0,0.0,0.0,0,0,0,0,0,0,0.0,0.0,0,0,0.0,0,0.0,0,0,0,0,0,0,0,0,0,0,0.0,0,0.0,0,0,0,0,0.0,0.0,0,0,0,0.0,0,0,0,0,0.0,0.0,0.0,0,0,98,4,0,0,0.0,0.0,0.0,0.0,0.0,0.0,0.0
457,25-26-prem-chelsea-vs-manchester-united,90,0,0,0,0.0,0.01,0,0,0,0,70,39,83.0,0.0,4,0,0.0,2,33.0,3,1,5,7,7,5,2,3,5,3,43.0,0,0.0,0,1,0,0,0.0,0.0,0,0,0,1.0,0,0,0,0,0.0,0.0,0.0,0,0,94,0,0,0,0.0,0.0,0.0,0.0,0.0,0.0,0.0
241,25-26-prem-chelsea-vs-manchester-united,90,0,0,0,0.06,0.02,0,0,0,0,96,79,93.0,0.0,8,0,0.0,5,71.0,2,1,8,0,0,0,1,3,3,3,60.0,0,0.0,1,1,0,0,0.0,0.0,0,0,0,1.0,0,0,0,0,0.0,0.0,0.0,0,0,94,1,0,0,0.0,0.0,0.0,0.0,0.0,0.0,0.0
237,25-26-prem-chelsea-vs-manchester-united,88,0,0,0,0.37,0.22,1,0,0,5,97,72,89.0,5.0,17,2,50.0,8,89.0,1,3,4,0,0,0,0,1,2,1,50.0,0,0.0,0,0,0,0,0.0,0.0,0,0,0,0.0,0,0,0,0,0.0,0.0,0.53,0,0,88,1,0,0,0.0,0.0,0.0,0.0,0.0,0.0,0.0
733,25-26-prem-chelsea-vs-manchester-united,90,0,0,0,0.0,0.0,0,0,0,0,41,0,0.0,0.0,2,0,0.0,0,0.0,0,0,6,0,0,0,0,0,0,0,0.0,0,0.0,0,0,3,0,0.7,0.7,0,23,5,0.0,0,0,2,0,0.0,0.0,0.0,0,0,94,0,0,0,0.0,0.0,0.0,0.0,0.0,0.0,0.0
614,25-26-prem-nottingham-forest-vs-burnley,90,0,0,0,0.04,0.04,1,0,0,0,87,58,87.0,1.0,15,2,50.0,3,38.0,0,4,3,0,2,1,1,2,3,1,25.0,1,100.0,1,0,0,0,0.0,0.0,0,0,0,0.0,0,0,0,0,0.0,0.0,0.22,0,0,98,4,0,0,0.0,0.0,0.0,0.0,0.0,0.0,0.0
347,25-26-prem-afc-bournemouth-vs-leeds-united,90,0,0,0,0.0,0.44,0,0,0,2,40,13,76.0,1.0,7,2,33.0,1,50.0,2,1,1,0,5,3,4,8,6,5,56.0,3,60.0,2,0,0,0,0.0,0.0,0,0,0,0.0,0,0,0,0,0.0,0.0,0.0,0,0,97,2,0,0,0.0,0.0,0.0,0.0,0.0,0.0,0.0
507,25-26-prem-nottingham-forest-vs-burnley,90,0,0,0,0.0,0.01,0,0,0,0,73,42,84.0,0.0,9,0,0.0,2,29.0,1,0,6,0,3,1,0,2,2,2,67.0,0,0.0,0,0,0,0,0.0,0.0,0,0,0,0.0,0,0,0,0,0.0,0.0,0.0,0,0,98,1,0,0,0.0,0.0,0.0,0.0,0.0,0.0,0.0
199,25-26-prem-nottingham-forest-vs-burnley,0,0,0,0,0.0,0.0,0,0,0,0,0,0,0.0,0.0,0,0,0.0,0,0.0,0,0,0,0,0,0,0,0,0,0,0.0,0,0.0,0,0,0,0,0.0,0.0,0,0,0,0.0,0,0,0,0,0.0,0.0,0.0,0,0,98,4,0,0,0.0,0.0,0.0,0.0,0.0,0.0,0.0
372,25-26-champions-league-paris-saint-germain-vs-liverpool,0,0,0,0,0.0,0.0,0,0,0,0,0,0,0.0,0.0,0,0,0.0,0,0.0,0,0,0,0,0,0,0,0,0,0,0.0,0,0.0,0,0,0,0,0.0,0.0,0,0,0,0.0,0,0,0,0,0.0,0.0,0.0,0,0,91,2,0,0,0.0,0.0,0.0,0.0,0.0,0.0,0.0
385,25-26-prem-everton-vs-liverpool,0,0,0,0,0.0,0.0,0,0,0,0,0,0,0.0,0.0,0,0,0.0,0,0.0,0,0,0,0,0,0,0,0,0,0,0.0,0,0.0,0,0,0,0,0.0,0.0,0,0,0,0.0,0,0,0,0,0.0,0.0,0.0,0,0,102,1,0,0,0.0,0.0,0.0,0.0,0.0,0.0,0.0
384,25-26-prem-everton-vs-liverpool,84,0,1,0,0.36,0.27,3,0,0,6,35,15,79.0,4.0,0,0,0.0,0,0.0,1,0,1,0,1,1,0,3,9,2,29.0,1,20.0,0,2,0,0,0.0,0.0,0,0,0,3.0,0,0,0,0,0.0,0.0,0.21,0,0,84,1,0,0,0.0,0.0,0.0,0.0,0.0,0.0,0.0
455,25-26-prem-chelsea-vs-manchester-united,9,0,0,0,0.0,0.01,0,0,0,1,13,9,100.0,0.0,0,0,0.0,0,0.0,1,0,1,0,1,1,0,2,1,1,50.0,1,100.0,0,1,0,0,0.0,0.0,0,0,0,0.0,0,0,0,0,0.0,0.0,0.0,0,81,94,0,0,0,0.0,0.0,0.0,0.0,0.0,0.0,0.0
376,25-26-champions-league-paris-saint-germain-vs-liverpool,22,0,0,0,0.14,0.01,0,0,0,1,16,9,90.0,0.0,0,1,100.0,0,0.0,0,0,1,0,0,0,0,1,2,0,0.0,1,50.0,0,0,0,0,0.0,0.0,0,0,0,0.0,0,0,0,0,0.0,0.0,0.0,0,46,67,0,0,0,0.0,0.0,0.0,0.0,0.0,0.0,0.0
440,25-26-prem-chelsea-vs-manchester-united,90,0,0,0,0.0,0.0,0,0,0,2,58,26,81.0,0.0,3,0,0.0,1,100.0,3,0,5,0,3,3,0,6,1,4,80.0,2,100.0,2,0,0,0,0.0,0.0,0,0,0,0.0,0,0,0,0,0.0,0.0,0.0,0,0,94,0,0,0,0.0,0.0,0.0,0.0,0.0,0.0,0.0
519,25-26-prem-nottingham-forest-vs-burnley,1,0,1,0,0.0,0.18,0,0,0,0,17,13,100.0,1.0,0,0,0.0,0,0.0,3,0,2,0,0,0,0,3,1,3,100.0,0,0.0,0,1,0,0,0.0,0.0,0,0,0,0.0,0,0,0,0,0.0,0.0,0.0,0,89,98,0,0,0,0.0,0.0,0.0,0.0,0.0,0.0,0.0
190,25-26-prem-nottingham-forest-vs-burnley,90,0,0,0,0.0,0.0,0,0,0,0,69,46,88.0,0.0,2,0,0.0,3,60.0,0,0,4,0,9,4,1,5,5,0,0.0,5,62.0,1,0,0,0,0.0,0.0,0,0,0,1.0,0,0,0,0,0.0,0.0,0.0,0,0,98,4,0,0,0.0,0.0,0.0,0.0,0.0,0.0,0.0
508,25-26-prem-nottingham-forest-vs-burnley,90,0,0,0,0.07,0.19,0,0,0,7,84,35,80.0,1.0,12,1,14.0,5,45.0,3,0,4,0,0,0,0,6,3,6,67.0,0,0.0,1,0,0,0,0.0,0.0,0,0,0,1.0,0,0,0,0,0.0,0.0,0.0,0,0,98,1,0,0,0.0,0.0,0.0,0.0,0.0,0.0,0.0
734,25-26-prem-nottingham-forest-vs-burnley,45,0,0,0,0.0,0.04,0,0,0,2,21,10,83.0,1.0,1,1,50.0,0,0.0,1,0,3,0,0,0,0,2,2,2,50.0,0,0.0,1,0,0,0,0.0,0.0,0,0,0,1.0,0,0,0,0,0.0,0.0,0.0,0,0,46,0,0,0,0.0,0.0,0.0,0.0,0.0,0.0,0.0
526,25-26-prem-nottingham-forest-vs-burnley,45,1,0,0,0.24,0.0,1,0,0,2,25,13,93.0,0.0,0,1,100.0,0,0.0,3,0,1,0,0,0,0,6,4,4,67.0,2,50.0,1,1,0,0,0.0,0.0,0,0,0,1.0,0,0,0,0,0.0,0.0,0.69,0,46,98,1,0,0,0.0,0.0,0.0,0.0,0.0,0.0,0.0
417,25-26-prem-manchester-city-vs-arsenal,85,1,0,0,0.14,0.13,1,0,0,9,63,40,83.0,2.0,7,1,20.0,2,50.0,0,0,2,0,0,0,0,3,2,3,60.0,0,0.0,0,0,0,0,0.0,0.0,0,0,0,2.0,0,0,0,0,0.0,0.0,0.77,0,0,85,1,0,0,0.0,0.0,0.0,0.0,0.0,0.0,0.0
700,25-26-prem-manchester-city-vs-arsenal,0,0,0,0,0.0,0.0,0,0,0,0,0,0,0.0,0.0,0,0,0.0,0,0.0,0,0,0,0,0,0,0,0,0,0,0.0,0,0.0,0,0,0,0,0.0,0.0,0,0,0,0.0,0,0,0,0,0.0,0.0,0.0,0,0,96,2,0,0,0.0,0.0,0.0,0.0,0.0,0.0,0.0
146,25-26-prem-brighton-hove-albion-vs-chelsea,0,0,0,0,0.0,0.0,0,0,0,0,0,0,0.0,0.0,0,0,0.0,0,0.0,0,0,0,0,0,0,0,0,0,0,0.0,0,0.0,0,0,0,0,0.0,0.0,0,0,0,0.0,0,0,0,0,0.0,0.0,0.0,0,0,92,0,0,0,0.0,0.0,0.0,0.0,0.0,0.0,0.0
152,25-26-prem-brighton-hove-albion-vs-chelsea,45,0,0,0,0.0,0.0,0,0,0,0,30,20,95.0,0.0,3,0,0.0,1,50.0,0,1,2,1,2,1,0,2,0,1,100.0,1,100.0,1,0,0,0,0.0,0.0,0,0,0,0.0,0,0,0,0,0.0,0.0,0.0,0,46,92,0,0,0,0.0,0.0,0.0,0.0,0.0,0.0,0.0
232,25-26-prem-brighton-hove-albion-vs-chelsea,0,0,0,0,0.0,0.0,0,0,0,0,0,0,0.0,0.0,0,0,0.0,0,0.0,0,0,0,0,0,0,0,0,0,0,0.0,0,0.0,0,0,0,0,0.0,0.0,0,0,0,0.0,0,0,0,0,0.0,0.0,0.0,0,0,92,3,0,0,0.0,0.0,0.0,0.0,0.0,0.0,0.0
160,25-26-prem-brighton-hove-albion-vs-chelsea,77,0,0,0,0.02,0.05,0,0,0,6,40,18,78.0,0.0,0,0,0.0,0,0.0,4,0,3,0,1,0,0,5,4,4,57.0,1,50.0,0,2,0,0,0.0,0.0,0,0,0,1.0,0,0,0,0,0.0,0.0,0.0,0,0,77,0,0,0,0.0,0.0,0.0,0.0,0.0,0.0,0.0
252,25-26-prem-brighton-hove-albion-vs-chelsea,18,0,0,0,0.08,0.0,0,0,0,1,3,2,100.0,0.0,0,0,0.0,0,0.0,0,0,1,0,0,0,0,0,4,0,0.0,0,0.0,0,1,0,0,0.0,0.0,0,0,0,0.0,0,0,0,0,0.0,0.0,0.0,0,72,92,1,0,0,0.0,0.0,0.0,0.0,0.0,0.0,0.0
329,25-26-prem-brentford-vs-fulham,90,0,0,0,0.32,0.06,0,0,0,3,33,17,85.0,1.0,3,2,40.0,4,80.0,1,0,4,0,1,1,1,2,5,2,33.0,0,0.0,0,1,0,0,0.0,0.0,0,0,0,1.0,0,0,0,0,0.0,0.0,0.0,0,0,90,0,0,0,0.0,0.0,0.0,0.0,0.0,0.0,0.0
336,25-26-prem-brentford-vs-fulham,0,0,0,0,0.0,0.0,0,0,0,0,0,0,0.0,0.0,0,0,0.0,0,0.0,0,0,0,0,0,0,0,0,0,0,0.0,0,0.0,0,0,0,0,0.0,0.0,0,0,0,0.0,0,0,0,0,0.0,0.0,0.0,0,0,90,0,0,0,0.0,0.0,0.0,0.0,0.0,0.0,0.0
126,25-26-prem-brentford-vs-fulham,90,0,0,0,0.0,0.53,0,0,0,0,56,35,85.0,4.0,11,4,67.0,6,55.0,2,0,5,0,0,0,1,3,2,3,60.0,0,0.0,1,0,0,0,0.0,0.0,0,0,0,0.0,0,0,0,0,0.0,0.0,0.0,0,0,90,0,0,0,0.0,0.0,0.0,0.0,0.0,0.0,0.0
316,25-26-prem-brentford-vs-fulham,9,0,0,0,0.0,0.01,0,0,0,0,6,3,100.0,1.0,1,0,0.0,1,100.0,0,1,1,0,0,0,0,0,0,0,0.0,0,0.0,0,0,0,0,0.0,0.0,0,0,0,0.0,0,0,0,0,0.0,0.0,0.0,0,81,90,0,0,0,0.0,0.0,0.0,0.0,0.0,0.0,0.0
347,25-26-prem-leeds-united-vs-wolverhampton-wanderers,89,0,0,0,0.0,0.0,0,0,0,0,81,34,76.0,0.0,7,0,0.0,1,25.0,1,4,1,1,2,1,0,3,4,3,60.0,0,0.0,2,1,0,0,0.0,0.0,0,0,0,1.0,0,0,0,0,0.0,0.0,0.0,0,0,96,0,0,0,0.0,0.0,0.0,0.0,0.0,0.0,0.0
644,25-26-prem-leeds-united-vs-wolverhampton-wanderers,67,0,0,0,0.0,0.03,0,0,0,1,30,14,74.0,0.0,3,0,0.0,1,50.0,2,0,1,0,1,0,0,6,3,5,71.0,1,50.0,2,1,0,0,0.0,0.0,0,0,0,1.0,0,0,0,0,0.0,0.0,0.0,0,0,67,2,0,0,0.0,0.0,0.0,0.0,0.0,0.0,0.0
343,25-26-prem-leeds-united-vs-wolverhampton-wanderers,90,0,0,0,0.17,0.0,0,0,0,2,69,54,95.0,1.0,2,0,0.0,5,83.0,2,1,1,0,5,4,0,4,3,2,100.0,2,40.0,0,0,0,0,0.0,0.0,0,0,0,0.0,0,0,0,0,0.0,0.0,0.0,0,0,102,0,0,0,0.0,0.0,0.0,0.0,0.0,0.0,0.0
493,25-26-prem-leeds-united-vs-wolverhampton-wanderers,1,0,0,0,0.0,0.13,0,0,0,1,5,3,100.0,1.0,0,0,0.0,0,0.0,0,0,0,0,0,0,0,1,1,1,50.0,0,0.0,0,0,0,0,0.0,0.0,0,0,0,1.0,0,0,0,0,0.0,0.0,0.0,0,96,102,0,0,0,0.0,0.0,0.0,0.0,0.0,0.0,0.0
206,25-26-prem-burnley-vs-manchester-city,3,0,0,0,0.0,0.0,0,0,0,1,4,0,0.0,0.0,0,0,0.0,0,0.0,0,0,0,0,0,0,0,1,1,1,50.0,0,0.0,1,0,0,0,0.0,0.0,0,0,0,0.0,0,0,0,0,0.0,0.0,0.0,0,87,90,0,0,0,0.0,0.0,0.0,0.0,0.0,0.0,0.0
421,25-26-prem-burnley-vs-manchester-city,0,0,0,0,0.0,0.0,0,0,0,0,0,0,0.0,0.0,0,0,0.0,0,0.0,0,0,0,0,0,0,0,0,0,0,0.0,0,0.0,0,0,0,0,0.0,0.0,0,0,0,0.0,0,0,0,0,0.0,0.0,0.0,0,0,90,0,0,0,0.0,0.0,0.0,0.0,0.0,0.0,0.0
199,25-26-prem-burnley-vs-manchester-city,0,0,0,0,0.0,0.0,0,0,0,0,0,0,0.0,0.0,0,0,0.0,0,0.0,0,0,0,0,0,0,0,0,0,0,0.0,0,0.0,0,0,0,0,0.0,0.0,0,0,0,0.0,0,0,0,0,0.0,0.0,0.0,0,0,90,1,0,0,0.0,0.0,0.0,0.0,0.0,0.0,0.0
430,25-26-prem-burnley-vs-manchester-city,90,1,0,0,1.1,0.06,2,0,0,9,28,8,67.0,0.0,2,0,0.0,0,0.0,0,0,2,0,1,0,0,2,4,2,40.0,0,0.0,0,2,0,0,0.0,0.0,0,0,0,1.0,0,0,0,0,0.0,0.0,0.8,0,0,90,0,0,0,0.0,0.0,0.0,0.0,0.0,0.0,0.0
190,25-26-prem-burnley-vs-manchester-city,90,0,0,0,0.04,0.0,0,0,0,2,56,33,80.0,0.0,2,0,0.0,0,0.0,1,1,3,3,5,2,0,2,1,2,100.0,0,0.0,1,0,0,0,0.0,0.0,0,0,0,0.0,0,0,0,0,0.0,0.0,0.0,0,0,90,1,0,0,0.0,0.0,0.0,0.0,0.0,0.0,0.0
413,25-26-prem-burnley-vs-manchester-city,0,0,0,0,0.0,0.0,0,0,0,0,0,0,0.0,0.0,0,0,0.0,0,0.0,0,0,0,0,0,0,0,0,0,0,0.0,0,0.0,0,0,0,0,0.0,0.0,0,0,0,0.0,0,0,0,0,0.0,0.0,0.0,0,0,90,0,0,0,0.0,0.0,0.0,0.0,0.0,0.0,0.0
260,25-26-prem-burnley-vs-manchester-city,90,0,0,0,0.0,0.07,0,0,0,1,101,80,94.0,1.0,9,0,0.0,2,40.0,0,5,1,0,3,3,1,4,5,2,40.0,2,50.0,2,1,0,0,0.0,0.0,0,0,0,1.0,0,0,0,0,0.0,0.0,0.0,0,0,90,0,0,0,0.0,0.0,0.0,0.0,0.0,0.0,0.0
427,25-26-prem-burnley-vs-manchester-city,0,0,0,0,0.0,0.0,0,0,0,0,0,0,0.0,0.0,0,0,0.0,0,0.0,0,0,0,0,0,0,0,0,0,0,0.0,0,0.0,0,0,0,0,0.0,0.0,0,0,0,0.0,0,0,0,0,0.0,0.0,0.0,0,0,90,0,0,0,0.0,0.0,0.0,0.0,0.0,0.0,0.0
215,25-26-prem-burnley-vs-manchester-city,82,0,0,0,0.2,0.02,0,0,0,2,23,7,88.0,0.0,0,0,0.0,1,100.0,0,0,2,0,3,2,0,3,6,2,50.0,1,20.0,3,2,0,0,0.0,0.0,0,0,0,0.0,0,0,0,0,0.0,0.0,0.0,0,0,82,1,0,0,0.0,0.0,0.0,0.0,0.0,0.0,0.0
217,25-26-prem-burnley-vs-manchester-city,18,0,0,0,0.12,0.01,0,0,0,2,6,1,100.0,0.0,1,0,0.0,1,100.0,1,0,1,0,1,0,0,1,1,1,50.0,0,0.0,0,0,0,0,0.0,0.0,0,0,0,1.0,0,0,0,0,0.0,0.0,0.0,0,72,90,0,0,0,0.0,0.0,0.0,0.0,0.0,0.0,0.0
417,25-26-prem-burnley-vs-manchester-city,90,0,0,0,0.78,0.44,2,0,0,17,99,71,90.0,8.0,9,0,0.0,2,100.0,0,0,5,0,0,0,0,3,5,3,38.0,0,0.0,1,2,0,0,0.0,0.0,0,0,0,1.0,0,0,0,0,0.0,0.0,0.85,0,0,90,0,0,0,0.0,0.0,0.0,0.0,0.0,0.0,0.0
210,25-26-prem-burnley-vs-manchester-city,72,0,0,0,0.01,0.01,0,0,0,0,21,12,75.0,2.0,0,0,0.0,0,0.0,0,0,1,0,1,0,0,2,3,1,25.0,1,100.0,0,3,0,0,0.0,0.0,0,0,0,0.0,0,0,0,0,0.0,0.0,0.0,0,0,72,1,0,0,0.0,0.0,0.0,0.0,0.0,0.0,0.0
497,25-26-prem-newcastle-united-vs-afc-bournemouth,90,0,0,0,0.0,0.03,0,0,0,1,71,44,77.0,0.0,9,0,0.0,2,40.0,2,1,5,1,3,1,0,7,4,2,67.0,5,62.0,0,0,0,0,0.0,0.0,0,0,0,1.0,0,0,0,0,0.0,0.0,0.0,0,0,94,2,0,0,0.0,0.0,0.0,0.0,0.0,0.0,0.0
491,25-26-prem-newcastle-united-vs-afc-bournemouth,86,0,0,0,0.07,0.08,0,0,0,2,57,36,82.0,0.0,8,2,67.0,1,20.0,2,1,2,0,0,0,1,6,5,5,56.0,1,50.0,1,3,0,0,0.0,0.0,0,0,0,0.0,0,0,0,0,0.0,0.0,0.0,0,0,86,2,0,0,0.0,0.0,0.0,0.0,0.0,0.0,0.0
475,25-26-prem-newcastle-united-vs-afc-bournemouth,90,0,0,0,0.0,0.07,0,0,0,4,81,46,77.0,1.0,5,0,0.0,5,42.0,0,0,6,2,10,6,1,7,6,2,50.0,5,56.0,1,1,0,0,0.0,0.0,0,0,0,0.0,0,0,0,0,0.0,0.0,0.0,0,0,94,2,0,0,0.0,0.0,0.0,0.0,0.0,0.0,0.0
77,25-26-prem-newcastle-united-vs-afc-bournemouth,90,0,0,0,0.02,0.03,1,0,0,1,67,26,60.0,0.0,7,0,0.0,3,27.0,1,0,2,1,10,6,0,8,2,1,100.0,7,78.0,0,0,0,0,0.0,0.0,0,0,0,0.0,0,0,0,0,0.0,0.0,0.04,0,0,94,1,0,0,0.0,0.0,0.0,0.0,0.0,0.0,0.0
685,25-26-prem-newcastle-united-vs-afc-bournemouth,0,0,0,0,0.0,0.0,0,0,0,0,0,0,0.0,0.0,0,0,0.0,0,0.0,0,0,0,0,0,0,0,0,0,0,0.0,0,0.0,0,0,0,0,0.0,0.0,0,0,0,0.0,0,0,0,0,0.0,0.0,0.0,0,0,94,1,0,0,0.0,0.0,0.0,0.0,0.0,0.0,0.0
67,25-26-prem-newcastle-united-vs-afc-bournemouth,90,0,0,0,0.0,0.0,0,0,0,0,33,0,0.0,0.0,4,0,0.0,0,0.0,0,0,6,0,0,0,0,0,0,0,0.0,0,0.0,0,0,2,1,1.12,0.12,0,13,5,0.0,1,0,1,0,0.0,0.0,0.0,0,0,94,1,0,0,0.0,0.0,0.0,0.0,0.0,0.0,0.0
697,25-26-prem-newcastle-united-vs-afc-bournemouth,0,0,0,0,0.0,0.0,0,0,0,0,0,0,0.0,0.0,0,0,0.0,0,0.0,0,0,0,0,0,0,0,0,0,0,0.0,0,0.0,0,0,0,0,0.0,0.0,0,0,0,0.0,0,0,0,0,0.0,0.0,0.0,0,0,94,1,0,0,0.0,0.0,0.0,0.0,0.0,0.0,0.0
97,25-26-prem-newcastle-united-vs-afc-bournemouth,89,0,0,0,1.12,0.03,0,0,0,2,24,11,85.0,1.0,1,0,0.0,1,100.0,3,0,1,0,1,1,0,5,6,4,67.0,1,20.0,1,2,0,0,0.0,0.0,0,0,0,0.0,0,0,0,0,0.0,0.0,0.0,0,0,89,1,0,0,0.0,0.0,0.0,0.0,0.0,0.0,0.0
714,25-26-prem-newcastle-united-vs-afc-bournemouth,4,0,0,0,0.0,0.01,0,0,0,1,4,4,100.0,0.0,0,0,0.0,0,0.0,0,0,1,0,0,0,0,0,2,0,0.0,0,0.0,0,1,0,0,0.0,0.0,0,0,0,0.0,0,0,0,0,0.0,0.0,0.0,0,86,94,0,0,0,0.0,0.0,0.0,0.0,0.0,0.0,0.0
367,25-26-prem-everton-vs-liverpool,58,0,0,0,0.0,0.0,0,0,0,0,19,0,0.0,0.0,2,0,0.0,0,0.0,0,0,4,0,0,0,0,0,0,0,0.0,0,0.0,0,0,2,1,1.45,0.45,0,6,2,0.0,0,0,2,0,0.0,0.0,0.0,0,0,58,1,0,0,0.0,0.0,0.0,0.0,0.0,0.0,0.0
290,25-26-prem-everton-vs-liverpool,87,0,0,0,0.0,0.02,0,0,0,0,49,32,89.0,1.0,6,0,0.0,4,67.0,4,1,7,0,6,4,0,6,1,4,80.0,2,100.0,0,0,0,0,0.0,0.0,0,0,0,1.0,0,0,0,0,0.0,0.0,0.0,0,0,87,1,0,0,0.0,0.0,0.0,0.0,0.0,0.0,0.0
259,25-26-prem-crystal-palace-vs-west-ham-united,0,0,0,0,0.0,0.0,0,0,0,0,0,0,0.0,0.0,0,0,0.0,0,0.0,0,0,0,0,0,0,0,0,0,0,0.0,0,0.0,0,0,0,0,0.0,0.0,0,0,0,0.0,0,0,0,0,0.0,0.0,0.0,0,0,92,0,0,0,0.0,0.0,0.0,0.0,0.0,0.0,0.0
283,25-26-prem-crystal-palace-vs-west-ham-united,31,0,0,0,0.0,0.01,0,0,0,2,15,6,67.0,0.0,2,0,0.0,0,0.0,0,0,1,0,0,0,0,0,3,0,0.0,0,0.0,0,1,0,0,0.0,0.0,0,0,0,2.0,0,0,0,0,0.0,0.0,0.0,0,59,92,0,0,0,0.0,0.0,0.0,0.0,0.0,0.0,0.0
33,25-26-prem-aston-villa-vs-sunderland,0,0,0,0,0.0,0.0,0,0,0,0,0,0,0.0,0.0,0,0,0.0,0,0.0,0,0,0,0,0,0,0,0,0,0,0.0,0,0.0,0,0,0,0,0.0,0.0,0,0,0,0.0,0,0,0,0,0.0,0.0,0.0,0,0,98,3,0,0,0.0,0.0,0.0,0.0,0.0,0.0,0.0
668,25-26-prem-aston-villa-vs-sunderland,90,0,0,0,0.01,0.04,0,0,0,0,80,65,92.0,0.0,9,0,0.0,1,20.0,0,2,8,0,1,1,0,1,3,1,33.0,0,0.0,0,1,0,0,0.0,0.0,0,0,0,1.0,0,0,0,0,0.0,0.0,0.0,0,0,98,4,0,0,0.0,0.0,0.0,0.0,0.0,0.0,0.0
37,25-26-prem-aston-villa-vs-sunderland,20,0,1,0,0.0,0.29,0,0,0,0,10,5,83.0,1.0,1,1,50.0,0,0.0,0,0,0,0,1,1,0,1,0,1,100.0,0,0.0,1,0,0,0,0.0,0.0,0,0,0,0.0,0,0,0,0,0.0,0.0,0.0,0,70,98,2,0,0,0.0,0.0,0.0,0.0,0.0,0.0,0.0
55,25-26-prem-aston-villa-vs-sunderland,70,0,0,0,0.06,0.01,1,0,0,2,27,15,94.0,0.0,1,0,0.0,0,0.0,0,0,3,0,1,1,1,2,6,2,33.0,0,0.0,0,0,0,0,0.0,0.0,0,0,0,3.0,0,0,0,0,0.0,0.0,0.12,0,0,70,1,0,0,0.0,0.0,0.0,0.0,0.0,0.0,0.0
59,25-26-prem-aston-villa-vs-sunderland,90,0,0,0,0.28,0.01,0,0,0,1,47,34,87.0,1.0,2,0,0.0,1,100.0,2,0,3,1,1,0,0,3,2,2,67.0,1,50.0,0,1,0,0,0.0,0.0,0,0,0,0.0,0,0,0,0,0.0,0.0,0.0,0,0,98,3,0,0,0.0,0.0,0.0,0.0,0.0,0.0,0.0
44,25-26-prem-aston-villa-vs-sunderland,0,0,0,0,0.0,0.0,0,0,0,0,0,0,0.0,0.0,0,0,0.0,0,0.0,0,0,0,0,0,0,0,0,0,0,0.0,0,0.0,0,0,0,0,0.0,0.0,0,0,0,0.0,0,0,0,0,0.0,0.0,0.0,0,0,98,3,0,0,0.0,0.0,0.0,0.0,0.0,0.0,0.0
443,25-26-prem-chelsea-vs-manchester-united,90,0,0,0,0.0,0.0,0,0,0,0,47,25,83.0,0.0,1,0,0.0,1,50.0,1,1,3,0,8,5,0,7,1,4,80.0,3,100.0,3,1,0,0,0.0,0.0,0,0,0,0.0,0,0,0,0,0.0,0.0,0.0,0,0,94,0,0,0,0.0,0.0,0.0,0.0,0.0,0.0,0.0
449,25-26-prem-chelsea-vs-manchester-united,90,0,1,0,0.04,0.08,0,0,0,1,75,47,78.0,3.0,9,1,14.0,3,43.0,1,0,2,0,0,0,2,2,3,2,40.0,0,0.0,1,1,0,0,0.0,0.0,0,0,0,0.0,0,0,0,0,0.0,0.0,0.0,0,0,94,0,0,0,0.0,0.0,0.0,0.0,0.0,0.0,0.0
232,25-26-prem-chelsea-vs-manchester-united,0,0,0,0,0.0,0.0,0,0,0,0,0,0,0.0,0.0,0,0,0.0,0,0.0,0,0,0,0,0,0,0,0,0,0,0.0,0,0.0,0,0,0,0,0.0,0.0,0,0,0,0.0,0,0,0,0,0.0,0.0,0.0,0,0,94,1,0,0,0.0,0.0,0.0,0.0,0.0,0.0,0.0
24,25-26-champions-league-sporting-cp-vs-arsenal,0,0,0,0,0.0,0.0,0,0,0,0,0,0,0.0,0.0,0,0,0.0,0,0.0,0,0,0,0,0,0,0,0,0,0,0.0,0,0.0,0,0,0,0,0.0,0.0,0,0,0,0.0,0,0,0,0,0.0,0.0,0.0,0,0,94,0,0,0,0.0,0.0,0.0,0.0,0.0,0.0,0.0
2,25-26-champions-league-sporting-cp-vs-arsenal,0,0,0,0,0.0,0.0,0,0,0,0,0,0,0.0,0.0,0,0,0.0,0,0.0,0,0,0,0,0,0,0,0,0,0,0.0,0,0.0,0,0,0,0,0.0,0.0,0,0,0,0.0,0,0,0,0,0.0,0.0,0.0,0,0,94,0,0,0,0.0,0.0,0.0,0.0,0.0,0.0,0.0
450,25-26-prem-chelsea-vs-manchester-united,81,1,0,0,0.22,0.02,1,0,0,2,37,20,95.0,1.0,1,0,0.0,0,0.0,0,1,4,0,1,0,0,0,4,0,0.0,0,0.0,0,2,0,0,0.0,0.0,0,0,0,2.0,0,0,0,0,0.0,0.0,0.79,0,0,81,0,0,0,0.0,0.0,0.0,0.0,0.0,0.0,0.0
448,25-26-prem-chelsea-vs-manchester-united,0,0,0,0,0.0,0.0,0,0,0,0,0,0,0.0,0.0,0,0,0.0,0,0.0,0,0,0,0,0,0,0,0,0,0,0.0,0,0.0,0,0,0,0,0.0,0.0,0,0,0,0.0,0,0,0,0,0.0,0.0,0.0,0,0,94,0,0,0,0.0,0.0,0.0,0.0,0.0,0.0,0.0
431,25-26-prem-chelsea-vs-manchester-united,0,0,0,0,0.0,0.0,0,0,0,0,0,0,0.0,0.0,0,0,0.0,0,0.0,0,0,0,0,0,0,0,0,0,0,0.0,0,0.0,0,0,0,0,0.0,0.0,0,0,0,0.0,0,0,0,0,0.0,0.0,0.0,0,0,94,0,0,0,0.0,0.0,0.0,0.0,0.0,0.0,0.0
224,25-26-prem-chelsea-vs-manchester-united,90,0,0,0,0.0,0.05,0,0,0,6,67,42,93.0,2.0,3,0,0.0,2,67.0,1,5,4,0,1,1,0,2,3,2,40.0,0,0.0,1,3,0,0,0.0,0.0,0,0,0,0.0,0,0,0,0,0.0,0.0,0.0,0,0,94,1,0,0,0.0,0.0,0.0,0.0,0.0,0.0,0.0
230,25-26-prem-chelsea-vs-manchester-united,81,0,0,0,0.12,0.01,1,0,0,3,91,74,95.0,0.0,12,0,0.0,2,67.0,0,1,2,2,5,4,0,3,0,0,0.0,3,100.0,0,0,0,0,0.0,0.0,0,0,0,0.0,0,0,0,0,0.0,0.0,0.06,0,0,81,1,0,0,0.0,0.0,0.0,0.0,0.0,0.0,0.0
119,25-26-prem-chelsea-vs-manchester-united,87,0,0,0,0.0,0.03,0,0,0,3,39,18,69.0,0.0,6,0,0.0,0,0.0,0,0,3,0,1,0,0,2,5,1,25.0,1,33.0,1,1,0,0,0.0,0.0,0,0,0,0.0,0,0,0,0,0.0,0.0,0.0,0,0,87,0,0,0,0.0,0.0,0.0,0.0,0.0,0.0,0.0
466,25-26-prem-chelsea-vs-manchester-united,3,0,0,0,0.0,0.0,0,0,0,0,5,2,100.0,0.0,0,0,0.0,0,0.0,0,0,0,0,1,0,0,1,0,1,100.0,0,0.0,1,0,0,0,0.0,0.0,0,0,0,0.0,0,0,0,0,0.0,0.0,0.0,0,87,94,0,0,0,0.0,0.0,0.0,0.0,0.0,0.0,0.0
759,25-26-champions-league-sporting-cp-vs-arsenal,0,0,0,0,0.0,0.0,0,0,0,0,0,0,0.0,0.0,0,0,0.0,0,0.0,0,0,0,0,0,0,0,0,0,0,0.0,0,0.0,0,0,0,0,0.0,0.0,0,0,0,0.0,0,0,0,0,0.0,0.0,0.0,0,0,94,0,0,0,0.0,0.0,0.0,0.0,0.0,0.0,0.0
235,25-26-prem-chelsea-vs-manchester-united,90,0,0,0,0.34,0.04,0,0,0,2,46,29,97.0,1.0,3,0,0.0,1,100.0,1,0,2,0,0,0,0,3,4,3,50.0,0,0.0,1,0,0,0,0.0,0.0,0,0,0,1.0,0,0,0,0,0.0,0.0,0.0,0,0,94,1,0,0,0.0,0.0,0.0,0.0,0.0,0.0,0.0
250,25-26-prem-chelsea-vs-manchester-united,90,0,0,0,0.29,0.01,0,0,0,7,22,8,89.0,1.0,1,0,0.0,0,0.0,0,0,2,0,0,0,0,3,6,2,29.0,1,50.0,2,2,0,0,0.0,0.0,0,0,0,2.0,0,0,0,0,0.0,0.0,0.0,0,0,94,1,0,0,0.0,0.0,0.0,0.0,0.0,0.0,0.0
242,25-26-prem-everton-vs-liverpool,90,0,1,0,0.0,0.64,0,0,0,2,60,32,74.0,2.0,7,1,100.0,0,0.0,3,0,8,0,0,0,3,6,7,5,45.0,1,50.0,1,0,0,0,0.0,0.0,0,0,0,2.0,0,0,0,0,0.0,0.0,0.0,0,0,102,2,0,0,0.0,0.0,0.0,0.0,0.0,0.0,0.0
311,25-26-prem-everton-vs-liverpool,73,1,0,0,0.47,0.0,2,0,0,8,27,7,64.0,1.0,2,0,0.0,1,100.0,1,0,0,0,3,2,0,5,7,1,33.0,4,44.0,0,1,0,0,0.0,0.0,0,0,0,1.0,0,0,0,0,0.0,0.0,1.11,0,0,73,1,0,0,0.0,0.0,0.0,0.0,0.0,0.0,0.0
293,25-26-prem-everton-vs-liverpool,90,0,0,0,0.0,0.06,0,0,0,0,53,18,62.0,1.0,5,1,100.0,0,0.0,0,1,2,2,5,4,0,9,2,3,75.0,6,86.0,3,0,0,0,0.0,0.0,0,0,0,0.0,0,0,0,0,0.0,0.0,0.0,0,0,102,2,0,0,0.0,0.0,0.0,0.0,0.0,0.0,0.0
31,25-26-prem-manchester-city-vs-arsenal,0,0,0,0,0.0,0.0,0,0,0,0,0,0,0.0,0.0,0,0,0.0,0,0.0,0,0,0,0,0,0,0,0,0,0,0.0,0,0.0,0,0,0,0,0.0,0.0,0,0,0,0.0,0,0,0,0,0.0,0.0,0.0,0,0,96,2,0,0,0.0,0.0,0.0,0.0,0.0,0.0,0.0
20,25-26-champions-league-sporting-cp-vs-arsenal,11,0,0,0,0.01,0.01,0,0,0,2,18,10,83.0,0.0,0,0,0.0,1,100.0,0,0,1,0,0,0,0,0,2,0,0.0,0,0.0,0,0,0,0,0.0,0.0,0,0,0,1.0,0,0,0,0,0.0,0.0,0.0,0,79,94,0,0,0,0.0,0.0,0.0,0.0,0.0,0.0,0.0
1,25-26-champions-league-sporting-cp-vs-arsenal,90,0,0,0,0.0,0.01,0,0,0,0,31,0,0.0,0.0,7,0,0.0,0,0.0,0,0,6,0,1,0,0,1,0,0,0.0,1,100.0,0,0,1,0,0.1,0.1,0,16,6,0.0,2,0,0,0,0.0,0.0,0.0,0,0,94,0,0,0,0.0,0.0,0.0,0.0,0.0,0.0,0.0
31,25-26-champions-league-sporting-cp-vs-arsenal,11,0,0,0,0.02,0.01,0,0,0,2,13,6,86.0,0.0,0,0,0.0,0,0.0,1,0,1,0,0,0,0,2,2,2,67.0,0,0.0,0,1,0,0,0.0,0.0,0,0,0,0.0,0,0,0,0,0.0,0.0,0.0,0,79,94,0,0,0,0.0,0.0,0.0,0.0,0.0,0.0,0.0
374,25-26-champions-league-paris-saint-germain-vs-liverpool,90,0,0,0,0.15,0.01,0,0,0,2,66,38,88.0,0.0,6,0,0.0,4,80.0,4,4,6,3,6,2,0,5,3,5,62.0,0,0.0,1,2,0,0,0.0,0.0,0,0,0,1.0,0,0,0,0,0.0,0.0,0.0,0,0,91,2,0,0,0.0,0.0,0.0,0.0,0.0,0.0,0.0
263,25-26-conference-league-crystal-palace-vs-fiorentina,0,0,0,0,0.0,0.0,0,0,0,0,0,0,0.0,0.0,0,0,0.0,0,0.0,0,0,0,0,0,0,0,0,0,0,0.0,0,0.0,0,0,0,0,0.0,0.0,0,0,0,0.0,0,0,0,0,0.0,0.0,0.0,0,0,91,2,0,0,0.0,0.0,0.0,0.0,0.0,0.0,0.0
270,25-26-conference-league-crystal-palace-vs-fiorentina,17,0,0,0,0.0,0.0,0,0,0,0,7,3,75.0,0.0,0,0,0.0,0,0.0,0,0,0,0,0,0,0,2,2,2,67.0,0,0.0,2,1,0,0,0.0,0.0,0,0,0,0.0,0,0,0,0,0.0,0.0,0.0,0,73,91,0,0,0,0.0,0.0,0.0,0.0,0.0,0.0,0.0
209,25-26-prem-nottingham-forest-vs-burnley,7,0,0,0,0.0,0.01,0,0,0,1,12,4,57.0,0.0,1,0,0.0,1,100.0,2,1,0,0,0,0,0,2,0,2,100.0,0,0.0,0,0,0,0,0.0,0.0,0,0,0,0.0,0,0,0,0,0.0,0.0,0.0,0,83,98,1,0,0,0.0,0.0,0.0,0.0,0.0,0.0,0.0
206,25-26-prem-nottingham-forest-vs-burnley,64,0,0,0,0.0,0.02,0,0,0,1,31,15,83.0,0.0,0,0,0.0,0,0.0,3,0,4,0,0,0,1,5,5,5,50.0,0,0.0,2,0,0,0,0.0,0.0,0,0,0,3.0,0,0,0,0,0.0,0.0,0.0,0,0,64,1,0,0,0.0,0.0,0.0,0.0,0.0,0.0,0.0
527,25-26-prem-nottingham-forest-vs-burnley,0,0,0,0,0.0,0.0,0,0,0,0,0,0,0.0,0.0,0,0,0.0,0,0.0,0,0,0,0,0,0,0,0,0,0,0.0,0,0.0,0,0,0,0,0.0,0.0,0,0,0,0.0,0,0,0,0,0.0,0.0,0.0,0,0,98,1,0,0,0.0,0.0,0.0,0.0,0.0,0.0,0.0
233,25-26-prem-brighton-hove-albion-vs-chelsea,1,0,0,0,0.0,0.0,0,0,0,0,2,2,100.0,0.0,1,0,0.0,0,0.0,0,0,0,0,0,0,1,0,1,0,0.0,0,0.0,0,0,0,0,0.0,0.0,0,0,0,0.0,0,0,0,0,0.0,0.0,0.0,0,92,92,0,0,0,0.0,0.0,0.0,0.0,0.0,0.0,0.0
584,25-26-prem-tottenham-hotspur-vs-brighton-hove-albion,33,0,0,0,0.0,0.04,0,0,0,1,17,8,89.0,1.0,1,1,50.0,0,0.0,0,0,1,0,1,1,0,2,3,2,50.0,0,0.0,0,0,0,0,0.0,0.0,0,0,0,1.0,0,0,0,0,0.0,0.0,0.0,0,57,95,1,0,0,0.0,0.0,0.0,0.0,0.0,0.0,0.0
217,25-26-prem-nottingham-forest-vs-burnley,26,0,0,0,0.09,0.01,1,0,0,2,20,10,91.0,0.0,1,0,0.0,0,0.0,1,0,3,0,0,0,0,1,6,1,17.0,0,0.0,0,1,0,0,0.0,0.0,0,0,0,3.0,0,0,0,0,0.0,0.0,0.77,0,64,98,3,0,0,0.0,0.0,0.0,0.0,0.0,0.0,0.0
511,25-26-prem-nottingham-forest-vs-burnley,2,0,0,0,0.0,0.0,0,0,0,0,10,9,100.0,0.0,0,0,0.0,0,0.0,0,0,0,0,0,0,0,0,0,0,0.0,0,0.0,0,0,0,0,0.0,0.0,0,0,0,0.0,0,0,0,0,0.0,0.0,0.0,0,88,98,0,0,0,0.0,0.0,0.0,0.0,0.0,0.0,0.0
320,25-26-prem-brentford-vs-fulham,0,0,0,0,0.0,0.0,0,0,0,0,0,0,0.0,0.0,0,0,0.0,0,0.0,0,0,0,0,0,0,0,0,0,0,0.0,0,0.0,0,0,0,0,0.0,0.0,0,0,0,0.0,0,0,0,0,0.0,0.0,0.0,0,0,90,0,0,0,0.0,0.0,0.0,0.0,0.0,0.0,0.0
111,25-26-prem-brentford-vs-fulham,0,0,0,0,0.0,0.0,0,0,0,0,0,0,0.0,0.0,0,0,0.0,0,0.0,0,0,0,0,0,0,0,0,0,0,0.0,0,0.0,0,0,0,0,0.0,0.0,0,0,0,0.0,0,0,0,0,0.0,0.0,0.0,0,0,90,0,0,0,0.0,0.0,0.0,0.0,0.0,0.0,0.0
723,25-26-prem-crystal-palace-vs-west-ham-united,90,0,0,0,0.01,0.01,0,0,0,0,82,57,92.0,0.0,6,0,0.0,1,25.0,4,0,5,0,11,8,2,8,2,5,71.0,3,100.0,1,0,0,0,0.0,0.0,0,0,0,0.0,0,0,0,0,0.0,0.0,0.0,0,0,92,0,0,0,0.0,0.0,0.0,0.0,0.0,0.0,0.0
459,25-26-prem-chelsea-vs-manchester-united,0,0,0,0,0.0,0.0,0,0,0,0,0,0,0.0,0.0,0,0,0.0,0,0.0,0,0,0,0,0,0,0,0,0,0,0.0,0,0.0,0,0,0,0,0.0,0.0,0,0,0,0.0,0,0,0,0,0.0,0.0,0.0,0,0,94,0,0,0,0.0,0.0,0.0,0.0,0.0,0.0,0.0
319,25-26-prem-brentford-vs-fulham,90,0,0,0,0.0,0.01,0,0,0,0,61,38,84.0,0.0,4,0,0.0,1,50.0,1,2,2,1,0,0,0,4,4,2,100.0,2,33.0,1,0,0,0,0.0,0.0,0,0,0,0.0,0,0,0,0,0.0,0.0,0.0,0,0,90,0,0,0,0.0,0.0,0.0,0.0,0.0,0.0,0.0
149,25-26-prem-brighton-hove-albion-vs-chelsea,0,0,0,0,0.0,0.0,0,0,0,0,0,0,0.0,0.0,0,0,0.0,0,0.0,0,0,0,0,0,0,0,0,0,0,0.0,0,0.0,0,0,0,0,0.0,0.0,0,0,0,0.0,0,0,0,0,0.0,0.0,0.0,0,0,92,0,0,0,0.0,0.0,0.0,0.0,0.0,0.0,0.0
148,25-26-prem-brighton-hove-albion-vs-chelsea,90,1,0,0,0.26,0.09,3,0,0,3,64,37,90.0,0.0,4,0,0.0,1,100.0,1,3,3,0,3,3,2,5,3,3,60.0,2,67.0,1,0,0,0,0.0,0.0,0,0,0,0.0,0,0,0,0,0.0,0.0,1.55,0,0,92,0,0,0,0.0,0.0,0.0,0.0,0.0,0.0,0.0
224,25-26-prem-brighton-hove-albion-vs-chelsea,90,0,0,0,0.0,0.0,0,0,0,1,33,14,88.0,0.0,1,0,0.0,0,0.0,0,1,1,0,5,3,0,3,0,3,100.0,0,0.0,3,0,0,0,0.0,0.0,0,0,0,0.0,0,0,0,0,0.0,0.0,0.0,0,0,92,3,0,0,0.0,0.0,0.0,0.0,0.0,0.0,0.0
230,25-26-prem-brighton-hove-albion-vs-chelsea,45,0,0,0,0.0,0.01,0,0,0,2,36,22,76.0,0.0,4,0,0.0,1,50.0,0,2,2,1,2,0,0,1,1,1,50.0,0,0.0,1,1,0,0,0.0,0.0,0,0,0,0.0,0,0,0,0,0.0,0.0,0.0,0,0,46,1,0,0,0.0,0.0,0.0,0.0,0.0,0.0,0.0
163,25-26-prem-brighton-hove-albion-vs-chelsea,89,1,0,0,1.03,0.03,2,0,0,3,31,22,96.0,0.0,2,0,0.0,0,0.0,1,0,0,0,0,0,0,1,7,1,20.0,0,0.0,0,3,0,0,0.0,0.0,0,0,0,0.0,0,0,0,0,0.0,0.0,0.45,0,0,92,0,0,0,0.0,0.0,0.0,0.0,0.0,0.0,0.0
167,25-26-prem-brighton-hove-albion-vs-chelsea,90,0,0,0,0.0,0.33,0,0,0,1,59,41,89.0,1.0,4,0,0.0,0,0.0,1,0,6,1,2,2,0,4,4,3,43.0,1,100.0,0,2,0,0,0.0,0.0,0,0,0,1.0,0,0,0,0,0.0,0.0,0.0,0,0,92,0,0,0,0.0,0.0,0.0,0.0,0.0,0.0,0.0
246,25-26-prem-brighton-hove-albion-vs-chelsea,0,0,0,0,0.0,0.0,0,0,0,0,0,0,0.0,0.0,0,0,0.0,0,0.0,0,0,0,0,0,0,0,0,0,0,0.0,0,0.0,0,0,0,0,0.0,0.0,0,0,0,0.0,0,0,0,0,0.0,0.0,0.0,0,0,92,3,0,0,0.0,0.0,0.0,0.0,0.0,0.0,0.0
344,25-26-prem-leeds-united-vs-wolverhampton-wanderers,90,0,0,0,0.06,0.0,0,0,0,2,71,47,80.0,1.0,7,0,0.0,1,17.0,0,1,6,0,2,0,1,1,3,1,50.0,0,0.0,1,0,0,0,0.0,0.0,0,0,0,0.0,0,0,0,0,0.0,0.0,0.0,0,0,102,0,0,0,0.0,0.0,0.0,0.0,0.0,0.0,0.0
698,25-26-prem-leeds-united-vs-wolverhampton-wanderers,67,1,1,0,0.36,0.17,2,0,0,6,45,18,78.0,4.0,2,0,0.0,1,100.0,1,1,5,0,2,0,0,3,10,3,25.0,0,0.0,1,0,0,0,0.0,0.0,0,0,0,6.0,0,0,0,0,0.0,0.0,0.61,0,0,67,0,0,0,0.0,0.0,0.0,0.0,0.0,0.0,0.0
591,25-26-prem-tottenham-hotspur-vs-brighton-hove-albion,33,0,0,0,0.04,0.0,1,0,0,1,13,6,75.0,0.0,1,0,0.0,0,0.0,0,0,0,0,2,1,0,1,1,1,50.0,0,0.0,0,1,0,0,0.0,0.0,0,0,0,0.0,0,0,0,0,0.0,0.0,0.11,0,57,95,1,0,0,0.0,0.0,0.0,0.0,0.0,0.0,0.0
167,25-26-prem-tottenham-hotspur-vs-brighton-hove-albion,0,0,0,0,0.0,0.0,0,0,0,0,0,0,0.0,0.0,0,0,0.0,0,0.0,0,0,0,0,0,0,0,0,0,0,0.0,0,0.0,0,0,0,0,0.0,0.0,0,0,0,0.0,0,0,0,0,0.0,0.0,0.0,0,0,95,2,0,0,0.0,0.0,0.0,0.0,0.0,0.0,0.0
2,25-26-prem-manchester-city-vs-arsenal,0,0,0,0,0.0,0.0,0,0,0,0,0,0,0.0,0.0,0,0,0.0,0,0.0,0,0,0,0,0,0,0,0,0,0,0.0,0,0.0,0,0,0,0,0.0,0.0,0,0,0,0.0,0,0,0,0,0.0,0.0,0.0,0,0,96,2,0,0,0.0,0.0,0.0,0.0,0.0,0.0,0.0
21,25-26-prem-manchester-city-vs-arsenal,90,0,0,0,0.0,0.07,0,0,0,0,51,29,81.0,1.0,3,1,33.0,2,67.0,3,1,5,0,2,0,1,5,8,3,50.0,2,29.0,0,2,0,0,0.0,0.0,0,0,0,0.0,0,0,0,0,0.0,0.0,0.0,0,0,96,2,0,0,0.0,0.0,0.0,0.0,0.0,0.0,0.0
691,25-26-prem-afc-bournemouth-vs-leeds-united,90,0,0,0,0.0,0.01,0,0,0,2,37,13,52.0,0.0,3,0,0.0,0,0.0,0,0,1,0,6,6,0,6,11,0,0.0,6,43.0,0,3,0,0,0.0,0.0,0,0,0,0.0,0,0,0,0,0.0,0.0,0.0,0,0,97,2,0,0,0.0,0.0,0.0,0.0,0.0,0.0,0.0
354,25-26-prem-afc-bournemouth-vs-leeds-united,90,0,0,0,0.0,0.03,0,0,0,0,63,33,85.0,1.0,7,0,0.0,3,60.0,4,1,5,1,5,1,1,8,4,7,70.0,1,50.0,3,1,0,0,0.0,0.0,0,0,0,1.0,0,0,0,0,0.0,0.0,0.0,0,0,97,2,0,0,0.0,0.0,0.0,0.0,0.0,0.0,0.0
72,25-26-prem-afc-bournemouth-vs-leeds-united,90,0,1,0,0.13,0.25,0,0,0,6,92,55,74.0,1.0,21,1,50.0,4,25.0,0,2,4,0,4,1,1,9,7,3,60.0,6,55.0,2,0,0,0,0.0,0.0,0,0,0,1.0,0,0,0,0,0.0,0.0,0.0,0,0,97,2,0,0,0.0,0.0,0.0,0.0,0.0,0.0,0.0
606,25-26-prem-crystal-palace-vs-west-ham-united,90,0,0,0,0.12,0.0,2,0,0,3,51,31,78.0,0.0,5,0,0.0,1,20.0,1,2,4,0,5,3,0,6,4,1,50.0,5,62.0,0,1,0,0,0.0,0.0,0,0,0,0.0,0,0,0,0,0.0,0.0,0.17,0,0,92,0,0,0,0.0,0.0,0.0,0.0,0.0,0.0,0.0
253,25-26-prem-crystal-palace-vs-west-ham-united,90,0,0,0,0.0,0.0,0,0,0,0,37,0,0.0,0.0,7,0,0.0,0,0.0,0,0,6,0,2,0,0,1,0,0,0.0,1,100.0,0,0,3,0,0.2,0.2,0,18,3,0.0,1,0,3,0,0.0,0.0,0.0,0,0,92,0,0,0,0.0,0.0,0.0,0.0,0.0,0.0,0.0
362,25-26-prem-afc-bournemouth-vs-leeds-united,1,0,0,0,0.0,0.0,0,0,0,0,2,1,50.0,0.0,0,0,0.0,0,0.0,0,0,0,0,0,0,0,1,1,0,0.0,1,50.0,0,0,0,0,0.0,0.0,0,0,0,0.0,0,0,0,0,0.0,0.0,0.0,0,89,97,0,0,0,0.0,0.0,0.0,0.0,0.0,0.0,0.0
343,25-26-prem-afc-bournemouth-vs-leeds-united,90,0,0,0,0.0,0.0,0,0,0,0,47,22,85.0,0.0,2,0,0.0,1,33.0,3,0,3,2,14,10,0,8,2,3,100.0,5,71.0,0,0,0,0,0.0,0.0,0,0,0,0.0,0,0,0,0,0.0,0.0,0.0,0,0,97,2,0,0,0.0,0.0,0.0,0.0,0.0,0.0,0.0
493,25-26-prem-afc-bournemouth-vs-leeds-united,6,1,0,0,0.15,0.0,1,0,0,1,8,1,25.0,0.0,1,0,0.0,0,0.0,0,0,1,0,0,0,0,1,1,0,0.0,1,100.0,0,1,0,0,0.0,0.0,0,0,0,0.0,0,0,0,0,0.0,0.0,0.84,0,84,97,1,0,0,0.0,0.0,0.0,0.0,0.0,0.0,0.0
719,25-26-prem-aston-villa-vs-sunderland,0,0,0,0,0.0,0.0,0,0,0,0,0,0,0.0,0.0,0,0,0.0,0,0.0,0,0,0,0,0,0,0,0,0,0,0.0,0,0.0,0,0,0,0,0.0,0.0,0,0,0,0.0,0,0,0,0,0.0,0.0,0.0,0,0,98,3,0,0,0.0,0.0,0.0,0.0,0.0,0.0,0.0
54,25-26-prem-aston-villa-vs-sunderland,80,0,1,0,0.0,1.03,0,0,0,2,41,18,78.0,4.0,3,3,60.0,1,100.0,0,0,2,0,1,1,0,4,9,3,30.0,1,33.0,1,3,0,0,0.0,0.0,0,0,0,2.0,0,0,0,0,0.0,0.0,0.0,0,0,80,1,0,0,0.0,0.0,0.0,0.0,0.0,0.0,0.0
40,25-26-prem-aston-villa-vs-sunderland,90,0,0,0,0.07,0.02,1,0,0,2,77,59,87.0,0.0,4,0,0.0,4,57.0,0,1,4,0,5,2,0,6,1,1,100.0,5,83.0,1,1,0,0,0.0,0.0,0,0,0,0.0,0,0,0,0,0.0,0.0,0.13,0,0,98,3,0,0,0.0,0.0,0.0,0.0,0.0,0.0,0.0
49,25-26-prem-aston-villa-vs-sunderland,0,0,0,0,0.0,0.0,0,0,0,0,0,0,0.0,0.0,0,0,0.0,0,0.0,0,0,0,0,0,0,0,0,0,0,0.0,0,0.0,0,0,0,0,0.0,0.0,0,0,0,0.0,0,0,0,0,0.0,0.0,0.0,0,0,98,3,0,0,0.0,0.0,0.0,0.0,0.0,0.0,0.0
38,25-26-prem-aston-villa-vs-sunderland,90,0,0,0,0.0,0.0,0,0,0,1,46,40,98.0,0.0,1,0,0.0,0,0.0,1,0,6,0,3,2,0,3,0,2,100.0,1,100.0,1,0,0,0,0.0,0.0,0,0,0,0.0,0,0,0,0,0.0,0.0,0.0,0,0,98,3,0,0,0.0,0.0,0.0,0.0,0.0,0.0,0.0
699,25-26-prem-aston-villa-vs-sunderland,0,0,0,0,0.0,0.0,0,0,0,0,0,0,0.0,0.0,0,0,0.0,0,0.0,0,0,0,0,0,0,0,0,0,0,0.0,0,0.0,0,0,0,0,0.0,0.0,0,0,0,0.0,0,0,0,0,0.0,0.0,0.0,0,0,98,3,0,0,0.0,0.0,0.0,0.0,0.0,0.0,0.0
272,25-26-conference-league-crystal-palace-vs-fiorentina,60,0,0,0,0.18,0.16,0,0,0,2,30,12,71.0,1.0,5,1,100.0,3,75.0,2,1,5,0,2,1,0,5,1,4,80.0,1,100.0,2,0,0,0,0.0,0.0,0,0,0,0.0,0,0,0,0,0.0,0.0,0.0,0,30,91,2,0,0,0.0,0.0,0.0,0.0,0.0,0.0,0.0
27,25-26-prem-brentford-vs-fulham,0,0,0,0,0.0,0.0,0,0,0,0,0,0,0.0,0.0,0,0,0.0,0,0.0,0,0,0,0,0,0,0,0,0,0,0.0,0,0.0,0,0,0,0,0.0,0.0,0,0,0,0.0,0,0,0,0,0.0,0.0,0.0,0,0,90,0,0,0,0.0,0.0,0.0,0.0,0.0,0.0,0.0
328,25-26-prem-brentford-vs-fulham,81,0,0,0,0.18,0.04,0,0,0,7,51,20,80.0,2.0,0,0,0.0,0,0.0,1,1,3,0,1,1,0,2,2,2,50.0,0,0.0,0,1,0,0,0.0,0.0,0,0,0,0.0,0,0,0,0,0.0,0.0,0.0,0,0,81,0,0,0,0.0,0.0,0.0,0.0,0.0,0.0,0.0
101,25-26-prem-brentford-vs-fulham,90,0,0,0,0.0,0.0,0,0,0,0,60,0,0.0,0.0,7,0,0.0,0,0.0,0,0,14,0,1,0,0,1,0,1,100.0,0,0.0,0,0,0,0,0.0,0.0,0,32,2,0.0,2,0,0,0,0.0,0.0,0.0,0,0,90,0,0,0,0.0,0.0,0.0,0.0,0.0,0.0,0.0
680,25-26-prem-nottingham-forest-vs-burnley,6,0,0,0,0.0,0.01,0,0,0,0,4,3,100.0,0.0,0,1,100.0,0,0.0,0,0,0,0,0,0,0,0,1,0,0.0,0,0.0,0,0,0,0,0.0,0.0,0,0,0,0.0,0,0,0,0,0.0,0.0,0.0,0,84,98,1,0,0,0.0,0.0,0.0,0.0,0.0,0.0,0.0
143,25-26-prem-tottenham-hotspur-vs-brighton-hove-albion,90,0,0,0,0.0,0.04,0,0,0,0,90,65,86.0,0.0,15,1,100.0,2,25.0,0,2,7,0,6,4,1,6,1,2,67.0,4,100.0,2,0,0,0,0.0,0.0,0,0,0,0.0,0,0,0,0,0.0,0.0,0.0,0,0,95,2,0,0,0.0,0.0,0.0,0.0,0.0,0.0,0.0
600,25-26-prem-crystal-palace-vs-west-ham-united,0,0,0,0,0.0,0.0,0,0,0,0,0,0,0.0,0.0,0,0,0.0,0,0.0,0,0,0,0,0,0,0,0,0,0,0.0,0,0.0,0,0,0,0,0.0,0.0,0,0,0,0.0,0,0,0,0,0.0,0.0,0.0,0,0,92,0,0,0,0.0,0.0,0.0,0.0,0.0,0.0,0.0
325,25-26-prem-brentford-vs-fulham,67,0,0,0,0.0,0.04,0,0,0,2,43,32,91.0,1.0,2,0,0.0,0,0.0,1,0,1,0,2,1,2,3,5,2,33.0,1,50.0,0,3,0,0,0.0,0.0,0,0,0,0.0,0,0,0,0,0.0,0.0,0.0,0,0,67,0,0,0,0.0,0.0,0.0,0.0,0.0,0.0,0.0
113,25-26-prem-brentford-vs-fulham,90,0,0,0,0.0,0.0,0,0,0,0,65,49,88.0,0.0,3,0,0.0,1,25.0,1,0,0,2,3,2,1,6,3,1,50.0,5,71.0,0,0,0,0,0.0,0.0,0,0,0,0.0,0,0,0,0,0.0,0.0,0.0,0,0,90,0,0,0,0.0,0.0,0.0,0.0,0.0,0.0,0.0
525,25-26-prem-nottingham-forest-vs-burnley,76,0,0,0,0.15,0.02,0,0,0,4,21,8,62.0,1.0,1,0,0.0,0,0.0,0,0,1,0,0,0,0,3,3,1,100.0,2,40.0,1,0,0,0,0.0,0.0,0,0,0,0.0,0,0,0,0,0.0,0.0,0.0,0,0,76,1,0,0,0.0,0.0,0.0,0.0,0.0,0.0,0.0
502,25-26-prem-nottingham-forest-vs-burnley,90,0,0,0,0.0,0.0,0,0,0,0,28,0,0.0,0.0,4,0,0.0,0,0.0,0,0,6,0,0,0,0,0,0,0,0.0,0,0.0,0,0,2,1,1.29,0.29,0,13,4,0.0,1,0,1,0,0.0,0.0,0.0,0,0,98,1,0,0,0.0,0.0,0.0,0.0,0.0,0.0,0.0
517,25-26-prem-nottingham-forest-vs-burnley,90,0,0,0,0.0,0.05,0,0,0,0,98,57,74.0,0.0,13,0,0.0,4,40.0,3,0,7,0,1,0,1,12,9,9,60.0,3,50.0,3,2,0,0,0.0,0.0,0,0,0,2.0,0,0,0,0,0.0,0.0,0.0,0,0,98,1,0,0,0.0,0.0,0.0,0.0,0.0,0.0,0.0
426,25-26-prem-nottingham-forest-vs-burnley,0,0,0,0,0.0,0.0,0,0,0,0,0,0,0.0,0.0,0,0,0.0,0,0.0,0,0,0,0,0,0,0,0,0,0,0.0,0,0.0,0,0,0,0,0.0,0.0,0,0,0,0.0,0,0,0,0,0.0,0.0,0.0,0,0,98,1,0,0,0.0,0.0,0.0,0.0,0.0,0.0,0.0
422,25-26-prem-burnley-vs-manchester-city,0,0,0,0,0.0,0.0,0,0,0,0,0,0,0.0,0.0,0,0,0.0,0,0.0,0,0,0,0,0,0,0,0,0,0,0.0,0,0.0,0,0,0,0,0.0,0.0,0,0,0,0.0,0,0,0,0,0.0,0.0,0.0,0,0,90,0,0,0,0.0,0.0,0.0,0.0,0.0,0.0,0.0
409,25-26-prem-burnley-vs-manchester-city,0,0,0,0,0.0,0.0,0,0,0,0,0,0,0.0,0.0,0,0,0.0,0,0.0,0,0,0,0,0,0,0,0,0,0,0.0,0,0.0,0,0,0,0,0.0,0.0,0,0,0,0.0,0,0,0,0,0.0,0.0,0.0,0,0,90,0,0,0,0.0,0.0,0.0,0.0,0.0,0.0,0.0
614,25-26-prem-burnley-vs-manchester-city,90,0,0,0,0.02,0.04,0,0,0,0,74,36,88.0,0.0,3,2,33.0,0,0.0,5,2,9,0,3,3,0,9,2,9,82.0,0,0.0,4,1,0,0,0.0,0.0,0,0,0,1.0,0,0,0,0,0.0,0.0,0.0,0,0,90,1,0,0,0.0,0.0,0.0,0.0,0.0,0.0,0.0
192,25-26-prem-burnley-vs-manchester-city,90,0,0,0,0.13,0.0,0,0,0,4,61,19,61.0,0.0,1,0,0.0,1,12.0,10,2,2,0,4,3,3,12,4,12,75.0,0,0.0,0,1,0,0,0.0,0.0,0,0,0,0.0,0,0,0,0,0.0,0.0,0.0,0,0,90,1,0,0,0.0,0.0,0.0,0.0,0.0,0.0,0.0
236,25-26-prem-chelsea-vs-manchester-united,90,0,0,0,0.13,0.84,0,0,0,5,63,38,84.0,2.0,8,3,38.0,2,40.0,1,0,1,0,0,0,0,1,5,1,20.0,0,0.0,0,3,0,0,0.0,0.0,0,0,0,1.0,0,0,0,0,0.0,0.0,0.0,0,0,94,1,0,0,0.0,0.0,0.0,0.0,0.0,0.0,0.0
452,25-26-prem-chelsea-vs-manchester-united,10,0,0,0,0.0,0.0,0,0,0,1,5,2,67.0,0.0,0,0,0.0,0,0.0,0,0,0,1,1,0,0,0,0,0,0.0,0,0.0,0,0,0,0,0.0,0.0,0,0,0,0.0,0,0,0,0,0.0,0.0,0.0,0,80,94,0,0,0,0.0,0.0,0.0,0.0,0.0,0.0,0.0
192,25-26-prem-nottingham-forest-vs-burnley,90,0,1,0,0.0,0.22,0,0,0,1,72,39,76.0,1.0,5,0,0.0,6,50.0,4,3,5,0,2,1,2,4,3,4,57.0,0,0.0,0,1,0,0,0.0,0.0,0,0,0,0.0,0,0,0,0,0.0,0.0,0.0,0,0,98,4,0,0,0.0,0.0,0.0,0.0,0.0,0.0,0.0
506,25-26-prem-nottingham-forest-vs-burnley,42,0,0,0,0.0,0.0,0,0,0,0,42,27,87.0,0.0,3,0,0.0,1,33.0,3,1,3,0,2,1,1,4,2,3,60.0,1,100.0,0,0,0,0,0.0,0.0,0,0,0,1.0,0,0,0,0,0.0,0.0,0.0,0,0,42,0,0,0,0.0,0.0,0.0,0.0,0.0,0.0,0.0
587,25-26-prem-tottenham-hotspur-vs-brighton-hove-albion,57,0,0,0,0.0,0.0,0,0,0,0,29,22,92.0,0.0,1,0,0.0,0,0.0,0,0,4,0,0,0,0,0,4,0,0.0,0,0.0,0,3,0,0,0.0,0.0,0,0,0,0.0,0,0,0,0,0.0,0.0,0.0,0,0,57,1,0,0,0.0,0.0,0.0,0.0,0.0,0.0,0.0
570,25-26-prem-tottenham-hotspur-vs-brighton-hove-albion,90,0,0,0,0.0,0.0,0,0,0,0,51,29,88.0,0.0,3,0,0.0,1,50.0,0,2,1,1,9,6,3,3,8,1,17.0,2,40.0,0,2,0,0,0.0,0.0,0,0,0,0.0,0,0,0,0,0.0,0.0,0.0,0,0,95,2,0,0,0.0,0.0,0.0,0.0,0.0,0.0,0.0
149,25-26-prem-tottenham-hotspur-vs-brighton-hove-albion,0,0,0,0,0.0,0.0,0,0,0,0,0,0,0.0,0.0,0,0,0.0,0,0.0,0,0,0,0,0,0,0,0,0,0,0.0,0,0.0,0,0,0,0,0.0,0.0,0,0,0,0.0,0,0,0,0,0.0,0.0,0.0,0,0,95,2,0,0,0.0,0.0,0.0,0.0,0.0,0.0,0.0
148,25-26-prem-tottenham-hotspur-vs-brighton-hove-albion,90,0,0,0,0.14,0.01,0,0,0,3,52,24,80.0,0.0,2,0,0.0,0,0.0,0,0,2,0,5,3,5,2,7,0,0.0,2,100.0,0,1,0,0,0.0,0.0,0,0,0,1.0,0,0,0,0,0.0,0.0,0.0,0,0,95,2,0,0,0.0,0.0,0.0,0.0,0.0,0.0,0.0
726,25-26-prem-tottenham-hotspur-vs-brighton-hove-albion,57,0,0,0,0.07,0.02,0,0,0,4,19,8,89.0,0.0,0,0,0.0,0,0.0,1,0,0,0,2,0,0,2,4,2,40.0,0,0.0,0,2,0,0,0.0,0.0,0,0,0,1.0,0,0,0,0,0.0,0.0,0.0,0,0,57,1,0,0,0.0,0.0,0.0,0.0,0.0,0.0,0.0
157,25-26-prem-tottenham-hotspur-vs-brighton-hove-albion,55,1,0,0,0.09,0.1,1,0,0,5,34,14,100.0,0.0,2,0,0.0,0,0.0,2,0,0,1,1,0,1,4,4,4,50.0,0,0.0,2,2,0,0,0.0,0.0,0,0,0,1.0,0,0,0,0,0.0,0.0,0.41,0,20,75,1,0,0,0.0,0.0,0.0,0.0,0.0,0.0,0.0
566,25-26-prem-tottenham-hotspur-vs-brighton-hove-albion,0,0,0,0,0.0,0.0,0,0,0,0,0,0,0.0,0.0,0,0,0.0,0,0.0,0,0,0,0,0,0,0,0,0,0,0.0,0,0.0,0,0,0,0,0.0,0.0,0,0,0,0.0,0,0,0,0,0.0,0.0,0.0,0,0,95,2,0,0,0.0,0.0,0.0,0.0,0.0,0.0,0.0
164,25-26-prem-tottenham-hotspur-vs-brighton-hove-albion,15,0,0,0,0.0,0.0,0,0,0,0,8,6,100.0,0.0,1,0,0.0,0,0.0,1,0,0,0,0,0,0,1,0,1,100.0,0,0.0,0,0,0,0,0.0,0.0,0,0,0,0.0,0,0,0,0,0.0,0.0,0.0,0,75,95,1,0,0,0.0,0.0,0.0,0.0,0.0,0.0,0.0
573,25-26-prem-tottenham-hotspur-vs-brighton-hove-albion,14,0,0,0,0.0,0.0,0,0,0,0,4,0,0.0,0.0,0,0,0.0,0,0.0,1,0,0,0,0,0,0,1,0,1,100.0,0,0.0,0,0,0,0,0.0,0.0,0,0,0,0.0,0,0,0,0,0.0,0.0,0.0,0,76,95,1,0,0,0.0,0.0,0.0,0.0,0.0,0.0,0.0
568,25-26-prem-tottenham-hotspur-vs-brighton-hove-albion,90,1,0,0,0.18,0.06,2,0,0,3,72,28,74.0,1.0,8,2,25.0,5,71.0,2,5,4,0,4,1,0,4,2,3,75.0,1,50.0,1,0,0,0,0.0,0.0,0,0,0,0.0,0,0,0,0,0.0,0.0,0.44,0,0,95,2,0,0,0.0,0.0,0.0,0.0,0.0,0.0,0.0
365,25-26-prem-leeds-united-vs-wolverhampton-wanderers,1,0,0,0,0.06,0.0,0,0,0,1,4,2,100.0,0.0,1,0,0.0,1,100.0,0,0,0,0,0,0,0,0,0,0,0.0,0,0.0,0,0,0,0,0.0,0.0,0,0,0,0.0,0,0,0,0,0.0,0.0,0.0,0,96,102,0,0,0,0.0,0.0,0.0,0.0,0.0,0.0,0.0
637,25-26-prem-leeds-united-vs-wolverhampton-wanderers,90,0,0,0,0.0,0.0,0,0,0,1,74,42,86.0,0.0,3,0,0.0,6,67.0,2,0,3,1,15,10,1,9,3,4,57.0,5,100.0,2,1,0,0,0.0,0.0,0,0,0,1.0,0,0,0,0,0.0,0.0,0.0,0,0,102,3,0,0,0.0,0.0,0.0,0.0,0.0,0.0,0.0
682,25-26-prem-leeds-united-vs-wolverhampton-wanderers,0,0,0,0,0.0,0.0,0,0,0,0,0,0,0.0,0.0,0,0,0.0,0,0.0,0,0,0,0,0,0,0,0,0,0,0.0,0,0.0,0,0,0,0,0.0,0.0,0,0,0,0.0,0,0,0,0,0.0,0.0,0.0,0,0,102,3,0,0,0.0,0.0,0.0,0.0,0.0,0.0,0.0
720,25-26-prem-leeds-united-vs-wolverhampton-wanderers,0,0,0,0,0.0,0.0,0,0,0,0,0,0,0.0,0.0,0,0,0.0,0,0.0,0,0,0,0,0,0,0,0,0,0,0.0,0,0.0,0,0,0,0,0.0,0.0,0,0,0,0.0,0,0,0,0,0.0,0.0,0.0,0,0,102,3,0,0,0.0,0.0,0.0,0.0,0.0,0.0,0.0
356,25-26-prem-leeds-united-vs-wolverhampton-wanderers,12,0,0,0,0.0,0.0,0,0,0,0,12,5,56.0,0.0,0,0,0.0,0,0.0,0,0,1,0,1,0,1,0,1,0,0.0,0,0.0,0,0,0,0,0.0,0.0,0,0,0,0.0,0,0,0,0,0.0,0.0,0.0,0,78,102,0,0,0,0.0,0.0,0.0,0.0,0.0,0.0,0.0
351,25-26-prem-leeds-united-vs-wolverhampton-wanderers,23,0,0,0,0.0,0.0,0,0,0,2,17,6,60.0,1.0,2,0,0.0,0,0.0,0,0,1,0,0,0,0,1,0,1,100.0,0,0.0,0,0,0,0,0.0,0.0,0,0,0,0.0,0,0,0,0,0.0,0.0,0.0,0,67,102,0,0,0,0.0,0.0,0.0,0.0,0.0,0.0,0.0
633,25-26-prem-leeds-united-vs-wolverhampton-wanderers,90,0,0,0,0.0,0.11,0,0,0,1,56,25,76.0,2.0,4,1,20.0,2,40.0,3,0,1,0,2,1,1,6,5,5,50.0,1,100.0,1,1,0,0,0.0,0.0,0,0,0,1.0,0,0,0,0,0.0,0.0,0.0,0,0,102,3,0,0,0.0,0.0,0.0,0.0,0.0,0.0,0.0
666,25-26-prem-manchester-city-vs-arsenal,6,0,0,0,0.0,0.0,0,0,0,0,0,0,0.0,0.0,0,0,0.0,0,0.0,0,0,0,0,0,0,0,0,1,0,0.0,0,0.0,0,0,0,0,0.0,0.0,0,0,0,0.0,0,0,0,0,0.0,0.0,0.0,0,84,96,0,0,0,0.0,0.0,0.0,0.0,0.0,0.0,0.0
5,25-26-prem-manchester-city-vs-arsenal,90,0,0,0,0.02,0.01,0,0,0,1,44,25,78.0,0.0,5,0,0.0,3,38.0,1,1,3,3,2,1,2,3,7,1,25.0,2,33.0,0,1,0,0,0.0,0.0,0,0,0,0.0,0,0,0,0,0.0,0.0,0.0,0,0,96,2,0,0,0.0,0.0,0.0,0.0,0.0,0.0,0.0
414,25-26-prem-manchester-city-vs-arsenal,5,0,0,0,0.0,0.0,0,0,0,0,3,3,100.0,0.0,0,0,0.0,0,0.0,0,0,2,0,0,0,0,0,0,0,0.0,0,0.0,0,0,0,0,0.0,0.0,0,0,0,0.0,0,0,0,0,0.0,0.0,0.0,0,85,96,0,0,0,0.0,0.0,0.0,0.0,0.0,0.0,0.0
344,25-26-prem-afc-bournemouth-vs-leeds-united,64,0,0,0,0.0,0.0,0,0,0,1,33,16,89.0,0.0,1,0,0.0,5,71.0,0,1,0,1,11,9,1,3,3,0,0.0,3,60.0,0,0,0,0,0.0,0.0,0,0,0,0.0,0,0,0,0,0.0,0.0,0.0,0,0,64,1,0,0,0.0,0.0,0.0,0.0,0.0,0.0,0.0
698,25-26-prem-afc-bournemouth-vs-leeds-united,64,0,0,0,0.19,0.0,0,0,0,3,30,10,77.0,0.0,1,0,0.0,0,0.0,1,0,6,0,1,0,2,5,6,5,45.0,0,0.0,0,0,0,0,0.0,0.0,0,0,0,1.0,0,0,0,0,0.0,0.0,0.0,0,0,64,1,0,0,0.0,0.0,0.0,0.0,0.0,0.0,0.0
345,25-26-prem-afc-bournemouth-vs-leeds-united,0,0,0,0,0.0,0.0,0,0,0,0,0,0,0.0,0.0,0,0,0.0,0,0.0,0,0,0,0,0,0,0,0,0,0,0.0,0,0.0,0,0,0,0,0.0,0.0,0,0,0,0.0,0,0,0,0,0.0,0.0,0.0,0,0,97,2,0,0,0.0,0.0,0.0,0.0,0.0,0.0,0.0
391,25-26-prem-afc-bournemouth-vs-leeds-united,0,0,0,0,0.0,0.0,0,0,0,0,0,0,0.0,0.0,0,0,0.0,0,0.0,0,0,0,0,0,0,0,0,0,0,0.0,0,0.0,0,0,0,0,0.0,0.0,0,0,0,0.0,0,0,0,0,0.0,0.0,0.0,0,0,97,2,0,0,0.0,0.0,0.0,0.0,0.0,0.0,0.0
261,25-26-prem-crystal-palace-vs-west-ham-united,90,0,0,0,0.0,0.02,0,0,0,0,84,48,81.0,0.0,13,0,0.0,4,40.0,0,0,2,1,8,6,1,1,6,0,0.0,1,25.0,0,1,0,0,0.0,0.0,0,0,0,1.0,0,0,0,0,0.0,0.0,0.0,0,0,92,0,0,0,0.0,0.0,0.0,0.0,0.0,0.0,0.0
609,25-26-prem-crystal-palace-vs-west-ham-united,0,0,0,0,0.0,0.0,0,0,0,0,0,0,0.0,0.0,0,0,0.0,0,0.0,0,0,0,0,0,0,0,0,0,0,0.0,0,0.0,0,0,0,0,0.0,0.0,0,0,0,0.0,0,0,0,0,0.0,0.0,0.0,0,0,92,0,0,0,0.0,0.0,0.0,0.0,0.0,0.0,0.0
679,25-26-prem-crystal-palace-vs-west-ham-united,90,0,0,0,0.0,0.0,0,0,0,0,45,0,0.0,1.0,7,0,0.0,0,0.0,0,0,12,0,0,0,0,0,0,0,0.0,0,0.0,0,0,1,0,0.05,0.05,1,15,5,0.0,1,0,1,0,0.0,0.0,0.0,0,0,92,0,0,0,0.0,0.0,0.0,0.0,0.0,0.0,0.0
168,25-26-prem-afc-bournemouth-vs-leeds-united,0,0,0,0,0.0,0.0,0,0,0,0,0,0,0.0,0.0,0,0,0.0,0,0.0,0,0,0,0,0,0,0,0,0,0,0.0,0,0.0,0,0,0,0,0.0,0.0,0,0,0,0.0,0,0,0,0,0.0,0.0,0.0,0,0,97,2,0,0,0.0,0.0,0.0,0.0,0.0,0.0,0.0
807,25-26-prem-afc-bournemouth-vs-leeds-united,23,1,0,0,0.28,0.0,2,0,0,3,14,3,75.0,0.0,1,0,0.0,0,0.0,0,0,0,0,1,0,0,0,7,0,0.0,0,0.0,0,1,0,0,0.0,0.0,0,0,0,1.0,0,0,0,0,0.0,0.0,0.95,0,67,97,2,0,0,0.0,0.0,0.0,0.0,0.0,0.0,0.0
36,25-26-prem-aston-villa-vs-sunderland,90,0,0,0,0.01,0.02,0,0,0,1,42,26,96.0,0.0,1,0,0.0,2,100.0,2,0,4,0,2,1,2,4,4,3,43.0,1,100.0,1,1,0,0,0.0,0.0,0,0,0,0.0,0,0,0,0,0.0,0.0,0.0,0,0,98,3,0,0,0.0,0.0,0.0,0.0,0.0,0.0,0.0
808,25-26-prem-aston-villa-vs-sunderland,10,1,0,0,0.5,0.0,1,0,0,1,4,1,50.0,0.0,1,0,0.0,0,0.0,1,0,1,0,0,0,0,1,0,1,100.0,0,0.0,0,0,0,0,0.0,0.0,0,0,0,0.0,0,0,0,0,0.0,0.0,0.81,0,80,98,2,0,0,0.0,0.0,0.0,0.0,0.0,0.0,0.0
683,25-26-prem-aston-villa-vs-sunderland,63,0,0,0,0.0,0.01,0,0,0,1,41,25,76.0,0.0,5,1,100.0,0,0.0,1,0,3,1,4,3,1,3,3,1,25.0,2,100.0,0,2,0,0,0.0,0.0,0,0,0,0.0,0,0,0,0,0.0,0.0,0.0,0,0,63,3,0,0,0.0,0.0,0.0,0.0,0.0,0.0,0.0
456,25-26-prem-aston-villa-vs-sunderland,10,0,0,0,0.0,0.0,0,0,0,0,5,1,33.0,0.0,0,0,0.0,0,0.0,0,0,1,0,0,0,0,0,3,0,0.0,0,0.0,0,0,0,0,0.0,0.0,0,0,0,0.0,0,0,0,0,0.0,0.0,0.0,0,80,98,2,0,0,0.0,0.0,0.0,0.0,0.0,0.0,0.0
724,25-26-prem-aston-villa-vs-sunderland,0,0,0,0,0.0,0.0,0,0,0,0,0,0,0.0,0.0,0,0,0.0,0,0.0,0,0,0,0,0,0,0,0,0,0,0.0,0,0.0,0,0,0,0,0.0,0.0,0,0,0,0.0,0,0,0,0,0.0,0.0,0.0,0,0,98,4,0,0,0.0,0.0,0.0,0.0,0.0,0.0,0.0
47,25-26-prem-aston-villa-vs-sunderland,90,1,0,0,0.5,0.49,1,0,0,5,47,25,81.0,1.0,2,0,0.0,2,100.0,0,1,3,0,0,0,0,5,3,4,80.0,1,33.0,2,1,0,0,0.0,0.0,0,0,0,1.0,0,0,0,0,0.0,0.0,0.83,0,0,98,3,0,0,0.0,0.0,0.0,0.0,0.0,0.0,0.0
560,25-26-prem-aston-villa-vs-sunderland,6,1,0,0,0.65,0.0,1,0,0,1,2,1,100.0,0.0,0,0,0.0,0,0.0,0,0,0,0,0,0,0,0,1,0,0.0,0,0.0,0,1,0,0,0.0,0.0,0,0,0,0.0,0,0,0,0,0.0,0.0,0.91,0,84,98,1,0,0,0.0,0.0,0.0,0.0,0.0,0.0,0.0
48,25-26-prem-aston-villa-vs-sunderland,90,0,0,0,0.0,0.14,0,0,0,0,67,51,96.0,0.0,7,1,33.0,5,100.0,3,2,1,0,2,1,0,6,0,5,100.0,1,100.0,2,0,0,0,0.0,0.0,0,0,0,0.0,0,0,0,0,0.0,0.0,0.0,0,0,98,3,0,0,0.0,0.0,0.0,0.0,0.0,0.0,0.0
539,25-26-prem-aston-villa-vs-sunderland,90,0,0,0,0.0,0.01,0,0,0,0,74,53,90.0,0.0,8,0,0.0,3,43.0,1,1,4,0,5,2,0,5,0,3,100.0,2,100.0,2,0,0,0,0.0,0.0,0,0,0,0.0,0,0,0,0,0.0,0.0,0.0,0,0,98,4,0,0,0.0,0.0,0.0,0.0,0.0,0.0,0.0
254,25-26-conference-league-crystal-palace-vs-fiorentina,0,0,0,0,0.0,0.0,0,0,0,0,0,0,0.0,0.0,0,0,0.0,0,0.0,0,0,0,0,0,0,0,0,0,0,0.0,0,0.0,0,0,0,0,0.0,0.0,0,0,0,0.0,0,0,0,0,0.0,0.0,0.0,0,0,91,2,0,0,0.0,0.0,0.0,0.0,0.0,0.0,0.0
416,25-26-prem-manchester-city-vs-arsenal,90,0,0,0,0.09,0.02,0,0,0,4,75,53,90.0,1.0,4,0,0.0,2,40.0,3,0,5,0,2,1,2,5,6,5,50.0,0,0.0,1,1,0,0,0.0,0.0,0,0,0,1.0,0,0,0,0,0.0,0.0,0.0,0,0,96,1,0,0,0.0,0.0,0.0,0.0,0.0,0.0,0.0
17,25-26-prem-manchester-city-vs-arsenal,90,0,0,0,0.0,0.35,0,0,0,1,57,41,77.0,4.0,3,0,0.0,3,50.0,0,0,8,0,0,0,1,1,5,0,0.0,1,100.0,0,2,0,0,0.0,0.0,0,0,0,1.0,0,0,0,0,0.0,0.0,0.0,0,0,96,2,0,0,0.0,0.0,0.0,0.0,0.0,0.0,0.0
1,25-26-prem-manchester-city-vs-arsenal,90,0,0,0,0.0,0.0,0,0,0,0,43,0,0.0,0.0,7,0,0.0,0,0.0,0,0,8,0,2,0,0,2,0,1,100.0,1,100.0,1,0,2,2,1.36,-0.64,1,16,8,0.0,0,0,2,0,0.0,0.0,0.0,0,0,96,2,0,0,0.0,0.0,0.0,0.0,0.0,0.0,0.0
727,25-26-prem-brentford-vs-fulham,47,0,0,0,0.0,0.08,0,0,0,0,23,9,69.0,0.0,1,0,0.0,0,0.0,0,0,1,0,1,1,1,0,5,0,0.0,0,0.0,0,0,0,0,0.0,0.0,0,0,0,0.0,0,0,0,0,0.0,0.0,0.0,0,43,90,0,0,0,0.0,0.0,0.0,0.0,0.0,0.0,0.0
215,25-26-prem-nottingham-forest-vs-burnley,84,1,0,0,0.17,0.0,1,0,0,2,31,5,45.0,0.0,1,0,0.0,0,0.0,1,1,2,0,3,1,0,7,9,4,36.0,3,60.0,3,4,0,0,0.0,0.0,0,0,0,3.0,0,0,0,0,0.0,0.0,0.3,0,0,84,3,0,0,0.0,0.0,0.0,0.0,0.0,0.0,0.0
