player_id,match_id,minutes_played,goals,assists,total_shots,xg,xa,shots_on_target,successful_dribbles,big_chances_missed,touches_opposition_box,touches,accurate_passes,accurate_passes_percent,chances_created,final_third_passes,accurate_crosses,accurate_crosses_percent,accurate_long_balls,accurate_long_balls_percent,tackles_won,interceptions,recoveries,blocks,clearances,headed_clearances,dribbled_past,duels_won,duels_lost,ground_duels_won,ground_duels_won_percent,aerial_duels_won,aerial_duels_won_percent,was_fouled,fouls_committed,saves,goals_conceded,xgot_faced,goals_prevented,sweeper_actions,gk_accurate_passes,gk_accurate_long_balls,dispossessed,high_claim,corners,saves_inside_box,offsides,successful_dribbles_percent,tackles_won_percent,xgot,tackles,start_min,finish_min,team_goals_conceded,penalties_scored,penalties_missed,top_speed,distance_covered,walking_distance,running_distance,sprinting_distance,number_of_sprints,defensive_contributions
485,25-26-champions-league-barcelona-vs-newcastle-united,90,1,0,1,0.42,0.04,1,1,0,4,26,14,0.0,0.0,0,0,0.0,0,0.0,0,0,3,0,0,0,1,3,4,3,0.0,0,0.0,2,0,0,0,0.0,0.0,0,0,0,,0,0,0,0,0.0,0.0,0.9,0,0,97,2,0,0,0.0,0.0,0.0,0.0,0.0,0.0,0.0
489,25-26-champions-league-barcelona-vs-newcastle-united,27,0,1,0,0.0,0.2,0,2,0,0,17,6,0.0,1.0,1,1,0.0,0,0.0,0,0,0,0,0,0,0,2,2,2,0.0,0,0.0,0,1,0,0,0.0,0.0,0,0,0,,0,0,0,0,0.0,0.0,0.0,0,63,97,1,0,0,0.0,0.0,0.0,0.0,0.0,0.0,0.0
491,25-26-champions-league-barcelona-vs-newcastle-united,90,0,0,2,0.15,0.02,2,0,0,0,56,22,0.0,2.0,8,0,0.0,1,0.0,0,2,6,0,2,0,1,4,5,4,0.0,0,0.0,3,2,0,0,0.0,0.0,0,0,0,,0,0,0,0,0.0,0.0,0.38,1,0,97,2,0,0,0.0,0.0,0.0,0.0,0.0,0.0,0.0
490,25-26-champions-league-barcelona-vs-newcastle-united,62,0,0,1,0.23,0.01,0,0,0,3,27,13,0.0,0.0,3,0,0.0,1,0.0,0,0,5,0,2,1,1,5,3,3,0.0,2,0.0,2,1,0,0,0.0,0.0,0,0,0,,0,0,0,0,0.0,0.0,0.0,1,0,63,1,0,0,0.0,0.0,0.0,0.0,0.0,0.0,0.0
488,25-26-champions-league-barcelona-vs-newcastle-united,90,0,0,1,0.1,0.04,1,1,0,3,49,25,0.0,1.0,5,0,0.0,1,0.0,0,2,7,0,0,0,1,4,7,4,0.0,0,0.0,1,1,0,0,0.0,0.0,0,0,0,,0,0,0,0,0.0,0.0,0.26,2,0,97,2,0,0,0.0,0.0,0.0,0.0,0.0,0.0,0.0
494,25-26-champions-league-barcelona-vs-newcastle-united,28,0,0,0,0.0,0.0,0,1,0,0,14,5,0.0,0.0,3,0,0.0,0,0.0,0,0,3,0,0,0,1,2,2,2,0.0,0,0.0,0,1,0,0,0.0,0.0,0,0,0,,0,0,0,0,0.0,0.0,0.0,1,63,97,1,0,0,0.0,0.0,0.0,0.0,0.0,0.0,0.0
478,25-26-champions-league-barcelona-vs-newcastle-united,76,0,0,0,0.0,0.04,0,0,0,1,49,21,0.0,0.0,8,0,0.0,2,0.0,0,0,6,0,2,1,0,5,5,5,0.0,0,0.0,1,0,0,0,0.0,0.0,0,0,0,,0,0,0,0,0.0,0.0,0.0,4,0,76,2,0,0,0.0,0.0,0.0,0.0,0.0,0.0,0.0
684,25-26-champions-league-barcelona-vs-newcastle-united,27,0,0,0,0.0,0.0,0,1,0,0,20,12,0.0,0.0,0,0,0.0,1,0.0,0,1,3,0,2,1,0,2,3,2,0.0,0,0.0,1,2,0,0,0.0,0.0,0,0,0,,0,0,0,0,0.0,0.0,0.0,0,63,97,1,0,0,0.0,0.0,0.0,0.0,0.0,0.0,0.0
474,25-26-champions-league-barcelona-vs-newcastle-united,63,0,0,0,0.0,0.0,0,0,0,0,27,10,0.0,0.0,3,0,0.0,2,0.0,0,0,0,4,7,6,0,3,3,1,0.0,2,0.0,0,2,0,0,0.0,0.0,0,0,0,,0,0,0,0,0.0,0.0,0.0,1,0,63,1,0,0,0.0,0.0,0.0,0.0,0.0,0.0,0.0
487,25-26-champions-league-barcelona-vs-newcastle-united,62,0,0,3,0.48,0.01,2,0,1,5,15,5,0.0,0.0,1,0,0.0,1,0.0,0,0,0,0,0,0,0,0,0,0,0.0,0,0.0,0,0,0,0,0.0,0.0,0,0,0,,0,0,0,0,0.0,0.0,0.75,0,0,63,1,0,0,0.0,0.0,0.0,0.0,0.0,0.0,0.0
486,25-26-champions-league-barcelona-vs-newcastle-united,63,0,0,1,0.02,0.35,0,0,0,6,24,9,0.0,2.0,0,1,0.0,0,0.0,0,0,0,0,1,0,1,0,3,0,0.0,0,0.0,0,0,0,0,0.0,0.0,0,0,0,,0,0,0,0,0.0,0.0,0.0,0,0,63,1,0,0,0.0,0.0,0.0,0.0,0.0,0.0,0.0
477,25-26-champions-league-barcelona-vs-newcastle-united,90,0,0,0,0.0,0.04,0,1,0,0,59,23,0.0,0.0,6,0,0.0,2,0.0,0,0,8,0,3,1,0,5,5,3,0.0,2,0.0,1,0,0,0,0.0,0.0,0,0,0,,0,0,0,0,0.0,0.0,0.0,1,0,97,2,0,0,0.0,0.0,0.0,0.0,0.0,0.0,0.0
476,25-26-champions-league-barcelona-vs-newcastle-united,90,0,0,0,0.0,0.03,0,0,0,4,39,19,0.0,1.0,2,0,0.0,1,0.0,0,2,3,1,7,2,2,5,8,1,0.0,4,0.0,0,1,0,0,0.0,0.0,0,0,0,,0,0,0,0,0.0,0.0,0.0,1,0,97,2,0,0,0.0,0.0,0.0,0.0,0.0,0.0,0.0
475,25-26-champions-league-barcelona-vs-newcastle-united,14,0,0,1,0.06,0.0,0,0,0,2,14,7,0.0,0.0,0,0,0.0,0,0.0,0,0,0,1,1,0,0,1,1,0,0.0,1,0.0,0,0,0,0,0.0,0.0,0,0,0,,0,0,0,0,0.0,0.0,0.0,0,76,97,0,0,0,0.0,0.0,0.0,0.0,0.0,0.0,0.0
714,25-26-champions-league-barcelona-vs-newcastle-united,28,0,0,0,0.0,0.04,0,0,0,0,9,4,0.0,1.0,0,0,0.0,0,0.0,0,0,0,0,0,0,1,1,2,1,0.0,0,0.0,1,0,0,0,0.0,0.0,0,0,0,,0,0,0,0,0.0,0.0,0.0,0,63,97,1,0,0,0.0,0.0,0.0,0.0,0.0,0.0,0.0
469,25-26-champions-league-barcelona-vs-newcastle-united,90,0,0,0,0.0,0.01,0,0,0,0,24,10,0.0,0.0,2,0,0.0,6,0.0,0,0,5,0,0,0,0,0,1,0,0.0,0,0.0,0,0,3,2,1.73,-0.27,0,10,6,,0,0,0,0,0.0,0.0,0.0,0,0,97,2,0,0,0.0,0.0,0.0,0.0,0.0,0.0,0.0
517,25-26-europa-league-fc-midtjylland-vs-nottingham-forest,90,0,0,3,0.13,0.19,1,3,0,3,98,58,0.0,6.0,6,2,0.0,1,0.0,0,0,6,0,0,0,2,12,6,12,0.0,0,0.0,8,4,0,0,0.0,0.0,0,0,0,,0,0,0,0,0.0,0.0,0.03,1,0,94,3,0,0,0.0,0.0,0.0,0.0,0.0,0.0,0.0
669,25-26-europa-league-fc-midtjylland-vs-nottingham-forest,90,1,0,3,0.29,0.06,2,3,0,7,47,15,0.0,2.0,1,1,0.0,0,0.0,0,0,5,0,2,1,0,6,5,6,0.0,0,0.0,0,2,0,0,0.0,0.0,0,0,0,,0,0,0,0,0.0,0.0,0.93,3,0,94,3,0,0,0.0,0.0,0.0,0.0,0.0,0.0,0.0
521,25-26-europa-league-fc-midtjylland-vs-nottingham-forest,90,0,0,1,0.03,0.36,0,2,0,2,81,56,0.0,2.0,10,0,0.0,3,0.0,0,1,7,1,2,1,2,5,4,4,0.0,1,0.0,0,2,0,0,0.0,0.0,0,0,0,,0,0,0,0,0.0,0.0,0.0,2,0,94,3,0,0,0.0,0.0,0.0,0.0,0.0,0.0,0.0
515,25-26-europa-league-fc-midtjylland-vs-nottingham-forest,90,0,1,2,0.17,0.09,1,0,1,6,65,33,0.0,2.0,5,1,0.0,1,0.0,0,1,3,0,2,1,1,3,12,2,0.0,1,0.0,0,1,0,0,0.0,0.0,0,0,0,,0,0,0,0,0.0,0.0,0.11,2,0,94,3,0,0,0.0,0.0,0.0,0.0,0.0,0.0,0.0
508,25-26-europa-league-fc-midtjylland-vs-nottingham-forest,90,0,0,3,0.1,0.02,2,0,0,1,76,45,0.0,1.0,9,0,0.0,1,0.0,0,1,6,0,0,0,3,5,6,4,0.0,1,0.0,1,0,0,0,0.0,0.0,0,0,0,,0,0,0,0,0.0,0.0,0.1,3,0,94,3,0,0,0.0,0.0,0.0,0.0,0.0,0.0,0.0
525,25-26-europa-league-fc-midtjylland-vs-nottingham-forest,15,1,0,1,0.79,0.32,1,0,0,3,8,4,0.0,0.0,0,0,0.0,0,0.0,0,0,0,0,0,0,0,1,1,0,0.0,1,0.0,0,0,0,0,0.0,0.0,0,0,0,,0,0,0,0,0.0,0.0,0.77,0,75,94,1,1,0,0.0,0.0,0.0,0.0,0.0,0.0,0.0
516,25-26-europa-league-fc-midtjylland-vs-nottingham-forest,90,0,0,3,0.1,0.17,0,0,0,5,52,26,0.0,4.0,2,2,0.0,1,0.0,0,0,1,0,1,0,0,3,3,3,0.0,0,0.0,1,0,0,0,0.0,0.0,0,0,0,,0,0,0,0,0.0,0.0,0.0,2,0,94,3,0,0,0.0,0.0,0.0,0.0,0.0,0.0,0.0
511,25-26-europa-league-fc-midtjylland-vs-nottingham-forest,90,0,0,0,0.0,0.07,0,0,0,1,83,60,0.0,2.0,6,0,0.0,4,0.0,0,0,4,0,4,3,0,9,2,6,0.0,3,0.0,1,1,0,0,0.0,0.0,0,0,0,,0,0,0,0,0.0,0.0,0.0,5,0,94,3,0,0,0.0,0.0,0.0,0.0,0.0,0.0,0.0
526,25-26-europa-league-fc-midtjylland-vs-nottingham-forest,75,0,0,4,0.17,0.03,1,0,0,3,28,14,0.0,0.0,0,0,0.0,1,0.0,0,0,1,0,1,1,0,5,4,2,0.0,3,0.0,2,1,0,0,0.0,0.0,0,0,0,,0,0,0,0,0.0,0.0,0.02,0,0,75,2,0,0,0.0,0.0,0.0,0.0,0.0,0.0,0.0
716,25-26-europa-league-fc-midtjylland-vs-nottingham-forest,62,0,0,1,0.05,0.11,0,0,1,1,46,26,0.0,1.0,4,1,0.0,2,0.0,0,0,0,0,1,0,0,0,0,0,0.0,0,0.0,0,0,0,0,0.0,0.0,0,0,0,,0,0,0,0,0.0,0.0,0.0,0,28,94,1,0,0,0.0,0.0,0.0,0.0,0.0,0.0,0.0
505,25-26-europa-league-fc-midtjylland-vs-nottingham-forest,90,0,0,1,0.22,0.03,1,1,0,2,60,45,0.0,0.0,4,1,0.0,3,0.0,0,0,5,0,4,2,0,3,1,1,0.0,2,0.0,0,1,0,0,0.0,0.0,0,0,0,,0,0,0,0,0.0,0.0,0.74,0,0,94,3,0,0,0.0,0.0,0.0,0.0,0.0,0.0,0.0
502,25-26-europa-league-fc-midtjylland-vs-nottingham-forest,90,0,0,0,0.0,0.0,0,0,0,0,25,11,0.0,0.0,2,0,0.0,2,0.0,0,0,6,0,1,0,0,0,0,0,0.0,0,0.0,0,0,1,3,2.92,-0.08,1,11,2,,0,0,0,0,0.0,0.0,0.0,0,0,94,3,0,0,0.0,0.0,0.0,0.0,0.0,0.0,0.0
506,25-26-europa-league-fc-midtjylland-vs-nottingham-forest,28,0,0,0,0.0,0.0,0,0,0,0,17,9,0.0,0.0,0,0,0.0,1,0.0,0,0,0,0,0,0,0,3,2,3,0.0,0,0.0,2,2,0,0,0.0,0.0,0,0,0,,0,0,0,0,0.0,0.0,0.0,1,0,28,2,0,0,0.0,0.0,0.0,0.0,0.0,0.0,0.0
384,25-26-champions-league-liverpool-vs-galatasaray,62,0,0,2,0.2,0.68,1,2,0,3,22,9,0.0,3.0,1,3,0.0,0,0.0,0,0,1,0,1,1,0,4,1,4,0.0,0,0.0,1,0,0,0,0.0,0.0,0,0,0,,0,0,0,0,0.0,0.0,0.0,1,0,62,1,0,0,0.0,0.0,0.0,0.0,0.0,0.0,0.0
374,25-26-champions-league-liverpool-vs-galatasaray,90,0,0,2,0.19,0.02,0,0,1,4,84,52,0.0,0.0,12,0,0.0,3,0.0,0,2,4,0,14,10,0,10,5,0,0.0,10,0.0,0,2,0,0,0.0,0.0,0,0,0,,0,0,0,0,0.0,0.0,0.0,0,0,91,1,0,0,0.0,0.0,0.0,0.0,0.0,0.0,0.0
388,25-26-champions-league-liverpool-vs-galatasaray,90,0,0,0,0.0,0.09,0,2,0,1,86,61,0.0,1.0,6,0,0.0,4,0.0,0,0,6,0,1,0,0,11,9,10,0.0,1,0.0,5,2,0,0,0.0,0.0,0,0,0,,0,0,0,0,0.0,0.0,0.0,3,0,91,1,0,0,0.0,0.0,0.0,0.0,0.0,0.0,0.0
373,25-26-champions-league-liverpool-vs-galatasaray,90,0,0,0,0.0,0.1,0,0,0,2,105,81,0.0,1.0,14,0,0.0,6,0.0,0,1,2,0,6,3,0,3,1,0,0.0,3,0.0,0,1,0,0,0.0,0.0,0,0,0,,0,0,0,0,0.0,0.0,0.0,0,0,91,1,0,0,0.0,0.0,0.0,0.0,0.0,0.0,0.0
386,25-26-champions-league-liverpool-vs-galatasaray,22,0,0,2,0.07,0.07,0,0,0,0,31,19,0.0,0.0,3,1,0.0,0,0.0,0,2,1,0,1,1,0,1,0,1,0.0,0,0.0,1,0,0,0,0.0,0.0,0,0,0,,0,0,0,0,0.0,0.0,0.0,0,68,91,0,0,0,0.0,0.0,0.0,0.0,0.0,0.0,0.0
390,25-26-champions-league-liverpool-vs-galatasaray,62,0,0,0,0.0,0.02,0,0,0,0,52,41,0.0,0.0,6,0,0.0,1,0.0,0,0,6,0,1,0,2,1,5,1,0.0,0,0.0,1,2,0,0,0.0,0.0,0,0,0,,0,0,0,0,0.0,0.0,0.0,0,0,62,1,0,0,0.0,0.0,0.0,0.0,0.0,0.0,0.0
366,25-26-champions-league-liverpool-vs-galatasaray,56,0,0,0,0.0,0.0,0,0,0,0,24,14,0.0,0.0,0,0,0.0,1,0.0,0,0,6,0,0,0,0,0,0,0,0.0,0,0.0,0,0,3,1,1.01,0.01,0,14,1,,1,0,0,0,0.0,0.0,0.0,0,0,56,1,0,0,0.0,0.0,0.0,0.0,0.0,0.0,0.0
382,25-26-champions-league-liverpool-vs-galatasaray,90,0,0,3,0.37,0.55,1,1,0,3,57,32,0.0,2.0,5,1,0.0,2,0.0,0,0,4,0,0,0,2,4,9,4,0.0,0,0.0,2,1,0,0,0.0,0.0,0,0,0,,0,0,0,0,0.0,0.0,0.44,1,0,91,1,0,0,0.0,0.0,0.0,0.0,0.0,0.0,0.0
387,25-26-champions-league-liverpool-vs-galatasaray,90,0,0,1,0.04,0.11,0,0,0,1,78,49,0.0,1.0,5,2,0.0,5,0.0,0,0,7,0,1,0,1,2,7,2,0.0,0,0.0,0,1,0,0,0.0,0.0,0,0,0,,0,0,0,0,0.0,0.0,0.0,2,0,91,1,0,0,0.0,0.0,0.0,0.0,0.0,0.0,0.0
371,25-26-champions-league-liverpool-vs-galatasaray,90,0,0,2,0.27,0.01,0,0,0,5,60,35,0.0,0.0,4,0,0.0,0,0.0,0,0,1,1,1,0,0,3,4,2,0.0,1,0.0,0,2,0,0,0.0,0.0,0,0,0,,0,0,0,0,0.0,0.0,0.0,2,0,91,1,0,0,0.0,0.0,0.0,0.0,0.0,0.0,0.0
661,25-26-champions-league-liverpool-vs-galatasaray,68,0,0,2,0.52,0.01,1,0,2,6,29,12,0.0,0.0,2,0,0.0,0,0.0,0,0,2,1,2,1,0,3,4,2,0.0,1,0.0,0,1,0,0,0.0,0.0,0,0,0,,0,0,0,0,0.0,0.0,0.32,2,0,68,1,0,0,0.0,0.0,0.0,0.0,0.0,0.0,0.0
375,25-26-champions-league-liverpool-vs-galatasaray,28,0,0,1,0.07,0.01,0,0,0,1,31,15,0.0,0.0,1,0,0.0,1,0.0,0,0,4,0,1,1,0,0,4,0,0.0,0,0.0,0,1,0,0,0.0,0.0,0,0,0,,0,0,0,0,0.0,0.0,0.0,0,62,91,0,0,0,0.0,0.0,0.0,0.0,0.0,0.0,0.0
367,25-26-champions-league-liverpool-vs-galatasaray,34,0,0,0,0.0,0.0,0,0,0,0,18,13,0.0,0.0,1,0,0.0,1,0.0,0,0,3,0,0,0,0,0,0,0,0.0,0,0.0,0,0,0,0,0.0,0.0,1,13,1,,0,0,0,0,0.0,0.0,0.0,0,56,91,0,0,0,0.0,0.0,0.0,0.0,0.0,0.0,0.0
370,25-26-champions-league-liverpool-vs-galatasaray,62,0,0,0,0.0,0.4,0,0,0,6,35,14,0.0,2.0,1,1,0.0,0,0.0,0,0,2,0,0,0,0,2,7,1,0.0,1,0.0,1,1,0,0,0.0,0.0,0,0,0,,0,0,0,0,0.0,0.0,0.0,0,0,62,1,0,0,0.0,0.0,0.0,0.0,0.0,0.0,0.0
381,25-26-champions-league-liverpool-vs-galatasaray,28,0,0,0,0.0,0.02,0,0,0,0,19,9,0.0,0.0,1,0,0.0,0,0.0,0,0,1,0,0,0,1,2,3,2,0.0,0,0.0,1,0,0,0,0.0,0.0,0,0,0,,0,0,0,0,0.0,0.0,0.0,1,62,91,0,0,0,0.0,0.0,0.0,0.0,0.0,0.0,0.0
499,25-26-champions-league-liverpool-vs-galatasaray,28,0,0,1,0.08,0.01,1,0,0,1,4,2,0.0,0.0,0,0,0.0,0,0.0,0,0,0,0,0,0,0,0,2,0,0.0,0,0.0,0,0,0,0,0.0,0.0,0,0,0,,0,0,0,0,0.0,0.0,0.03,0,62,91,0,0,0,0.0,0.0,0.0,0.0,0.0,0.0,0.0
270,25-26-conference-league-aek-larnaca-vs-crystal-palace,87,0,0,0,0.0,0.49,0,1,0,0,79,53,0.0,4.0,9,3,0.0,5,0.0,0,1,2,0,2,0,0,5,4,5,0.0,0,0.0,1,3,0,0,0.0,0.0,0,0,0,,0,0,0,0,0.0,0.0,0.0,3,0,87,1,0,0,0.0,0.0,0.0,0.0,0.0,0.0,0.0
256,25-26-conference-league-aek-larnaca-vs-crystal-palace,90,0,0,1,0.01,0.09,0,0,0,7,78,42,0.0,2.0,3,2,0.0,1,0.0,0,0,6,0,3,1,0,8,1,6,0.0,2,0.0,1,1,0,0,0.0,0.0,0,0,0,,0,0,0,0,0.0,0.0,0.0,5,0,90,1,0,0,0.0,0.0,0.0,0.0,0.0,0.0,0.0
257,25-26-conference-league-aek-larnaca-vs-crystal-palace,90,0,0,1,0.16,0.09,0,0,1,3,109,90,0.0,0.0,8,0,0.0,3,0.0,0,3,7,1,4,3,0,8,2,3,0.0,5,0.0,1,1,0,0,0.0,0.0,0,0,0,,0,0,0,0,0.0,0.0,0.0,2,0,90,1,0,0,0.0,0.0,0.0,0.0,0.0,0.0,0.0
258,25-26-conference-league-aek-larnaca-vs-crystal-palace,90,0,0,0,0.0,0.08,0,0,0,2,73,35,0.0,1.0,5,1,0.0,0,0.0,0,1,7,0,2,0,0,8,1,7,0.0,1,0.0,5,0,0,0,0.0,0.0,0,0,0,,0,0,0,0,0.0,0.0,0.0,3,0,90,1,0,0,0.0,0.0,0.0,0.0,0.0,0.0,0.0
260,25-26-conference-league-aek-larnaca-vs-crystal-palace,90,0,0,1,0.07,0.12,0,0,0,1,120,98,0.0,1.0,34,0,0.0,9,0.0,0,0,4,1,1,1,0,4,2,2,0.0,2,0.0,2,1,0,0,0.0,0.0,0,0,0,,0,0,0,0,0.0,0.0,0.0,0,0,90,1,0,0,0.0,0.0,0.0,0.0,0.0,0.0,0.0
283,25-26-conference-league-aek-larnaca-vs-crystal-palace,90,0,0,5,0.81,0.13,1,0,1,7,33,17,0.0,0.0,3,0,0.0,0,0.0,0,0,1,0,2,2,0,5,2,0,0.0,5,0.0,0,1,0,0,0.0,0.0,0,0,0,,0,0,0,0,0.0,0.0,0.4,0,0,90,1,0,0,0.0,0.0,0.0,0.0,0.0,0.0,0.0
723,25-26-conference-league-aek-larnaca-vs-crystal-palace,60,0,0,1,0.02,0.55,0,1,0,2,78,54,0.0,1.0,7,0,0.0,4,0.0,0,2,4,0,2,0,0,7,0,6,0.0,1,0.0,0,0,0,0,0.0,0.0,0,0,0,,0,0,0,0,0.0,0.0,0.0,5,0,60,1,0,0,0.0,0.0,0.0,0.0,0.0,0.0,0.0
273,25-26-conference-league-aek-larnaca-vs-crystal-palace,19,0,0,0,0.0,0.03,0,0,0,0,34,24,0.0,0.0,5,0,0.0,3,0.0,0,0,2,0,0,0,0,4,0,1,0.0,3,0.0,0,0,0,0,0.0,0.0,0,0,0,,0,0,0,0,0.0,0.0,0.0,1,71,90,0,0,0,0.0,0.0,0.0,0.0,0.0,0.0,0.0
284,25-26-conference-league-aek-larnaca-vs-crystal-palace,30,0,0,2,0.28,0.28,0,1,0,10,23,8,0.0,1.0,0,0,0.0,0,0.0,0,0,2,0,0,0,0,4,4,3,0.0,1,0.0,1,1,0,0,0.0,0.0,0,0,0,,0,0,0,0,0.0,0.0,0.0,1,60,90,0,0,0,0.0,0.0,0.0,0.0,0.0,0.0,0.0
253,25-26-conference-league-aek-larnaca-vs-crystal-palace,90,0,0,0,0.0,0.0,0,0,0,0,21,14,0.0,0.0,2,0,0.0,4,0.0,0,0,7,0,0,0,0,0,0,0,0.0,0,0.0,0,0,1,1,1.03,0.03,1,14,4,,1,0,0,0,0.0,0.0,0.0,0,0,90,1,0,0,0.0,0.0,0.0,0.0,0.0,0.0,0.0
272,25-26-conference-league-aek-larnaca-vs-crystal-palace,71,0,0,1,0.03,0.04,0,0,0,0,46,32,0.0,0.0,3,0,0.0,4,0.0,0,1,6,0,1,1,0,1,2,1,0.0,0,0.0,0,2,0,0,0.0,0.0,0,0,0,,0,0,0,0,0.0,0.0,0.0,1,0,71,1,0,0,0.0,0.0,0.0,0.0,0.0,0.0,0.0
271,25-26-conference-league-aek-larnaca-vs-crystal-palace,19,0,0,0,0.0,0.0,0,0,0,1,7,1,0.0,0.0,0,0,0.0,0,0.0,0,0,0,0,0,0,0,1,0,0,0.0,1,0.0,0,0,0,0,0.0,0.0,0,0,0,,0,0,0,0,0.0,0.0,0.0,0,71,90,0,0,0,0.0,0.0,0.0,0.0,0.0,0.0,0.0
712,25-26-conference-league-aek-larnaca-vs-crystal-palace,71,0,0,2,0.17,0.08,0,0,0,2,41,19,0.0,3.0,1,1,0.0,3,0.0,0,0,3,0,0,0,0,1,10,1,0.0,0,0.0,1,4,0,0,0.0,0.0,0,0,0,,0,0,0,0,0.0,0.0,0.0,0,0,71,1,0,0,0.0,0.0,0.0,0.0,0.0,0.0,0.0
267,25-26-conference-league-aek-larnaca-vs-crystal-palace,87,0,0,1,0.21,0.09,0,0,0,7,34,16,0.0,0.0,0,0,0.0,0,0.0,0,0,1,0,0,0,1,2,7,2,0.0,0,0.0,2,2,0,0,0.0,0.0,0,0,0,,0,0,0,0,0.0,0.0,0.0,0,0,87,1,0,0,0.0,0.0,0.0,0.0,0.0,0.0,0.0
269,25-26-conference-league-aek-larnaca-vs-crystal-palace,3,0,0,0,0.0,0.0,0,0,0,0,3,2,0.0,0.0,0,0,0.0,0,0.0,0,0,0,0,0,0,0,0,0,0,0.0,0,0.0,0,0,0,0,0.0,0.0,0,0,0,,0,0,0,0,0.0,0.0,0.0,0,87,90,0,0,0,0.0,0.0,0.0,0.0,0.0,0.0,0.0
732,25-26-conference-league-aek-larnaca-vs-crystal-palace,3,0,0,0,0.0,0.01,0,0,0,2,6,4,0.0,0.0,0,0,0.0,1,0.0,0,0,0,0,0,0,0,0,0,0,0.0,0,0.0,0,0,0,0,0.0,0.0,0,0,0,,0,0,0,0,0.0,0.0,0.0,0,87,90,0,0,0,0.0,0.0,0.0,0.0,0.0,0.0,0.0
411,25-26-champions-league-manchester-city-vs-real-madrid,90,1,0,2,0.9,0.08,1,1,0,4,58,32,0.0,1.0,4,0,0.0,0,0.0,0,1,5,2,4,2,0,5,5,4,0.0,1,0.0,0,2,0,0,0.0,0.0,0,0,0,0.0,0,0,0,0,0.0,0.0,0.99,3,0,90,1,0,0,0.0,0.0,0.0,0.0,0.0,0.0,0.0
430,25-26-champions-league-manchester-city-vs-real-madrid,70,1,0,3,1.47,0.0,3,0,2,4,13,3,0.0,0.0,0,0,0.0,0,0.0,0,0,0,0,0,0,0,2,2,2,0.0,0,0.0,2,1,0,0,0.0,0.0,0,0,0,0.0,0,0,0,0,0.0,0.0,1.49,0,0,0,1,1,0,0.0,0.0,0.0,0.0,0.0,0.0,0.0
403,25-26-champions-league-manchester-city-vs-real-madrid,90,0,0,1,0.04,0.01,1,0,0,1,68,50,0.0,1.0,8,0,0.0,1,0.0,0,1,4,1,5,5,0,6,3,3,0.0,3,0.0,0,1,0,0,0.0,0.0,0,0,0,0.0,0,0,0,0,0.0,0.0,0.02,3,0,90,1,0,0,0.0,0.0,0.0,0.0,0.0,0.0,0.0
407,25-26-champions-league-manchester-city-vs-real-madrid,90,0,0,0,0.0,0.05,0,0,0,1,99,55,0.0,0.0,12,0,0.0,2,0.0,0,1,8,1,6,4,0,9,4,7,0.0,2,0.0,3,2,0,0,0.0,0.0,0,0,0,0.0,0,0,0,0,0.0,0.0,0.0,4,0,90,1,0,0,0.0,0.0,0.0,0.0,0.0,0.0,0.0
423,25-26-champions-league-manchester-city-vs-real-madrid,90,0,0,0,0.0,0.16,0,0,0,0,72,57,0.0,0.0,7,0,0.0,2,0.0,0,2,8,1,0,0,2,6,6,4,0.0,2,0.0,1,2,0,0,0.0,0.0,0,0,0,0.0,0,0,0,0,0.0,0.0,0.0,3,0,90,1,0,0,0.0,0.0,0.0,0.0,0.0,0.0,0.0
418,25-26-champions-league-manchester-city-vs-real-madrid,87,0,0,2,0.07,0.01,1,6,0,6,49,16,0.0,0.0,1,0,0.0,0,0.0,0,0,3,0,0,0,0,11,8,11,0.0,0,0.0,3,3,0,0,0.0,0.0,0,0,0,0.0,0,0,0,0,0.0,0.0,0.33,2,0,0,1,0,0,0.0,0.0,0.0,0.0,0.0,0.0,0.0
417,25-26-champions-league-manchester-city-vs-real-madrid,71,0,0,2,0.09,0.47,2,1,0,3,56,34,0.0,2.0,0,1,0.0,0,0.0,0,0,3,0,0,0,0,3,3,3,0.0,0,0.0,1,1,0,0,0.0,0.0,0,0,0,0.0,0,0,0,0,0.0,0.0,0.19,1,0,0,1,0,0,0.0,0.0,0.0,0.0,0.0,0.0,0.0
408,25-26-champions-league-manchester-city-vs-real-madrid,90,0,0,0,0.0,0.01,0,0,0,0,53,41,0.0,0.0,5,0,0.0,1,0.0,0,1,1,2,2,2,0,4,1,1,0.0,3,0.0,0,1,0,0,0.0,0.0,0,0,0,0.0,0,0,0,0,0.0,0.0,0.0,1,0,90,1,0,0,0.0,0.0,0.0,0.0,0.0,0.0,0.0
415,25-26-champions-league-manchester-city-vs-real-madrid,19,0,0,1,0.06,0.0,0,3,0,2,17,3,0.0,1.0,1,0,0.0,0,0.0,0,0,4,0,0,0,1,7,3,7,0.0,0,0.0,2,0,0,0,0.0,0.0,0,0,0,0.0,0,0,0,0,0.0,0.0,0.0,2,0,90,1,0,0,0.0,0.0,0.0,0.0,0.0,0.0,0.0
416,25-26-champions-league-manchester-city-vs-real-madrid,90,0,0,0,0.0,0.03,0,1,0,2,52,34,0.0,0.0,3,0,0.0,0,0.0,0,3,0,0,1,0,1,2,8,2,0.0,0,0.0,1,3,0,0,0.0,0.0,0,0,0,0.0,0,0,0,0,0.0,0.0,0.0,0,0,90,1,0,0,0.0,0.0,0.0,0.0,0.0,0.0,0.0
414,25-26-champions-league-manchester-city-vs-real-madrid,70,0,0,0,0.0,0.01,0,0,0,0,30,23,0.0,0.0,1,0,0.0,0,0.0,0,0,3,0,0,0,1,1,2,1,0.0,0,0.0,1,1,0,0,0.0,0.0,0,0,0,0.0,0,0,0,0,0.0,0.0,0.0,0,0,0,1,0,0,0.0,0.0,0.0,0.0,0.0,0.0,0.0
427,25-26-champions-league-manchester-city-vs-real-madrid,20,0,0,1,0.03,0.0,0,1,0,3,9,2,0.0,0.0,0,0,0.0,0,0.0,0,0,0,0,0,0,2,1,2,1,0.0,0,0.0,0,0,0,0,0.0,0.0,0,0,0,0.0,0,0,0,0,0.0,0.0,0.0,0,0,90,1,0,0,0.0,0.0,0.0,0.0,0.0,0.0,0.0
413,25-26-champions-league-manchester-city-vs-real-madrid,20,0,0,0,0.0,0.0,0,0,0,0,6,2,0.0,1.0,0,0,0.0,0,0.0,0,0,2,0,0,0,0,1,3,0,0.0,1,0.0,0,0,0,0,0.0,0.0,0,0,0,0.0,0,0,0,0,0.0,0.0,0.0,0,0,90,1,0,0,0.0,0.0,0.0,0.0,0.0,0.0,0.0
736,25-26-champions-league-manchester-city-vs-real-madrid,90,0,0,0,0.0,0.0,0,0,0,0,24,9,0.0,1.0,3,0,0.0,4,0.0,0,0,4,0,1,0,0,0,0,0,0.0,0,0.0,0,0,0,1,0.13,-0.87,0,9,4,0.0,0,0,0,0,0.0,0.0,0.0,0,0,90,1,0,0,0.0,0.0,0.0,0.0,0.0,0.0,0.0
405,25-26-champions-league-manchester-city-vs-real-madrid,3,0,0,0,0.0,0.0,0,0,0,0,3,0,0.0,0.0,0,0,0.0,0,0.0,0,0,0,0,2,2,0,0,0,0,0.0,0,0.0,0,0,0,0,0.0,0.0,0,0,0,0.0,0,0,0,0,0.0,0.0,0.0,0,0,90,1,0,0,0.0,0.0,0.0,0.0,0.0,0.0,0.0
640,25-26-prem-brentford-vs-wolverhampton-wanderers,0,0,0,0,0.0,0.0,0,0,0,0,0,0,0.0,0.0,0,0,0.0,0,0.0,0,0,0,0,0,0,0,0,0,0,0.0,0,0.0,0,0,0,0,0.0,0.0,0,0,0,0.0,0,0,0,0,0.0,0.0,0.0,0,0,93,2,0,0,0.0,0.0,0.0,0.0,0.0,0.0,0.0
27,25-26-prem-brentford-vs-wolverhampton-wanderers,5,0,0,0,0.07,0.0,0,0,0,1,4,0,0.0,0.0,1,0,0.0,0,0.0,0,0,1,0,0,0,0,0,0,0,0.0,0,0.0,0,0,0,0,0.0,0.0,0,0,0,0.0,0,0,0,0,0.0,0.0,0.0,0,85,93,0,0,0,0.0,0.0,0.0,0.0,0.0,0.0,0.0
644,25-26-prem-brentford-vs-wolverhampton-wanderers,74,0,1,0,0.0,0.3,0,0,0,1,41,24,83.0,2.0,4,0,0.0,2,40.0,0,1,3,0,2,2,0,4,2,3,75.0,1,50.0,3,1,0,0,0.0,0.0,0,0,0,0.0,0,0,0,0,0.0,0.0,0.0,0,0,74,2,0,0,0.0,0.0,0.0,0.0,0.0,0.0,0.0
101,25-26-prem-brentford-vs-wolverhampton-wanderers,90,0,0,0,0.0,0.18,0,0,0,0,46,0,0.0,0.0,2,0,0.0,0,0.0,0,0,7,0,0,0,0,0,0,0,0.0,0,0.0,0,0,2,2,1.24,-0.76,0,30,6,0.0,1,0,2,0,0.0,0.0,0.0,0,0,93,2,0,0,0.0,0.0,0.0,0.0,0.0,0.0,0.0
422,25-26-prem-west-ham-united-vs-manchester-city,0,0,0,0,0.0,0.0,0,0,0,0,0,0,0.0,0.0,0,0,0.0,0,0.0,0,0,0,0,0,0,0,0,0,0,0.0,0,0.0,0,0,0,0,0.0,0.0,0,0,0,0.0,0,0,0,0,0.0,0.0,0.0,0,0,96,1,0,0,0.0,0.0,0.0,0.0,0.0,0.0,0.0
329,25-26-prem-nottingham-forest-vs-fulham,89,0,0,0,0.15,0.2,0,0,0,2,42,18,62.0,1.0,4,1,33.0,0,0.0,1,2,2,1,0,0,2,3,2,3,60.0,0,0.0,1,0,0,0,0.0,0.0,0,0,0,0.0,0,0,0,0,0.0,0.0,0.0,0,0,91,0,0,0,0.0,0.0,0.0,0.0,0.0,0.0,0.0
642,25-26-prem-brentford-vs-wolverhampton-wanderers,0,0,0,0,0.0,0.0,0,0,0,0,0,0,0.0,0.0,0,0,0.0,0,0.0,0,0,0,0,0,0,0,0,0,0,0.0,0,0.0,0,0,0,0,0.0,0.0,0,0,0,0.0,0,0,0,0,0.0,0.0,0.0,0,0,93,2,0,0,0.0,0.0,0.0,0.0,0.0,0.0,0.0
636,25-26-prem-brentford-vs-wolverhampton-wanderers,90,0,0,0,0.04,0.01,1,0,0,3,65,42,81.0,0.0,3,0,0.0,3,38.0,1,0,5,0,6,4,0,4,1,2,100.0,2,67.0,1,0,0,0,0.0,0.0,0,0,0,0.0,0,0,0,0,0.0,0.0,0.05,0,0,93,2,0,0,0.0,0.0,0.0,0.0,0.0,0.0,0.0
106,25-26-prem-brentford-vs-wolverhampton-wanderers,90,0,0,0,0.0,0.0,0,0,0,0,58,48,91.0,0.0,5,0,0.0,1,33.0,0,0,5,1,3,2,0,0,2,0,0.0,0,0.0,0,1,0,0,0.0,0.0,0,0,0,0.0,0,0,0,0,0.0,0.0,0.0,0,0,93,2,0,0,0.0,0.0,0.0,0.0,0.0,0.0,0.0
667,25-26-prem-arsenal-vs-everton,0,0,0,0,0.0,0.0,0,0,0,0,0,0,0.0,0.0,0,0,0.0,0,0.0,0,0,0,0,0,0,0,0,0,0,0.0,0,0.0,0,0,0,0,0.0,0.0,0,0,0,0.0,0,0,0,0,0.0,0.0,0.0,0,0,97,2,0,0,0.0,0.0,0.0,0.0,0.0,0.0,0.0
126,25-26-prem-brentford-vs-wolverhampton-wanderers,90,0,0,0,0.0,0.02,0,0,0,0,53,26,70.0,0.0,5,1,25.0,6,67.0,3,2,5,0,1,0,2,5,5,5,50.0,0,0.0,2,2,0,0,0.0,0.0,0,0,0,1.0,0,0,0,0,0.0,0.0,0.0,0,0,93,2,0,0,0.0,0.0,0.0,0.0,0.0,0.0,0.0
111,25-26-prem-brentford-vs-wolverhampton-wanderers,0,0,0,0,0.0,0.0,0,0,0,0,0,0,0.0,0.0,0,0,0.0,0,0.0,0,0,0,0,0,0,0,0,0,0,0.0,0,0.0,0,0,0,0,0.0,0.0,0,0,0,0.0,0,0,0,0,0.0,0.0,0.0,0,0,93,2,0,0,0.0,0.0,0.0,0.0,0.0,0.0,0.0
637,25-26-prem-brentford-vs-wolverhampton-wanderers,0,0,0,0,0.0,0.0,0,0,0,0,0,0,0.0,0.0,0,0,0.0,0,0.0,0,0,0,0,0,0,0,0,0,0,0.0,0,0.0,0,0,0,0,0.0,0.0,0,0,0,0.0,0,0,0,0,0.0,0.0,0.0,0,0,93,2,0,0,0.0,0.0,0.0,0.0,0.0,0.0,0.0
720,25-26-prem-brentford-vs-wolverhampton-wanderers,16,1,0,0,0.57,0.08,1,0,0,3,13,4,67.0,0.0,1,0,0.0,0,0.0,0,1,1,0,1,1,0,2,2,0,0.0,2,67.0,0,1,0,0,0.0,0.0,0,0,0,0.0,0,0,0,0,0.0,0.0,0.88,0,74,93,0,0,0,0.0,0.0,0.0,0.0,0.0,0.0,0.0
120,25-26-prem-brentford-vs-wolverhampton-wanderers,68,0,0,0,0.0,0.0,0,0,0,3,36,8,42.0,0.0,3,0,0.0,0,0.0,1,0,1,0,2,2,0,5,4,2,50.0,3,60.0,1,1,0,0,0.0,0.0,0,0,0,1.0,0,0,0,0,0.0,0.0,0.0,0,0,68,1,0,0,0.0,0.0,0.0,0.0,0.0,0.0,0.0
633,25-26-prem-brentford-vs-wolverhampton-wanderers,90,0,0,0,0.0,0.2,0,0,0,3,61,21,72.0,2.0,3,5,45.0,1,33.0,0,1,4,0,0,0,0,3,7,3,38.0,0,0.0,1,1,0,0,0.0,0.0,0,0,0,2.0,0,0,0,0,0.0,0.0,0.0,0,0,93,2,0,0,0.0,0.0,0.0,0.0,0.0,0.0,0.0
110,25-26-prem-brentford-vs-wolverhampton-wanderers,90,1,0,0,0.36,0.09,1,0,0,1,69,34,79.0,1.0,8,0,0.0,3,38.0,1,1,7,1,6,4,1,8,6,5,56.0,3,60.0,3,3,0,0,0.0,0.0,0,0,0,0.0,0,0,0,0,0.0,0.0,0.82,0,0,93,2,0,0,0.0,0.0,0.0,0.0,0.0,0.0,0.0
317,25-26-prem-nottingham-forest-vs-fulham,90,0,0,0,0.0,0.01,0,0,0,0,85,55,79.0,0.0,12,0,0.0,6,38.0,0,1,4,0,11,7,0,5,6,0,0.0,5,62.0,0,3,0,0,0.0,0.0,0,0,0,0.0,0,0,0,0,0.0,0.0,0.0,0,0,91,0,0,0,0.0,0.0,0.0,0.0,0.0,0.0,0.0
37,25-26-prem-manchester-united-vs-aston-villa,82,0,0,0,0.0,0.22,0,0,0,1,60,30,81.0,2.0,3,2,33.0,0,0.0,1,2,0,0,4,2,0,1,3,1,50.0,0,0.0,0,0,0,0,0.0,0.0,0,0,0,0.0,0,0,0,0,0.0,0.0,0.0,0,0,82,3,0,0,0.0,0.0,0.0,0.0,0.0,0.0,0.0
146,25-26-prem-sunderland-vs-brighton-hove-albion,90,0,0,0,0.05,0.03,0,0,0,2,79,56,90.0,1.0,6,0,0.0,3,50.0,2,1,3,1,9,6,0,6,0,2,100.0,4,100.0,0,0,0,0,0.0,0.0,0,0,0,0.0,0,0,0,0,0.0,0.0,0.0,0,0,95,0,0,0,0.0,0.0,0.0,0.0,0.0,0.0,0.0
387,25-26-prem-liverpool-vs-tottenham-hotspur,90,1,0,0,0.1,0.4,1,0,0,0,123,76,87.0,0.0,15,2,22.0,5,36.0,1,2,10,0,1,1,2,3,4,2,33.0,1,100.0,1,1,0,0,0.0,0.0,0,0,0,0.0,0,0,0,0,0.0,0.0,0.06,0,0,96,1,0,0,0.0,0.0,0.0,0.0,0.0,0.0,0.0
566,25-26-prem-liverpool-vs-tottenham-hotspur,0,0,0,0,0.0,0.0,0,0,0,0,0,0,0.0,0.0,0,0,0.0,0,0.0,0,0,0,0,0,0,0,0,0,0,0.0,0,0.0,0,0,0,0,0.0,0.0,0,0,0,0.0,0,0,0,0,0.0,0.0,0.0,0,0,96,1,0,0,0.0,0.0,0.0,0.0,0.0,0.0,0.0
55,25-26-prem-manchester-united-vs-aston-villa,82,1,0,0,0.11,0.05,1,0,0,1,73,54,90.0,0.0,8,0,0.0,3,60.0,4,0,6,1,1,0,0,6,3,5,71.0,1,50.0,0,0,0,0,0.0,0.0,0,0,0,2.0,0,0,0,0,0.0,0.0,0.53,0,0,82,3,0,0,0.0,0.0,0.0,0.0,0.0,0.0,0.0
517,25-26-prem-nottingham-forest-vs-fulham,88,0,0,0,0.07,0.23,0,0,0,2,75,48,89.0,3.0,6,1,25.0,3,75.0,0,1,7,0,0,0,0,6,5,4,44.0,2,100.0,2,1,0,0,0.0,0.0,0,0,0,1.0,0,0,0,0,0.0,0.0,0.0,0,0,88,0,0,0,0.0,0.0,0.0,0.0,0.0,0.0,0.0
426,25-26-prem-nottingham-forest-vs-fulham,2,0,0,0,0.0,0.01,0,0,0,1,10,3,75.0,0.0,0,0,0.0,0,0.0,0,1,1,0,0,0,0,1,3,1,33.0,0,0.0,0,1,0,0,0.0,0.0,0,0,0,1.0,0,0,0,0,0.0,0.0,0.0,0,88,91,0,0,0,0.0,0.0,0.0,0.0,0.0,0.0,0.0
424,25-26-prem-nottingham-forest-vs-fulham,62,0,0,0,0.0,0.0,0,0,0,2,22,8,67.0,0.0,1,0,0.0,0,0.0,1,0,1,0,0,0,0,2,3,2,40.0,0,0.0,0,1,0,0,0.0,0.0,0,0,0,3.0,0,0,0,0,0.0,0.0,0.0,0,0,62,0,0,0,0.0,0.0,0.0,0.0,0.0,0.0,0.0
565,25-26-champions-league-tottenham-hotspur-vs-atletico-madrid,73,0,0,0,0.0,0.0,0,0,0,0,30,0,0.0,0.0,4,0,0.0,0,0.0,0,0,4,0,0,0,0,0,0,0,0.0,0,0.0,0,0,3,2,0.98,-1.02,0,13,3,0.0,1,0,2,0,0.0,0.0,0.0,0,17,90,2,0,0,0.0,0.0,0.0,0.0,0.0,0.0,0.0
596,25-26-champions-league-tottenham-hotspur-vs-atletico-madrid,45,1,0,0,0.56,0.43,2,0,0,3,21,7,88.0,1.0,1,1,100.0,0,0.0,0,0,0,0,0,0,0,1,7,1,17.0,0,0.0,0,0,0,0,0.0,0.0,0,0,0,3.0,0,0,0,0,0.0,0.0,1.3,0,46,90,1,0,0,0.0,0.0,0.0,0.0,0.0,0.0,0.0
597,25-26-champions-league-tottenham-hotspur-vs-atletico-madrid,68,0,1,0,0.45,0.04,1,0,0,3,18,8,80.0,1.0,0,0,0.0,0,0.0,0,0,0,0,1,1,0,1,2,1,50.0,0,0.0,1,1,0,0,0.0,0.0,0,0,0,0.0,0,0,0,0,0.0,0.0,0.4,0,0,68,5,0,0,0.0,0.0,0.0,0.0,0.0,0.0,0.0
568,25-26-champions-league-tottenham-hotspur-vs-atletico-madrid,90,1,1,0,0.22,0.27,1,0,0,2,49,18,72.0,3.0,7,2,40.0,1,17.0,0,1,6,0,1,1,1,4,4,4,50.0,0,0.0,2,0,0,0,0.0,0.0,0,0,0,0.0,0,0,0,0,0.0,0.0,0.67,0,0,90,5,0,0,0.0,0.0,0.0,0.0,0.0,0.0,0.0
796,25-26-champions-league-tottenham-hotspur-vs-atletico-madrid,45,0,0,0,0.0,0.0,0,0,0,0,26,17,100.0,0.0,1,0,0.0,0,0.0,1,0,3,0,1,1,1,3,4,3,50.0,0,0.0,1,0,0,0,0.0,0.0,0,0,0,1.0,0,0,0,0,0.0,0.0,0.0,0,46,90,1,0,0,0.0,0.0,0.0,0.0,0.0,0.0,0.0
575,25-26-champions-league-tottenham-hotspur-vs-atletico-madrid,90,0,0,0,0.06,0.05,0,0,0,1,57,33,85.0,1.0,2,0,0.0,2,33.0,3,0,2,0,1,0,0,7,0,7,100.0,0,0.0,3,0,0,0,0.0,0.0,0,0,0,0.0,0,0,0,0,0.0,0.0,0.0,0,0,90,5,0,0,0.0,0.0,0.0,0.0,0.0,0.0,0.0
593,25-26-champions-league-tottenham-hotspur-vs-atletico-madrid,90,0,0,0,0.09,0.01,0,0,0,1,69,49,88.0,0.0,8,0,0.0,4,67.0,3,1,6,0,1,1,0,6,5,4,57.0,2,50.0,0,2,0,0,0.0,0.0,0,0,0,1.0,0,0,0,0,0.0,0.0,0.0,0,0,90,5,0,0,0.0,0.0,0.0,0.0,0.0,0.0,0.0
584,25-26-champions-league-tottenham-hotspur-vs-atletico-madrid,45,0,0,0,0.03,0.04,1,0,0,0,22,6,86.0,2.0,2,1,50.0,0,0.0,0,1,4,0,0,0,0,3,6,3,43.0,0,0.0,0,0,0,0,0.0,0.0,0,0,0,3.0,0,0,0,0,0.0,0.0,0.03,0,0,46,4,0,0,0.0,0.0,0.0,0.0,0.0,0.0,0.0
591,25-26-champions-league-tottenham-hotspur-vs-atletico-madrid,90,0,0,0,0.53,0.01,0,0,0,1,29,18,82.0,1.0,2,0,0.0,0,0.0,2,0,3,0,0,0,0,2,3,2,40.0,0,0.0,0,2,0,0,0.0,0.0,0,0,0,1.0,0,0,0,0,0.0,0.0,0.0,0,0,90,5,0,0,0.0,0.0,0.0,0.0,0.0,0.0,0.0
693,25-26-prem-nottingham-forest-vs-fulham,45,0,0,0,0.0,0.02,0,0,0,4,30,7,64.0,1.0,2,1,20.0,1,100.0,1,0,3,0,0,0,1,5,3,5,62.0,0,0.0,2,0,0,0,0.0,0.0,0,0,0,0.0,0,0,0,0,0.0,0.0,0.0,0,46,91,0,0,0,0.0,0.0,0.0,0.0,0.0,0.0,0.0
595,25-26-champions-league-tottenham-hotspur-vs-atletico-madrid,0,0,0,0,0.0,0.0,0,0,0,0,0,0,0.0,0.0,0,0,0.0,0,0.0,0,0,0,0,0,0,0,0,0,0,0.0,0,0.0,0,0,0,0,0.0,0.0,0,0,0,0.0,0,0,0,0,0.0,0.0,0.0,0,0,90,5,0,0,0.0,0.0,0.0,0.0,0.0,0.0,0.0
263,25-26-prem-crystal-palace-vs-leeds-united,0,0,0,0,0.0,0.0,0,0,0,0,0,0,0.0,0.0,0,0,0.0,0,0.0,0,0,0,0,0,0,0,0,0,0,0.0,0,0.0,0,0,0,0,0.0,0.0,0,0,0,0.0,0,0,0,0,0.0,0.0,0.0,0,0,90,0,0,0,0.0,0.0,0.0,0.0,0.0,0.0,0.0
341,25-26-prem-crystal-palace-vs-leeds-united,90,0,0,0,0.0,0.0,0,0,0,0,41,0,0.0,0.0,15,0,0.0,0,0.0,0,0,10,0,1,0,0,0,0,0,0.0,0,0.0,0,0,0,0,0.0,0.0,2,15,8,0.0,1,0,0,0,0.0,0.0,0.0,0,0,90,0,0,0,0.0,0.0,0.0,0.0,0.0,0.0,0.0
24,25-26-champions-league-arsenal-vs-bayer-leverkusen,0,0,0,0,0.0,0.0,0,0,0,0,0,0,0.0,0.0,0,0,0.0,0,0.0,0,0,0,0,0,0,0,0,0,0,0.0,0,0.0,0,0,0,0,0.0,0.0,0,0,0,0.0,0,0,0,0,0.0,0.0,0.0,0,0,94,1,0,0,0.0,0.0,0.0,0.0,0.0,0.0,0.0
2,25-26-champions-league-arsenal-vs-bayer-leverkusen,0,0,0,0,0.0,0.0,0,0,0,0,0,0,0.0,0.0,0,0,0.0,0,0.0,0,0,0,0,0,0,0,0,0,0,0.0,0,0.0,0,0,0,0,0.0,0.0,0,0,0,0.0,0,0,0,0,0.0,0.0,0.0,0,0,94,1,0,0,0.0,0.0,0.0,0.0,0.0,0.0,0.0
1,25-26-champions-league-arsenal-vs-bayer-leverkusen,90,0,0,0,0.0,0.0,0,0,0,0,33,0,0.0,0.0,3,0,0.0,0,0.0,0,0,7,0,0,0,0,0,0,0,0.0,0,0.0,0,0,2,1,0.68,-0.32,1,18,1,0.0,1,0,1,0,0.0,0.0,0.0,0,0,94,1,0,0,0.0,0.0,0.0,0.0,0.0,0.0,0.0
31,25-26-champions-league-arsenal-vs-bayer-leverkusen,8,0,0,0,0.0,0.0,0,0,0,0,0,0,0.0,0.0,0,0,0.0,0,0.0,0,0,0,0,0,0,0,0,0,0,0.0,0,0.0,0,0,0,0,0.0,0.0,0,0,0,0.0,0,0,0,0,0.0,0.0,0.0,0,82,94,0,0,0,0.0,0.0,0.0,0.0,0.0,0.0,0.0
21,25-26-champions-league-arsenal-vs-bayer-leverkusen,90,0,0,0,0.0,0.08,0,0,0,0,86,73,96.0,1.0,9,1,20.0,1,50.0,0,1,3,0,0,0,0,0,1,0,0.0,0,0.0,0,1,0,0,0.0,0.0,0,0,0,0.0,0,0,0,0,0.0,0.0,0.0,0,0,94,1,0,0,0.0,0.0,0.0,0.0,0.0,0.0,0.0
666,25-26-champions-league-arsenal-vs-bayer-leverkusen,74,0,0,0,0.0,0.25,0,0,0,4,21,11,69.0,1.0,0,0,0.0,0,0.0,0,1,0,0,0,0,1,3,4,2,40.0,1,50.0,2,1,0,0,0.0,0.0,0,0,0,1.0,0,0,0,0,0.0,0.0,0.0,0,0,74,1,0,0,0.0,0.0,0.0,0.0,0.0,0.0,0.0
30,25-26-champions-league-arsenal-vs-bayer-leverkusen,16,1,0,0,0.79,0.0,1,0,0,1,7,2,50.0,0.0,0,0,0.0,0,0.0,0,0,0,0,0,0,0,2,2,0,0.0,2,100.0,0,1,0,0,0.0,0.0,0,0,0,0.0,0,0,0,0,0.0,0.0,0.85,0,74,94,0,1,0,0.0,0.0,0.0,0.0,0.0,0.0,0.0
18,25-26-champions-league-arsenal-vs-bayer-leverkusen,30,0,0,0,0.0,0.11,0,0,0,3,28,19,95.0,0.0,2,1,25.0,0,0.0,1,0,2,0,0,0,0,3,0,3,100.0,0,0.0,1,0,0,0,0.0,0.0,0,0,0,0.0,0,0,0,0,0.0,0.0,0.0,0,60,94,0,0,0,0.0,0.0,0.0,0.0,0.0,0.0,0.0
7,25-26-champions-league-arsenal-vs-bayer-leverkusen,0,0,0,0,0.0,0.0,0,0,0,0,0,0,0.0,0.0,0,0,0.0,0,0.0,0,0,0,0,0,0,0,0,0,0,0.0,0,0.0,0,0,0,0,0.0,0.0,0,0,0,0.0,0,0,0,0,0.0,0.0,0.0,0,0,94,1,0,0,0.0,0.0,0.0,0.0,0.0,0.0,0.0
725,25-26-champions-league-arsenal-vs-bayer-leverkusen,90,0,0,0,0.05,0.02,1,0,0,4,50,28,76.0,0.0,10,0,0.0,1,33.0,0,0,2,0,0,0,0,0,4,0,0.0,0,0.0,0,0,0,0,0.0,0.0,0,0,0,1.0,0,0,0,0,0.0,0.0,0.19,0,0,94,1,0,0,0.0,0.0,0.0,0.0,0.0,0.0,0.0
662,25-26-champions-league-arsenal-vs-bayer-leverkusen,0,0,0,0,0.0,0.0,0,0,0,0,0,0,0.0,0.0,0,0,0.0,0,0.0,0,0,0,0,0,0,0,0,0,0,0.0,0,0.0,0,0,0,0,0.0,0.0,0,0,0,0.0,0,0,0,0,0.0,0.0,0.0,0,0,94,1,0,0,0.0,0.0,0.0,0.0,0.0,0.0,0.0
10,25-26-champions-league-arsenal-vs-bayer-leverkusen,0,0,0,0,0.0,0.0,0,0,0,0,0,0,0.0,0.0,0,0,0.0,0,0.0,0,0,0,0,0,0,0,0,0,0,0.0,0,0.0,0,0,0,0,0.0,0.0,0,0,0,0.0,0,0,0,0,0.0,0.0,0.0,0,0,94,1,0,0,0.0,0.0,0.0,0.0,0.0,0.0,0.0
700,25-26-champions-league-arsenal-vs-bayer-leverkusen,0,0,0,0,0.0,0.0,0,0,0,0,0,0,0.0,0.0,0,0,0.0,0,0.0,0,0,0,0,0,0,0,0,0,0,0.0,0,0.0,0,0,0,0,0.0,0.0,0,0,0,0.0,0,0,0,0,0.0,0.0,0.0,0,0,94,1,0,0,0.0,0.0,0.0,0.0,0.0,0.0,0.0
759,25-26-champions-league-arsenal-vs-bayer-leverkusen,0,0,0,0,0.0,0.0,0,0,0,0,0,0,0.0,0.0,0,0,0.0,0,0.0,0,0,0,0,0,0,0,0,0,0,0.0,0,0.0,0,0,0,0,0.0,0.0,0,0,0,0.0,0,0,0,0,0.0,0.0,0.0,0,0,94,1,0,0,0.0,0.0,0.0,0.0,0.0,0.0,0.0
252,25-26-champions-league-chelsea-vs-paris-saint-germain,0,0,0,0,0.0,0.0,0,0,0,0,0,0,0.0,0.0,0,0,0.0,0,0.0,0,0,0,0,0,0,0,0,0,0,0.0,0,0.0,0,0,0,0,0.0,0.0,0,0,0,0.0,0,0,0,0,0.0,0.0,0.0,0,0,94,5,0,0,0.0,0.0,0.0,0.0,0.0,0.0,0.0
672,25-26-champions-league-chelsea-vs-paris-saint-germain,0,0,0,0,0.0,0.0,0,0,0,0,0,0,0.0,0.0,0,0,0.0,0,0.0,0,0,0,0,0,0,0,0,0,0,0.0,0,0.0,0,0,0,0,0.0,0.0,0,0,0,0.0,0,0,0,0,0.0,0.0,0.0,0,0,94,5,0,0,0.0,0.0,0.0,0.0,0.0,0.0,0.0
231,25-26-champions-league-chelsea-vs-paris-saint-germain,0,0,0,0,0.0,0.0,0,0,0,0,0,0,0.0,0.0,0,0,0.0,0,0.0,0,0,0,0,0,0,0,0,0,0,0.0,0,0.0,0,0,0,0,0.0,0.0,0,0,0,0.0,0,0,0,0,0.0,0.0,0.0,0,0,94,5,0,0,0.0,0.0,0.0,0.0,0.0,0.0,0.0
270,25-26-prem-crystal-palace-vs-leeds-united,60,0,0,0,0.0,0.02,0,0,0,0,37,25,93.0,0.0,3,0,0.0,0,0.0,1,0,2,0,1,1,0,4,2,3,75.0,1,50.0,2,1,0,0,0.0,0.0,0,0,0,0.0,0,0,0,0,0.0,0.0,0.0,0,0,60,0,0,0,0.0,0.0,0.0,0.0,0.0,0.0,0.0
254,25-26-prem-crystal-palace-vs-leeds-united,90,0,0,0,0.0,0.0,0,0,0,0,36,0,0.0,0.0,3,0,0.0,0,0.0,0,0,9,0,1,0,0,0,0,0,0.0,0,0.0,0,0,3,0,0.36,0.36,0,18,5,0.0,1,0,2,0,0.0,0.0,0.0,0,0,90,0,0,0,0.0,0.0,0.0,0.0,0.0,0.0,0.0
272,25-26-prem-crystal-palace-vs-leeds-united,90,0,0,0,0.04,0.04,0,0,0,5,71,42,76.0,0.0,6,0,0.0,8,73.0,2,0,6,0,2,1,0,10,7,4,80.0,6,50.0,2,0,0,0,0.0,0.0,0,0,0,1.0,0,0,0,0,0.0,0.0,0.0,0,0,90,0,0,0,0.0,0.0,0.0,0.0,0.0,0.0,0.0
255,25-26-prem-crystal-palace-vs-leeds-united,0,0,0,0,0.0,0.0,0,0,0,0,0,0,0.0,0.0,0,0,0.0,0,0.0,0,0,0,0,0,0,0,0,0,0,0.0,0,0.0,0,0,0,0,0.0,0.0,0,0,0,0.0,0,0,0,0,0.0,0.0,0.0,0,0,90,0,0,0,0.0,0.0,0.0,0.0,0.0,0.0,0.0
691,25-26-prem-crystal-palace-vs-leeds-united,90,0,0,0,0.94,0.0,2,0,0,4,28,3,43.0,0.0,1,0,0.0,0,0.0,0,0,2,2,4,3,0,8,14,2,67.0,6,32.0,2,1,0,0,0.0,0.0,0,0,0,1.0,0,0,0,0,0.0,0.0,0.34,0,0,90,0,0,1,0.0,0.0,0.0,0.0,0.0,0.0,0.0
271,25-26-prem-crystal-palace-vs-leeds-united,10,0,0,0,0.0,0.0,0,0,0,0,4,2,100.0,0.0,0,0,0.0,1,100.0,0,0,0,0,0,0,0,0,1,0,0.0,0,0.0,0,1,0,0,0.0,0.0,0,0,0,0.0,0,0,0,0,0.0,0.0,0.0,0,80,90,0,0,0,0.0,0.0,0.0,0.0,0.0,0.0,0.0
259,25-26-prem-crystal-palace-vs-leeds-united,0,0,0,0,0.0,0.0,0,0,0,0,0,0,0.0,0.0,0,0,0.0,0,0.0,0,0,0,0,0,0,0,0,0,0,0.0,0,0.0,0,0,0,0,0.0,0.0,0,0,0,0.0,0,0,0,0,0.0,0.0,0.0,0,0,90,0,0,0,0.0,0.0,0.0,0.0,0.0,0.0,0.0
665,25-26-prem-crystal-palace-vs-leeds-united,0,0,0,0,0.0,0.0,0,0,0,0,0,0,0.0,0.0,0,0,0.0,0,0.0,0,0,0,0,0,0,0,0,0,0,0.0,0,0.0,0,0,0,0,0.0,0.0,0,0,0,0.0,0,0,0,0,0.0,0.0,0.0,0,0,90,0,0,0,0.0,0.0,0.0,0.0,0.0,0.0,0.0
283,25-26-prem-crystal-palace-vs-leeds-united,30,0,0,0,0.11,0.0,0,0,0,2,9,4,80.0,0.0,0,0,0.0,0,0.0,0,0,1,0,0,0,0,1,2,0,0.0,1,50.0,0,1,0,0,0.0,0.0,0,0,0,0.0,0,0,0,0,0.0,0.0,0.0,0,60,90,0,0,0,0.0,0.0,0.0,0.0,0.0,0.0,0.0
706,25-26-prem-crystal-palace-vs-leeds-united,90,0,0,0,0.02,0.1,0,0,0,2,41,15,68.0,0.0,2,0,0.0,0,0.0,0,0,4,0,6,2,0,2,5,2,40.0,0,0.0,1,0,0,0,0.0,0.0,0,0,0,0.0,0,0,0,0,0.0,0.0,0.0,0,0,90,0,0,0,0.0,0.0,0.0,0.0,0.0,0.0,0.0
348,25-26-prem-crystal-palace-vs-leeds-united,90,0,0,0,0.0,0.03,0,0,0,2,40,14,70.0,1.0,8,1,100.0,1,25.0,1,0,1,0,10,5,1,7,3,2,67.0,5,71.0,1,0,0,0,0.0,0.0,0,0,0,0.0,0,0,0,0,0.0,0.0,0.0,0,0,90,0,0,0,0.0,0.0,0.0,0.0,0.0,0.0,0.0
353,25-26-prem-crystal-palace-vs-leeds-united,0,0,0,0,0.0,0.0,0,0,0,0,0,0,0.0,0.0,0,0,0.0,0,0.0,0,0,0,0,0,0,0,0,0,0,0.0,0,0.0,0,0,0,0,0.0,0.0,0,0,0,0.0,0,0,0,0,0.0,0.0,0.0,0,0,90,0,0,0,0.0,0.0,0.0,0.0,0.0,0.0,0.0
347,25-26-prem-crystal-palace-vs-leeds-united,45,0,0,0,0.0,0.03,0,0,0,0,29,9,75.0,0.0,3,0,0.0,2,67.0,1,0,2,0,3,0,0,3,3,3,50.0,0,0.0,1,2,0,0,0.0,0.0,0,0,0,0.0,0,0,0,0,0.0,0.0,0.0,0,0,90,0,0,0,0.0,0.0,0.0,0.0,0.0,0.0,0.0
267,25-26-prem-crystal-palace-vs-leeds-united,90,0,0,0,0.0,0.01,0,0,0,2,41,12,57.0,0.0,2,0,0.0,1,100.0,0,0,3,0,0,0,0,6,10,4,44.0,2,29.0,2,0,0,0,0.0,0.0,0,0,0,2.0,0,0,0,0,0.0,0.0,0.0,0,0,90,0,0,0,0.0,0.0,0.0,0.0,0.0,0.0,0.0
354,25-26-prem-crystal-palace-vs-leeds-united,90,0,0,0,0.05,0.12,0,0,0,1,60,21,70.0,0.0,6,0,0.0,4,50.0,3,2,3,2,2,1,0,12,2,7,100.0,5,71.0,3,0,0,0,0.0,0.0,0,0,0,0.0,0,0,0,0,0.0,0.0,0.0,0,0,90,0,0,0,0.0,0.0,0.0,0.0,0.0,0.0,0.0
232,25-26-champions-league-chelsea-vs-paris-saint-germain,0,0,0,0,0.0,0.0,0,0,0,0,0,0,0.0,0.0,0,0,0.0,0,0.0,0,0,0,0,0,0,0,0,0,0,0.0,0,0.0,0,0,0,0,0.0,0.0,0,0,0,0.0,0,0,0,0,0.0,0.0,0.0,0,0,94,5,0,0,0.0,0.0,0.0,0.0,0.0,0.0,0.0
220,25-26-champions-league-chelsea-vs-paris-saint-germain,0,0,0,0,0.0,0.0,0,0,0,0,0,0,0.0,0.0,0,0,0.0,0,0.0,0,0,0,0,0,0,0,0,0,0,0.0,0,0.0,0,0,0,0,0.0,0.0,0,0,0,0.0,0,0,0,0,0.0,0.0,0.0,0,0,94,5,0,0,0.0,0.0,0.0,0.0,0.0,0.0,0.0
226,25-26-champions-league-chelsea-vs-paris-saint-germain,90,0,0,0,0.0,0.0,0,0,0,0,52,46,96.0,0.0,1,0,0.0,1,33.0,0,1,4,0,1,0,2,0,2,0,0.0,0,0.0,0,0,0,0,0.0,0.0,0,0,0,0.0,0,0,0,0,0.0,0.0,0.0,0,0,94,5,0,0,0.0,0.0,0.0,0.0,0.0,0.0,0.0
230,25-26-champions-league-chelsea-vs-paris-saint-germain,90,0,0,0,0.0,0.0,0,0,0,0,59,42,89.0,0.0,1,0,0.0,1,33.0,2,2,1,1,2,0,1,3,2,3,60.0,0,0.0,1,0,0,0,0.0,0.0,0,0,0,1.0,0,0,0,0,0.0,0.0,0.0,0,0,94,5,0,0,0.0,0.0,0.0,0.0,0.0,0.0,0.0
244,25-26-champions-league-chelsea-vs-paris-saint-germain,7,0,0,0,0.0,0.0,0,0,0,0,5,5,100.0,0.0,1,0,0.0,0,0.0,0,0,0,0,0,0,1,1,1,0,0.0,1,100.0,0,0,0,0,0.0,0.0,0,0,0,0.0,0,0,0,0,0.0,0.0,0.0,0,83,94,2,0,0,0.0,0.0,0.0,0.0,0.0,0.0,0.0
228,25-26-champions-league-chelsea-vs-paris-saint-germain,88,1,0,0,0.17,0.02,1,0,0,2,57,23,77.0,1.0,4,0,0.0,1,20.0,4,3,6,0,0,0,0,8,3,7,88.0,1,33.0,1,0,0,0,0.0,0.0,0,0,0,1.0,0,0,0,0,0.0,0.0,0.06,0,0,88,4,0,0,0.0,0.0,0.0,0.0,0.0,0.0,0.0
221,25-26-champions-league-chelsea-vs-paris-saint-germain,90,0,0,0,0.0,0.0,0,0,0,0,64,0,0.0,0.0,4,0,0.0,0,0.0,0,0,11,0,0,0,0,2,0,2,100.0,0,0.0,0,0,3,5,1.79,-3.21,1,40,11,0.0,0,0,1,0,0.0,0.0,0.0,0,0,94,5,0,0,0.0,0.0,0.0,0.0,0.0,0.0,0.0
453,25-26-champions-league-chelsea-vs-paris-saint-germain,2,0,0,0,0.0,0.0,0,0,0,0,0,0,0.0,0.0,0,0,0.0,0,0.0,0,0,0,0,0,0,0,0,0,0,0.0,0,0.0,0,0,0,0,0.0,0.0,0,0,0,0.0,0,0,0,0,0.0,0.0,0.0,0,88,94,1,0,0,0.0,0.0,0.0,0.0,0.0,0.0,0.0
246,25-26-champions-league-chelsea-vs-paris-saint-germain,0,0,0,0,0.0,0.0,0,0,0,0,0,0,0.0,0.0,0,0,0.0,0,0.0,0,0,0,0,0,0,0,0,0,0,0.0,0,0.0,0,0,0,0,0.0,0.0,0,0,0,0.0,0,0,0,0,0.0,0.0,0.0,0,0,94,5,0,0,0.0,0.0,0.0,0.0,0.0,0.0,0.0
570,25-26-champions-league-tottenham-hotspur-vs-atletico-madrid,90,0,0,0,0.0,0.05,0,0,0,0,60,33,79.0,0.0,2,0,0.0,0,0.0,1,2,3,2,2,2,2,3,4,2,33.0,1,100.0,1,2,0,0,0.0,0.0,0,0,0,0.0,0,0,0,0,0.0,0.0,0.0,0,0,90,5,0,0,0.0,0.0,0.0,0.0,0.0,0.0,0.0
569,25-26-champions-league-tottenham-hotspur-vs-atletico-madrid,90,0,0,0,0.05,0.33,0,0,0,2,61,44,94.0,0.0,4,0,0.0,1,33.0,0,4,6,0,3,1,0,4,6,3,43.0,1,33.0,3,3,0,0,0.0,0.0,0,0,0,1.0,0,0,0,0,0.0,0.0,0.0,0,0,90,5,0,0,0.0,0.0,0.0,0.0,0.0,0.0,0.0
726,25-26-champions-league-tottenham-hotspur-vs-atletico-madrid,45,0,0,0,0.0,0.0,0,0,0,2,14,1,33.0,0.0,1,0,0.0,0,0.0,0,0,2,0,1,1,0,1,3,1,25.0,0,0.0,1,0,0,0,0.0,0.0,0,0,0,1.0,0,0,0,0,0.0,0.0,0.0,0,0,46,4,0,0,0.0,0.0,0.0,0.0,0.0,0.0,0.0
33,25-26-europa-league-aston-villa-vs-lille,0,0,0,0,0.0,0.0,0,0,0,0,0,0,0.0,0.0,0,0,0.0,0,0.0,0,0,0,0,0,0,0,0,0,0,0.0,0,0.0,0,0,0,0,0.0,0.0,0,0,0,0.0,0,0,0,0,0.0,0.0,0.0,0,0,92,0,0,0,0.0,0.0,0.0,0.0,0.0,0.0,0.0
83,25-26-prem-brentford-vs-wolverhampton-wanderers,85,0,1,0,0.02,1.02,1,0,0,5,39,15,68.0,4.0,0,2,67.0,0,0.0,2,2,3,0,1,0,0,4,1,3,75.0,1,100.0,0,0,0,0,0.0,0.0,0,0,0,0.0,0,0,0,0,0.0,0.0,0.02,0,0,85,2,0,0,0.0,0.0,0.0,0.0,0.0,0.0,0.0
37,25-26-europa-league-aston-villa-vs-lille,90,0,0,0,0.0,0.01,0,0,0,0,56,29,88.0,0.0,3,0,0.0,0,0.0,3,0,2,0,7,4,1,4,2,4,67.0,0,0.0,1,2,0,0,0.0,0.0,0,0,0,0.0,0,0,0,0,0.0,0.0,0.0,0,0,92,0,0,0,0.0,0.0,0.0,0.0,0.0,0.0,0.0
336,25-26-prem-nottingham-forest-vs-fulham,0,0,0,0,0.0,0.0,0,0,0,0,0,0,0.0,0.0,0,0,0.0,0,0.0,0,0,0,0,0,0,0,0,0,0,0.0,0,0.0,0,0,0,0,0.0,0.0,0,0,0,0.0,0,0,0,0,0.0,0.0,0.0,0,0,91,0,0,0,0.0,0.0,0.0,0.0,0.0,0.0,0.0
335,25-26-prem-nottingham-forest-vs-fulham,63,0,0,0,0.39,0.0,0,0,0,1,31,11,69.0,0.0,4,0,0.0,0,0.0,3,0,3,2,0,0,1,7,5,7,78.0,0,0.0,2,0,0,0,0.0,0.0,0,0,0,1.0,0,0,0,0,0.0,0.0,0.0,0,0,63,0,0,0,0.0,0.0,0.0,0.0,0.0,0.0,0.0
136,25-26-prem-brentford-vs-wolverhampton-wanderers,90,1,0,0,1.85,0.01,1,0,0,4,28,9,64.0,0.0,1,0,0.0,0,0.0,2,1,1,0,3,3,1,3,7,2,29.0,1,33.0,0,2,0,0,0.0,0.0,0,0,0,1.0,0,0,0,0,0.0,0.0,0.99,0,0,93,2,0,0,0.0,0.0,0.0,0.0,0.0,0.0,0.0
719,25-26-europa-league-aston-villa-vs-lille,0,0,0,0,0.0,0.0,0,0,0,0,0,0,0.0,0.0,0,0,0.0,0,0.0,0,0,0,0,0,0,0,0,0,0,0.0,0,0.0,0,0,0,0,0.0,0.0,0,0,0,0.0,0,0,0,0,0.0,0.0,0.0,0,0,92,0,0,0,0.0,0.0,0.0,0.0,0.0,0.0,0.0
54,25-26-europa-league-aston-villa-vs-lille,13,0,0,0,0.0,0.23,0,0,0,0,13,7,100.0,0.0,2,1,100.0,2,100.0,1,0,2,0,0,0,0,2,2,2,50.0,0,0.0,1,0,0,0,0.0,0.0,0,0,0,2.0,0,0,0,0,0.0,0.0,0.0,0,77,92,0,0,0,0.0,0.0,0.0,0.0,0.0,0.0,0.0
40,25-26-europa-league-aston-villa-vs-lille,0,0,0,0,0.0,0.0,0,0,0,0,0,0,0.0,0.0,0,0,0.0,0,0.0,0,0,0,0,0,0,0,0,0,0,0.0,0,0.0,0,0,0,0,0.0,0.0,0,0,0,0.0,0,0,0,0,0.0,0.0,0.0,0,0,92,0,0,0,0.0,0.0,0.0,0.0,0.0,0.0,0.0
64,25-26-europa-league-aston-villa-vs-lille,77,1,0,0,0.05,0.01,1,0,0,5,20,5,50.0,0.0,1,0,0.0,0,0.0,0,0,1,0,0,0,0,2,4,1,25.0,1,50.0,1,1,0,0,0.0,0.0,0,0,0,2.0,0,0,0,0,0.0,0.0,0.08,0,0,77,0,0,0,0.0,0.0,0.0,0.0,0.0,0.0,0.0
11,25-26-champions-league-arsenal-vs-bayer-leverkusen,0,0,0,0,0.0,0.0,0,0,0,0,0,0,0.0,0.0,0,0,0.0,0,0.0,0,0,0,0,0,0,0,0,0,0,0.0,0,0.0,0,0,0,0,0.0,0.0,0,0,0,0.0,0,0,0,0,0.0,0.0,0.0,0,0,94,1,0,0,0.0,0.0,0.0,0.0,0.0,0.0,0.0
5,25-26-champions-league-arsenal-vs-bayer-leverkusen,90,0,0,0,0.0,0.02,0,0,0,1,76,61,94.0,0.0,5,0,0.0,3,75.0,1,0,2,2,5,5,2,4,3,2,40.0,2,100.0,1,1,0,0,0.0,0.0,0,0,0,0.0,0,0,0,0,0.0,0.0,0.0,0,0,94,1,0,0,0.0,0.0,0.0,0.0,0.0,0.0,0.0
266,25-26-champions-league-arsenal-vs-bayer-leverkusen,82,0,0,0,0.0,0.1,0,0,0,1,56,40,89.0,1.0,4,1,50.0,1,100.0,0,0,3,0,1,0,0,3,3,1,33.0,2,67.0,0,0,0,0,0.0,0.0,0,0,0,0.0,0,0,0,0,0.0,0.0,0.0,0,0,82,1,0,0,0.0,0.0,0.0,0.0,0.0,0.0,0.0
8,25-26-champions-league-arsenal-vs-bayer-leverkusen,90,0,0,0,0.43,0.13,0,0,0,4,47,28,78.0,0.0,3,0,0.0,1,50.0,1,1,3,0,0,0,0,3,1,2,67.0,1,100.0,0,0,0,0,0.0,0.0,0,0,0,1.0,0,0,0,0,0.0,0.0,0.0,0,0,94,1,0,0,0.0,0.0,0.0,0.0,0.0,0.0,0.0
6,25-26-champions-league-arsenal-vs-bayer-leverkusen,90,0,0,0,0.0,0.03,0,0,0,0,93,77,90.0,0.0,10,0,0.0,1,33.0,0,0,6,0,3,2,0,4,2,2,50.0,2,100.0,1,2,0,0,0.0,0.0,0,0,0,0.0,0,0,0,0,0.0,0.0,0.0,0,0,94,1,0,0,0.0,0.0,0.0,0.0,0.0,0.0,0.0
456,25-26-europa-league-aston-villa-vs-lille,83,0,0,0,0.0,0.03,0,0,0,3,52,32,84.0,1.0,3,0,0.0,1,100.0,3,0,5,0,1,0,1,6,4,5,62.0,1,50.0,1,0,0,0,0.0,0.0,0,0,0,1.0,0,0,0,0,0.0,0.0,0.0,0,0,83,0,0,0,0.0,0.0,0.0,0.0,0.0,0.0,0.0
47,25-26-europa-league-aston-villa-vs-lille,89,0,0,0,0.17,0.11,0,0,0,6,50,24,89.0,2.0,4,1,50.0,1,100.0,0,3,3,0,0,0,1,3,10,2,20.0,1,33.0,1,3,0,0,0.0,0.0,0,0,0,2.0,0,0,0,0,0.0,0.0,0.0,0,0,90,0,0,0,0.0,0.0,0.0,0.0,0.0,0.0,0.0
389,25-26-europa-league-aston-villa-vs-lille,1,0,0,0,0.0,0.0,0,0,0,0,8,5,100.0,0.0,0,0,0.0,0,0.0,1,0,0,0,0,0,0,2,0,2,100.0,0,0.0,0,0,0,0,0.0,0.0,0,0,0,0.0,0,0,0,0,0.0,0.0,0.0,0,90,92,0,0,0,0.0,0.0,0.0,0.0,0.0,0.0,0.0
16,25-26-champions-league-arsenal-vs-bayer-leverkusen,60,0,0,0,0.02,0.01,0,0,0,4,38,16,84.0,0.0,2,0,0.0,1,100.0,0,1,3,0,0,0,1,2,6,2,25.0,0,0.0,1,1,0,0,0.0,0.0,0,0,0,2.0,0,0,0,0,0.0,0.0,0.0,0,0,60,1,0,0,0.0,0.0,0.0,0.0,0.0,0.0,0.0
342,25-26-prem-crystal-palace-vs-leeds-united,45,0,0,0,0.0,0.0,0,0,0,1,15,6,86.0,0.0,1,0,0.0,0,0.0,2,0,3,0,3,0,0,2,1,2,67.0,0,0.0,0,1,0,0,0.0,0.0,0,0,0,0.0,0,0,0,0,0.0,0.0,0.0,0,46,90,0,0,0,0.0,0.0,0.0,0.0,0.0,0.0,0.0
362,25-26-prem-crystal-palace-vs-leeds-united,0,0,0,0,0.0,0.0,0,0,0,0,0,0,0.0,0.0,0,0,0.0,0,0.0,0,0,0,0,0,0,0,0,0,0,0.0,0,0.0,0,0,0,0,0.0,0.0,0,0,0,0.0,0,0,0,0,0.0,0.0,0.0,0,0,90,0,0,0,0.0,0.0,0.0,0.0,0.0,0.0,0.0
343,25-26-prem-crystal-palace-vs-leeds-united,90,0,0,0,0.0,0.0,0,0,0,3,51,22,69.0,0.0,2,0,0.0,1,33.0,1,2,4,0,7,6,1,9,7,3,60.0,6,55.0,2,1,0,0,0.0,0.0,0,0,0,0.0,0,0,0,0,0.0,0.0,0.0,0,0,90,0,0,0,0.0,0.0,0.0,0.0,0.0,0.0,0.0
493,25-26-prem-crystal-palace-vs-leeds-united,0,0,0,0,0.0,0.0,0,0,0,0,0,0,0.0,0.0,0,0,0.0,0,0.0,0,0,0,0,0,0,0,0,0,0,0.0,0,0.0,0,0,0,0,0.0,0.0,0,0,0,0.0,0,0,0,0,0.0,0.0,0.0,0,0,90,0,0,0,0.0,0.0,0.0,0.0,0.0,0.0,0.0
654,25-26-prem-crystal-palace-vs-leeds-united,60,0,0,0,0.0,0.02,0,0,0,1,23,8,47.0,0.0,1,0,0.0,0,0.0,0,0,2,0,1,1,1,3,7,0,0.0,3,50.0,0,2,0,0,0.0,0.0,0,0,0,1.0,0,0,0,0,0.0,0.0,0.0,0,0,60,0,0,0,0.0,0.0,0.0,0.0,0.0,0.0,0.0
365,25-26-prem-crystal-palace-vs-leeds-united,45,0,0,0,0.0,0.0,0,0,0,1,10,0,0.0,0.0,0,0,0.0,0,0.0,0,0,0,0,0,0,0,3,5,1,100.0,2,29.0,1,0,0,0,0.0,0.0,0,0,0,0.0,0,0,0,0,0.0,0.0,0.0,0,0,46,0,0,0,0.0,0.0,0.0,0.0,0.0,0.0,0.0
344,25-26-prem-crystal-palace-vs-leeds-united,90,0,0,0,0.04,0.0,0,0,0,2,45,16,80.0,0.0,4,0,0.0,0,0.0,4,1,3,0,13,7,0,5,6,4,67.0,1,20.0,0,3,0,0,0.0,0.0,0,0,0,0.0,0,0,0,0,0.0,0.0,0.0,0,0,90,0,0,0,0.0,0.0,0.0,0.0,0.0,0.0,0.0
660,25-26-prem-crystal-palace-vs-leeds-united,90,0,0,0,0.02,0.19,1,0,0,1,44,10,43.0,3.0,7,2,40.0,2,40.0,2,1,4,1,4,0,3,5,7,2,29.0,3,60.0,0,1,0,0,0.0,0.0,0,0,0,1.0,0,0,0,0,0.0,0.0,0.01,0,0,90,0,0,0,0.0,0.0,0.0,0.0,0.0,0.0,0.0
19,25-26-champions-league-arsenal-vs-bayer-leverkusen,90,0,0,0,0.35,0.42,0,0,0,3,43,25,93.0,1.0,1,3,50.0,2,100.0,0,1,6,0,0,0,0,5,5,4,50.0,1,50.0,2,1,0,0,0.0,0.0,0,0,0,3.0,0,0,0,0,0.0,0.0,0.0,0,0,94,1,0,0,0.0,0.0,0.0,0.0,0.0,0.0,0.0
345,25-26-prem-crystal-palace-vs-leeds-united,0,0,0,0,0.0,0.0,0,0,0,0,0,0,0.0,0.0,0,0,0.0,0,0.0,0,0,0,0,0,0,0,0,0,0,0.0,0,0.0,0,0,0,0,0.0,0.0,0,0,0,0.0,0,0,0,0,0.0,0.0,0.0,0,0,90,0,0,0,0.0,0.0,0.0,0.0,0.0,0.0,0.0
358,25-26-prem-crystal-palace-vs-leeds-united,0,0,0,0,0.0,0.0,0,0,0,0,0,0,0.0,0.0,0,0,0.0,0,0.0,0,0,0,0,0,0,0,0,0,0,0.0,0,0.0,0,0,0,0,0.0,0.0,0,0,0,0.0,0,0,0,0,0.0,0.0,0.0,0,0,90,0,0,0,0.0,0.0,0.0,0.0,0.0,0.0,0.0
257,25-26-prem-crystal-palace-vs-leeds-united,90,0,0,0,0.27,0.01,0,0,0,7,95,65,94.0,0.0,2,0,0.0,0,0.0,1,0,2,0,15,9,0,12,4,1,50.0,11,79.0,1,1,0,0,0.0,0.0,0,0,0,0.0,0,0,0,0,0.0,0.0,0.0,0,0,90,0,0,0,0.0,0.0,0.0,0.0,0.0,0.0,0.0
261,25-26-prem-crystal-palace-vs-leeds-united,90,0,0,0,0.05,0.11,0,0,0,1,86,58,92.0,2.0,11,1,100.0,3,43.0,0,3,3,0,7,5,1,6,3,0,0.0,6,75.0,0,0,0,0,0.0,0.0,0,0,0,0.0,0,0,0,0,0.0,0.0,0.0,0,0,90,0,0,0,0.0,0.0,0.0,0.0,0.0,0.0,0.0
350,25-26-prem-crystal-palace-vs-leeds-united,45,0,0,0,0.05,0.05,0,0,0,3,19,6,75.0,1.0,0,1,33.0,0,0.0,0,0,2,0,2,2,0,0,7,0,0.0,0,0.0,0,2,0,0,0.0,0.0,0,0,0,1.0,0,0,0,0,0.0,0.0,0.0,0,0,46,0,0,0,0.0,0.0,0.0,0.0,0.0,0.0,0.0
712,25-26-prem-crystal-palace-vs-leeds-united,10,0,0,0,0.02,0.0,0,0,0,0,12,5,56.0,0.0,2,0,0.0,0,0.0,0,0,0,0,0,0,0,0,0,0,0.0,0,0.0,0,0,0,0,0.0,0.0,0,0,0,0.0,0,0,0,0,0.0,0.0,0.0,0,80,90,0,0,0,0.0,0.0,0.0,0.0,0.0,0.0,0.0
580,25-26-prem-crystal-palace-vs-leeds-united,80,0,0,0,0.07,0.1,0,0,0,1,51,15,52.0,2.0,12,2,33.0,2,22.0,2,0,4,0,3,0,2,4,9,3,30.0,1,33.0,1,4,0,0,0.0,0.0,0,0,0,2.0,0,0,0,0,0.0,0.0,0.0,0,0,80,0,0,0,0.0,0.0,0.0,0.0,0.0,0.0,0.0
225,25-26-champions-league-chelsea-vs-paris-saint-germain,90,0,0,0,0.0,0.37,0,0,0,0,56,41,95.0,3.0,4,1,100.0,1,100.0,2,0,6,0,0,0,0,6,2,5,71.0,1,100.0,2,0,0,0,0.0,0.0,0,0,0,2.0,0,0,0,0,0.0,0.0,0.0,0,0,94,5,0,0,0.0,0.0,0.0,0.0,0.0,0.0,0.0
236,25-26-champions-league-chelsea-vs-paris-saint-germain,90,0,1,0,0.0,0.27,0,0,0,3,36,19,86.0,2.0,0,1,33.0,0,0.0,0,1,2,0,1,1,2,2,5,1,17.0,1,100.0,0,0,0,0,0.0,0.0,0,0,0,2.0,0,0,0,0,0.0,0.0,0.0,0,0,94,5,0,0,0.0,0.0,0.0,0.0,0.0,0.0,0.0
224,25-26-champions-league-chelsea-vs-paris-saint-germain,90,0,0,0,0.0,0.08,0,0,0,1,66,37,79.0,1.0,4,1,100.0,0,0.0,2,1,1,0,2,0,0,2,1,2,100.0,0,0.0,0,1,0,0,0.0,0.0,0,0,0,0.0,0,0,0,0,0.0,0.0,0.0,0,0,94,5,0,0,0.0,0.0,0.0,0.0,0.0,0.0,0.0
235,25-26-champions-league-chelsea-vs-paris-saint-germain,83,0,0,0,0.16,0.04,1,0,0,5,37,18,90.0,0.0,2,0,0.0,0,0.0,1,0,3,0,1,1,0,3,7,3,33.0,0,0.0,2,0,0,0,0.0,0.0,0,0,0,2.0,0,0,0,0,0.0,0.0,0.09,0,0,83,3,0,0,0.0,0.0,0.0,0.0,0.0,0.0,0.0
250,25-26-champions-league-chelsea-vs-paris-saint-germain,7,0,0,0,0.03,0.0,0,0,0,1,1,0,0.0,0.0,0,0,0.0,0,0.0,0,0,0,0,0,0,0,0,1,0,0.0,0,0.0,0,1,0,0,0.0,0.0,0,0,0,0.0,0,0,0,0,0.0,0.0,0.0,0,83,94,2,0,0,0.0,0.0,0.0,0.0,0.0,0.0,0.0
241,25-26-champions-league-chelsea-vs-paris-saint-germain,90,0,0,0,0.0,0.01,0,0,0,0,52,33,85.0,0.0,5,0,0.0,3,75.0,5,0,6,0,1,1,0,8,1,8,89.0,0,0.0,3,1,0,0,0.0,0.0,0,0,0,0.0,0,0,0,0,0.0,0.0,0.0,0,0,94,5,0,0,0.0,0.0,0.0,0.0,0.0,0.0,0.0
237,25-26-champions-league-chelsea-vs-paris-saint-germain,90,1,1,0,0.69,0.08,1,0,0,2,50,29,78.0,2.0,5,0,0.0,2,50.0,3,2,6,0,0,0,0,5,5,5,50.0,0,0.0,1,3,0,0,0.0,0.0,0,0,0,0.0,0,0,0,0,0.0,0.0,0.78,0,0,94,5,0,0,0.0,0.0,0.0,0.0,0.0,0.0,0.0
233,25-26-champions-league-chelsea-vs-paris-saint-germain,0,0,0,0,0.0,0.0,0,0,0,0,0,0,0.0,0.0,0,0,0.0,0,0.0,0,0,0,0,0,0,0,0,0,0,0.0,0,0.0,0,0,0,0,0.0,0.0,0,0,0,0.0,0,0,0,0,0.0,0.0,0.0,0,0,94,5,0,0,0.0,0.0,0.0,0.0,0.0,0.0,0.0
566,25-26-champions-league-tottenham-hotspur-vs-atletico-madrid,0,0,0,0,0.0,0.0,0,0,0,0,0,0,0.0,0.0,0,0,0.0,0,0.0,0,0,0,0,0,0,0,0,0,0,0.0,0,0.0,0,0,0,0,0.0,0.0,0,0,0,0.0,0,0,0,0,0.0,0.0,0.0,0,0,90,5,0,0,0.0,0.0,0.0,0.0,0.0,0.0,0.0
573,25-26-champions-league-tottenham-hotspur-vs-atletico-madrid,83,0,0,0,0.0,0.05,0,0,0,2,59,21,84.0,1.0,5,0,0.0,1,50.0,0,2,3,0,1,0,1,8,8,7,50.0,1,50.0,2,1,0,0,0.0,0.0,0,0,0,1.0,0,0,0,0,0.0,0.0,0.0,0,0,83,5,0,0,0.0,0.0,0.0,0.0,0.0,0.0,0.0
717,25-26-champions-league-tottenham-hotspur-vs-atletico-madrid,7,0,0,0,0.0,0.0,0,0,0,0,9,9,100.0,0.0,0,0,0.0,0,0.0,0,0,1,0,0,0,0,0,1,0,0.0,0,0.0,0,0,0,0,0.0,0.0,0,0,0,0.0,0,0,0,0,0.0,0.0,0.0,0,83,90,0,0,0,0.0,0.0,0.0,0.0,0.0,0.0,0.0
572,25-26-champions-league-tottenham-hotspur-vs-atletico-madrid,0,0,0,0,0.0,0.0,0,0,0,0,0,0,0.0,0.0,0,0,0.0,0,0.0,0,0,0,0,0,0,0,0,0,0,0.0,0,0.0,0,0,0,0,0.0,0.0,0,0,0,0.0,0,0,0,0,0.0,0.0,0.0,0,0,90,5,0,0,0.0,0.0,0.0,0.0,0.0,0.0,0.0
49,25-26-europa-league-aston-villa-vs-lille,7,0,0,0,0.0,0.01,0,0,0,1,6,3,100.0,0.0,0,0,0.0,0,0.0,0,0,2,0,0,0,0,2,0,2,100.0,0,0.0,1,0,0,0,0.0,0.0,0,0,0,0.0,0,0,0,0,0.0,0.0,0.0,0,83,92,0,0,0,0.0,0.0,0.0,0.0,0.0,0.0,0.0
38,25-26-europa-league-aston-villa-vs-lille,90,0,0,0,0.0,0.01,0,0,0,1,75,61,95.0,0.0,4,0,0.0,3,60.0,1,0,3,0,6,4,0,4,1,3,100.0,1,50.0,1,0,0,0,0.0,0.0,0,0,0,0.0,0,0,0,0,0.0,0.0,0.0,0,0,92,0,0,0,0.0,0.0,0.0,0.0,0.0,0.0,0.0
808,25-26-europa-league-aston-villa-vs-lille,13,0,0,0,0.0,0.0,0,0,0,0,1,0,0.0,0.0,0,0,0.0,0,0.0,0,0,0,0,0,0,0,1,1,0,0.0,1,50.0,0,0,0,0,0.0,0.0,0,0,0,0.0,0,0,0,0,0.0,0.0,0.0,0,77,92,0,0,0,0.0,0.0,0.0,0.0,0.0,0.0,0.0
39,25-26-europa-league-aston-villa-vs-lille,7,0,0,0,0.0,0.0,0,0,0,0,6,2,100.0,0.0,0,0,0.0,0,0.0,0,1,1,0,1,0,0,0,0,0,0.0,0,0.0,0,0,0,0,0.0,0.0,0,0,0,0.0,0,0,0,0,0.0,0.0,0.0,0,83,92,0,0,0,0.0,0.0,0.0,0.0,0.0,0.0,0.0
699,25-26-europa-league-aston-villa-vs-lille,77,0,0,0,0.05,0.28,0,0,0,2,59,42,89.0,1.0,9,0,0.0,5,71.0,2,1,3,0,0,0,0,3,2,3,60.0,0,0.0,0,1,0,0,0.0,0.0,0,0,0,0.0,0,0,0,0,0.0,0.0,0.0,0,0,77,0,0,0,0.0,0.0,0.0,0.0,0.0,0.0,0.0
41,25-26-europa-league-aston-villa-vs-lille,90,0,0,0,0.0,0.01,0,0,0,0,78,54,82.0,0.0,8,0,0.0,6,60.0,0,0,3,2,4,2,1,6,2,1,50.0,5,83.0,0,0,0,0,0.0,0.0,0,0,0,0.0,0,0,0,0,0.0,0.0,0.0,0,0,92,0,0,0,0.0,0.0,0.0,0.0,0.0,0.0,0.0
682,25-26-prem-brentford-vs-wolverhampton-wanderers,0,0,0,0,0.0,0.0,0,0,0,0,0,0,0.0,0.0,0,0,0.0,0,0.0,0,0,0,0,0,0,0,0,0,0,0.0,0,0.0,0,0,0,0,0.0,0.0,0,0,0,0.0,0,0,0,0,0.0,0.0,0.0,0,0,93,2,0,0,0.0,0.0,0.0,0.0,0.0,0.0,0.0
59,25-26-europa-league-aston-villa-vs-lille,90,0,0,0,0.06,0.12,0,0,0,0,72,57,93.0,0.0,12,0,0.0,2,67.0,0,4,10,0,1,1,0,1,1,1,50.0,0,0.0,0,1,0,0,0.0,0.0,0,0,0,0.0,0,0,0,0,0.0,0.0,0.0,0,0,92,0,0,0,0.0,0.0,0.0,0.0,0.0,0.0,0.0
44,25-26-europa-league-aston-villa-vs-lille,90,0,0,0,0.0,0.01,0,0,0,1,52,33,89.0,1.0,5,0,0.0,2,100.0,2,1,2,0,2,2,0,5,1,4,80.0,1,100.0,2,0,0,0,0.0,0.0,0,0,0,1.0,0,0,0,0,0.0,0.0,0.0,0,0,92,0,0,0,0.0,0.0,0.0,0.0,0.0,0.0,0.0
42,25-26-europa-league-aston-villa-vs-lille,0,0,0,0,0.0,0.0,0,0,0,0,0,0,0.0,0.0,0,0,0.0,0,0.0,0,0,0,0,0,0,0,0,0,0,0.0,0,0.0,0,0,0,0,0.0,0.0,0,0,0,0.0,0,0,0,0,0.0,0.0,0.0,0,0,92,0,0,0,0.0,0.0,0.0,0.0,0.0,0.0,0.0
1,25-26-prem-arsenal-vs-everton,90,0,0,0,0.0,0.0,0,0,0,0,31,0,0.0,0.0,5,0,0.0,0,0.0,0,0,6,0,3,0,0,0,0,0,0.0,0,0.0,0,0,3,0,0.43,0.43,0,17,2,0.0,0,0,1,0,0.0,0.0,0.0,0,0,97,0,0,0,0.0,0.0,0.0,0.0,0.0,0.0,0.0
356,25-26-prem-crystal-palace-vs-leeds-united,45,0,0,0,0.0,0.0,0,0,0,0,11,5,83.0,0.0,1,0,0.0,0,0.0,1,0,0,1,0,0,0,1,1,1,100.0,0,0.0,0,0,0,0,0.0,0.0,0,0,0,0.0,0,0,0,0,0.0,0.0,0.0,0,46,90,0,0,0,0.0,0.0,0.0,0.0,0.0,0.0,0.0
677,25-26-prem-crystal-palace-vs-leeds-united,90,0,0,0,0.04,0.02,0,0,0,7,37,13,72.0,0.0,1,0,0.0,0,0.0,0,0,1,0,3,0,0,4,6,3,43.0,1,33.0,1,2,0,0,0.0,0.0,0,0,0,0.0,0,0,0,0,0.0,0.0,0.0,0,0,90,0,0,0,0.0,0.0,0.0,0.0,0.0,0.0,0.0
129,25-26-prem-brentford-vs-wolverhampton-wanderers,22,0,0,0,0.0,0.1,0,0,0,0,13,6,67.0,1.0,0,1,100.0,0,0.0,0,2,3,0,0,0,1,1,2,0,0.0,1,100.0,0,0,0,0,0.0,0.0,0,0,0,1.0,0,0,0,0,0.0,0.0,0.0,0,68,93,1,0,0,0.0,0.0,0.0,0.0,0.0,0.0,0.0
31,25-26-prem-arsenal-vs-everton,0,0,0,0,0.0,0.0,0,0,0,0,0,0,0.0,0.0,0,0,0.0,0,0.0,0,0,0,0,0,0,0,0,0,0,0.0,0,0.0,0,0,0,0,0.0,0.0,0,0,0,0.0,0,0,0,0,0.0,0.0,0.0,0,0,97,0,0,0,0.0,0.0,0.0,0.0,0.0,0.0,0.0
635,25-26-prem-brentford-vs-wolverhampton-wanderers,3,0,0,0,0.0,0.02,0,0,0,3,3,1,50.0,0.0,0,0,0.0,0,0.0,0,0,0,0,0,0,0,0,1,0,0.0,0,0.0,0,0,0,0,0.0,0.0,0,0,0,0.0,0,0,0,0,0.0,0.0,0.0,0,87,93,0,0,0,0.0,0.0,0.0,0.0,0.0,0.0,0.0
121,25-26-prem-brentford-vs-wolverhampton-wanderers,72,0,0,0,0.06,0.18,0,0,0,1,50,30,77.0,0.0,8,0,0.0,2,50.0,4,0,7,0,0,0,1,5,2,5,71.0,0,0.0,0,0,0,0,0.0,0.0,0,0,0,0.0,0,0,0,0,0.0,0.0,0.0,0,0,72,1,0,0,0.0,0.0,0.0,0.0,0.0,0.0,0.0
113,25-26-prem-brentford-vs-wolverhampton-wanderers,90,0,0,0,0.12,0.3,0,0,0,4,68,53,95.0,1.0,2,0,0.0,3,75.0,1,2,3,0,4,3,0,8,0,2,100.0,6,100.0,1,1,0,0,0.0,0.0,0,0,0,0.0,0,0,0,0,0.0,0.0,0.0,0,0,93,2,0,0,0.0,0.0,0.0,0.0,0.0,0.0,0.0
107,25-26-prem-brentford-vs-wolverhampton-wanderers,90,0,1,0,0.08,0.24,0,0,0,3,62,33,82.0,1.0,5,3,75.0,3,50.0,0,0,3,0,2,1,0,3,2,2,67.0,1,50.0,2,0,0,0,0.0,0.0,0,0,0,0.0,0,0,0,0,0.0,0.0,0.0,0,0,93,2,0,0,0.0,0.0,0.0,0.0,0.0,0.0,0.0
351,25-26-prem-crystal-palace-vs-leeds-united,0,0,0,0,0.0,0.0,0,0,0,0,0,0,0.0,0.0,0,0,0.0,0,0.0,0,0,0,0,0,0,0,0,0,0,0.0,0,0.0,0,0,0,0,0.0,0.0,0,0,0,0.0,0,0,0,0,0.0,0.0,0.0,0,0,90,0,0,0,0.0,0.0,0.0,0.0,0.0,0.0,0.0
258,25-26-prem-crystal-palace-vs-leeds-united,90,0,0,0,0.0,0.02,0,0,0,0,58,28,74.0,0.0,5,0,0.0,1,25.0,1,0,1,0,4,1,0,4,3,3,60.0,1,50.0,1,0,0,0,0.0,0.0,0,0,0,2.0,0,0,0,0,0.0,0.0,0.0,0,0,90,0,0,0,0.0,0.0,0.0,0.0,0.0,0.0,0.0
262,25-26-prem-crystal-palace-vs-leeds-united,0,0,0,0,0.0,0.0,0,0,0,0,0,0,0.0,0.0,0,0,0.0,0,0.0,0,0,0,0,0,0,0,0,0,0,0.0,0,0.0,0,0,0,0,0.0,0.0,0,0,0,0.0,0,0,0,0,0.0,0.0,0.0,0,0,90,0,0,0,0.0,0.0,0.0,0.0,0.0,0.0,0.0
273,25-26-prem-crystal-palace-vs-leeds-united,30,0,0,0,0.08,0.11,0,0,0,0,32,18,82.0,1.0,5,1,20.0,1,50.0,0,0,1,0,1,0,0,0,1,0,0.0,0,0.0,0,0,0,0,0.0,0.0,0,0,0,0.0,0,0,0,0,0.0,0.0,0.0,0,60,90,0,0,0,0.0,0.0,0.0,0.0,0.0,0.0,0.0
634,25-26-prem-brentford-vs-wolverhampton-wanderers,90,0,0,0,0.0,0.04,0,0,0,1,88,41,79.0,1.0,12,0,0.0,3,38.0,2,1,5,0,7,4,0,6,5,3,60.0,3,50.0,1,1,0,0,0.0,0.0,0,0,0,0.0,0,0,0,0,0.0,0.0,0.0,0,0,93,2,0,0,0.0,0.0,0.0,0.0,0.0,0.0,0.0
695,25-26-prem-brentford-vs-wolverhampton-wanderers,90,0,0,0,0.07,0.37,1,0,0,3,46,26,93.0,3.0,4,1,12.0,0,0.0,0,2,2,0,2,0,0,1,7,1,25.0,0,0.0,1,2,0,0,0.0,0.0,0,0,0,0.0,0,0,0,0,0.0,0.0,0.16,0,0,93,2,0,0,0.0,0.0,0.0,0.0,0.0,0.0,0.0
276,25-26-prem-crystal-palace-vs-leeds-united,0,0,0,0,0.0,0.0,0,0,0,0,0,0,0.0,0.0,0,0,0.0,0,0.0,0,0,0,0,0,0,0,0,0,0,0.0,0,0.0,0,0,0,0,0.0,0.0,0,0,0,0.0,0,0,0,0,0.0,0.0,0.0,0,0,90,0,0,0,0.0,0.0,0.0,0.0,0.0,0.0,0.0
671,25-26-prem-west-ham-united-vs-manchester-city,0,0,0,0,0.0,0.0,0,0,0,0,0,0,0.0,0.0,0,0,0.0,0,0.0,0,0,0,0,0,0,0,0,0,0,0.0,0,0.0,0,0,0,0,0.0,0.0,0,0,0,0.0,0,0,0,0,0.0,0.0,0.0,0,0,96,1,0,0,0.0,0.0,0.0,0.0,0.0,0.0,0.0
600,25-26-prem-west-ham-united-vs-manchester-city,0,0,0,0,0.0,0.0,0,0,0,0,0,0,0.0,0.0,0,0,0.0,0,0.0,0,0,0,0,0,0,0,0,0,0,0.0,0,0.0,0,0,0,0,0.0,0.0,0,0,0,0.0,0,0,0,0,0.0,0.0,0.0,0,0,96,1,0,0,0.0,0.0,0.0,0.0,0.0,0.0,0.0
606,25-26-prem-west-ham-united-vs-manchester-city,90,1,0,0,0.54,0.0,1,0,0,1,45,15,83.0,0.0,3,0,0.0,2,50.0,3,4,2,4,10,5,0,5,2,3,100.0,2,50.0,0,0,0,0,0.0,0.0,0,0,0,0.0,0,0,0,0,0.0,0.0,0.99,0,0,96,1,0,0,0.0,0.0,0.0,0.0,0.0,0.0,0.0
659,25-26-prem-west-ham-united-vs-manchester-city,0,0,0,0,0.0,0.0,0,0,0,0,0,0,0.0,0.0,0,0,0.0,0,0.0,0,0,0,0,0,0,0,0,0,0,0.0,0,0.0,0,0,0,0,0.0,0.0,0,0,0,0.0,0,0,0,0,0.0,0.0,0.0,0,0,96,1,0,0,0.0,0.0,0.0,0.0,0.0,0.0,0.0
414,25-26-prem-west-ham-united-vs-manchester-city,16,0,0,0,0.0,0.21,0,0,0,1,17,11,92.0,0.0,2,1,100.0,1,100.0,1,0,0,0,0,0,0,1,1,1,50.0,0,0.0,0,0,0,0,0.0,0.0,0,0,0,0.0,0,0,0,0,0.0,0.0,0.0,0,75,96,0,0,0,0.0,0.0,0.0,0.0,0.0,0.0,0.0
413,25-26-prem-west-ham-united-vs-manchester-city,60,0,1,0,0.1,0.01,0,0,0,3,34,13,81.0,1.0,2,0,0.0,0,0.0,1,0,1,0,0,0,0,6,2,6,75.0,0,0.0,4,1,0,0,0.0,0.0,0,0,0,2.0,0,0,0,0,0.0,0.0,0.0,0,0,60,1,0,0,0.0,0.0,0.0,0.0,0.0,0.0,0.0
260,25-26-prem-west-ham-united-vs-manchester-city,90,0,0,0,0.38,0.03,0,0,0,3,105,79,94.0,2.0,16,0,0.0,2,33.0,0,5,7,0,3,2,1,9,5,2,40.0,7,78.0,2,0,0,0,0.0,0.0,0,0,0,2.0,0,0,0,0,0.0,0.0,0.0,0,0,96,1,0,0,0.0,0.0,0.0,0.0,0.0,0.0,0.0
605,25-26-prem-west-ham-united-vs-manchester-city,0,0,0,0,0.0,0.0,0,0,0,0,0,0,0.0,0.0,0,0,0.0,0,0.0,0,0,0,0,0,0,0,0,0,0,0.0,0,0.0,0,0,0,0,0.0,0.0,0,0,0,0.0,0,0,0,0,0.0,0.0,0.0,0,0,96,1,0,0,0.0,0.0,0.0,0.0,0.0,0.0,0.0
402,25-26-prem-west-ham-united-vs-manchester-city,60,0,0,0,0.05,0.1,0,0,0,3,89,56,89.0,1.0,6,1,50.0,0,0.0,3,1,7,0,1,1,0,11,3,7,70.0,4,100.0,0,0,0,0,0.0,0.0,0,0,0,1.0,0,0,0,0,0.0,0.0,0.0,0,0,60,1,0,0,0.0,0.0,0.0,0.0,0.0,0.0,0.0
418,25-26-prem-west-ham-united-vs-manchester-city,30,0,0,0,0.03,0.21,0,0,0,1,25,13,87.0,2.0,0,2,67.0,0,0.0,0,0,0,0,0,0,0,3,2,3,60.0,0,0.0,2,0,0,0,0.0,0.0,0,0,0,0.0,0,0,0,0,0.0,0.0,0.0,0,60,96,0,0,0,0.0,0.0,0.0,0.0,0.0,0.0,0.0
609,25-26-prem-west-ham-united-vs-manchester-city,90,0,0,0,0.0,0.02,0,0,0,0,57,33,92.0,0.0,2,0,0.0,0,0.0,3,3,6,0,4,2,0,5,2,3,60.0,2,100.0,0,1,0,0,0.0,0.0,0,0,0,0.0,0,0,0,0,0.0,0.0,0.0,0,0,96,1,0,0,0.0,0.0,0.0,0.0,0.0,0.0,0.0
407,25-26-prem-west-ham-united-vs-manchester-city,90,0,0,0,0.09,0.06,1,0,0,3,98,73,95.0,0.0,11,1,25.0,2,67.0,0,0,2,0,3,1,0,3,2,2,50.0,1,100.0,2,0,0,0,0.0,0.0,0,0,0,1.0,0,0,0,0,0.0,0.0,0.44,0,0,96,1,0,0,0.0,0.0,0.0,0.0,0.0,0.0,0.0
679,25-26-prem-west-ham-united-vs-manchester-city,90,0,0,0,0.0,0.0,0,0,0,0,50,0,0.0,0.0,5,0,0.0,0,0.0,0,0,10,0,0,0,0,0,0,0,0.0,0,0.0,0,0,5,1,1.86,0.86,1,24,4,0.0,2,0,4,0,0.0,0.0,0.0,0,0,96,1,0,0,0.0,0.0,0.0,0.0,0.0,0.0,0.0
417,25-26-prem-west-ham-united-vs-manchester-city,30,0,0,0,0.06,0.17,1,0,0,2,33,20,91.0,2.0,5,1,25.0,0,0.0,1,0,1,0,0,0,0,3,1,3,75.0,0,0.0,1,0,0,0,0.0,0.0,0,0,0,1.0,0,0,0,0,0.0,0.0,0.34,0,60,96,0,0,0,0.0,0.0,0.0,0.0,0.0,0.0,0.0
753,25-26-prem-chelsea-vs-newcastle-united,0,0,0,0,0.0,0.0,0,0,0,0,0,0,0.0,0.0,0,0,0.0,0,0.0,0,0,0,0,0,0,0,0,0,0,0.0,0,0.0,0,0,0,0,0.0,0.0,0,0,0,0.0,0,0,0,0,0.0,0.0,0.0,0,0,90,0,0,0,0.0,0.0,0.0,0.0,0.0,0.0,0.0
476,25-26-prem-chelsea-vs-newcastle-united,13,0,0,0,0.0,0.0,0,0,0,0,8,3,100.0,0.0,1,0,0.0,0,0.0,0,0,0,0,5,4,0,1,0,0,0.0,1,100.0,0,0,0,0,0.0,0.0,0,0,0,0.0,0,0,0,0,0.0,0.0,0.0,0,77,90,0,0,0,0.0,0.0,0.0,0.0,0.0,0.0,0.0
478,25-26-prem-chelsea-vs-newcastle-united,0,0,0,0,0.0,0.0,0,0,0,0,0,0,0.0,0.0,0,0,0.0,0,0.0,0,0,0,0,0,0,0,0,0,0,0.0,0,0.0,0,0,0,0,0.0,0.0,0,0,0,0.0,0,0,0,0,0.0,0.0,0.0,0,0,90,0,0,0,0.0,0.0,0.0,0.0,0.0,0.0,0.0
469,25-26-prem-chelsea-vs-newcastle-united,0,0,0,0,0.0,0.0,0,0,0,0,0,0,0.0,0.0,0,0,0.0,0,0.0,0,0,0,0,0,0,0,0,0,0,0.0,0,0.0,0,0,0,0,0.0,0.0,0,0,0,0.0,0,0,0,0,0.0,0.0,0.0,0,0,90,0,0,0,0.0,0.0,0.0,0.0,0.0,0.0,0.0
489,25-26-prem-chelsea-vs-newcastle-united,78,0,0,0,0.03,0.01,0,0,0,2,30,10,77.0,0.0,4,0,0.0,1,100.0,4,0,2,0,2,0,0,5,2,5,83.0,0,0.0,0,0,0,0,0.0,0.0,0,0,0,1.0,0,0,0,0,0.0,0.0,0.0,0,0,78,0,0,0,0.0,0.0,0.0,0.0,0.0,0.0,0.0
406,25-26-prem-west-ham-united-vs-manchester-city,90,0,0,0,0.14,0.02,0,0,0,2,104,82,91.0,1.0,4,0,0.0,2,33.0,0,2,6,0,6,2,0,5,3,2,67.0,3,60.0,0,0,0,0,0.0,0.0,0,0,0,1.0,0,0,0,0,0.0,0.0,0.0,0,0,96,1,0,0,0.0,0.0,0.0,0.0,0.0,0.0,0.0
718,25-26-prem-west-ham-united-vs-manchester-city,26,0,0,0,0.0,0.0,0,0,0,0,10,3,75.0,0.0,0,0,0.0,0,0.0,2,0,1,0,1,0,0,2,2,2,67.0,0,0.0,0,1,0,0,0.0,0.0,0,0,0,0.0,0,0,0,0,0.0,0.0,0.0,0,64,96,0,0,0,0.0,0.0,0.0,0.0,0.0,0.0,0.0
490,25-26-prem-chelsea-vs-newcastle-united,23,0,0,0,0.0,0.0,0,0,0,0,8,6,86.0,0.0,0,0,0.0,1,100.0,0,1,1,0,0,0,0,1,1,0,0.0,1,100.0,0,1,0,0,0.0,0.0,0,0,0,0.0,0,0,0,0,0.0,0.0,0.0,0,67,90,0,0,0,0.0,0.0,0.0,0.0,0.0,0.0,0.0
135,25-26-prem-chelsea-vs-newcastle-united,0,0,0,0,0.0,0.0,0,0,0,0,0,0,0.0,0.0,0,0,0.0,0,0.0,0,0,0,0,0,0,0,0,0,0,0.0,0,0.0,0,0,0,0,0.0,0.0,0,0,0,0.0,0,0,0,0,0.0,0.0,0.0,0,0,90,0,0,0,0.0,0.0,0.0,0.0,0.0,0.0,0.0
232,25-26-prem-chelsea-vs-newcastle-united,0,0,0,0,0.0,0.0,0,0,0,0,0,0,0.0,0.0,0,0,0.0,0,0.0,0,0,0,0,0,0,0,0,0,0,0.0,0,0.0,0,0,0,0,0.0,0.0,0,0,0,0.0,0,0,0,0,0.0,0.0,0.0,0,0,90,1,0,0,0.0,0.0,0.0,0.0,0.0,0.0,0.0
674,25-26-prem-chelsea-vs-newcastle-united,90,0,0,0,0.0,0.0,0,0,0,0,58,0,0.0,0.0,15,0,0.0,0,0.0,0,0,9,0,2,0,0,1,1,0,0.0,1,50.0,0,0,3,0,0.44,0.44,3,23,7,0.0,4,0,1,0,0.0,0.0,0.0,0,0,90,0,0,0,0.0,0.0,0.0,0.0,0.0,0.0,0.0
487,25-26-prem-chelsea-vs-newcastle-united,90,0,0,0,0.0,0.04,0,0,0,2,34,17,71.0,1.0,3,0,0.0,0,0.0,0,1,1,0,1,0,0,1,1,1,50.0,0,0.0,1,1,0,0,0.0,0.0,0,0,0,0.0,0,0,0,0,0.0,0.0,0.0,0,0,90,0,0,0,0.0,0.0,0.0,0.0,0.0,0.0,0.0
52,25-26-prem-chelsea-vs-newcastle-united,90,0,0,0,0.08,0.03,1,0,0,0,37,32,91.0,3.0,5,0,0.0,1,100.0,0,1,2,0,0,0,1,0,1,0,0.0,0,0.0,0,0,0,0,0.0,0.0,0,0,0,0.0,0,0,0,0,0.0,0.0,0.08,0,0,90,0,0,0,0.0,0.0,0.0,0.0,0.0,0.0,0.0
486,25-26-prem-chelsea-vs-newcastle-united,12,0,0,0,0.0,0.0,0,0,0,0,3,1,100.0,0.0,0,0,0.0,0,0.0,1,1,0,0,0,0,0,1,1,1,100.0,0,0.0,0,0,0,0,0.0,0.0,0,0,0,0.0,0,0,0,0,0.0,0.0,0.0,0,78,90,0,0,0,0.0,0.0,0.0,0.0,0.0,0.0,0.0
235,25-26-prem-chelsea-vs-newcastle-united,90,0,0,0,0.3,0.32,1,0,0,6,67,35,88.0,3.0,4,2,50.0,2,67.0,1,0,4,0,0,0,1,5,4,5,56.0,0,0.0,2,0,0,0,0.0,0.0,0,0,0,2.0,0,0,0,0,0.0,0.0,0.14,0,0,90,1,0,0,0.0,0.0,0.0,0.0,0.0,0.0,0.0
244,25-26-prem-chelsea-vs-newcastle-united,29,0,0,0,0.0,0.03,0,0,0,0,35,30,94.0,0.0,2,0,0.0,0,0.0,0,1,2,0,0,0,0,0,3,0,0.0,0,0.0,0,2,0,0,0.0,0.0,0,0,0,0.0,0,0,0,0,0.0,0.0,0.0,0,61,90,0,0,0,0.0,0.0,0.0,0.0,0.0,0.0,0.0
228,25-26-prem-chelsea-vs-newcastle-united,45,0,0,0,0.0,0.03,0,0,0,2,48,30,94.0,1.0,0,1,20.0,1,50.0,0,0,1,0,1,0,0,2,1,2,67.0,0,0.0,1,0,0,0,0.0,0.0,0,0,0,0.0,0,0,0,0,0.0,0.0,0.0,0,0,46,1,0,0,0.0,0.0,0.0,0.0,0.0,0.0,0.0
473,25-26-prem-chelsea-vs-newcastle-united,90,0,0,0,0.0,0.12,0,0,0,0,77,38,81.0,1.0,14,2,50.0,3,50.0,1,1,7,0,3,2,0,3,7,3,38.0,0,0.0,2,1,0,0,0.0,0.0,0,0,0,3.0,0,0,0,0,0.0,0.0,0.0,0,0,90,0,0,0,0.0,0.0,0.0,0.0,0.0,0.0,0.0
252,25-26-prem-chelsea-vs-newcastle-united,0,0,0,0,0.0,0.0,0,0,0,0,0,0,0.0,0.0,0,0,0.0,0,0.0,0,0,0,0,0,0,0,0,0,0,0.0,0,0.0,0,0,0,0,0.0,0.0,0,0,0,0.0,0,0,0,0,0.0,0.0,0.0,0,0,90,1,0,0,0.0,0.0,0.0,0.0,0.0,0.0,0.0
170,25-26-prem-sunderland-vs-brighton-hove-albion,90,0,0,0,0.0,0.02,0,0,0,0,71,55,86.0,0.0,5,0,0.0,0,0.0,2,0,6,0,2,0,0,4,0,4,100.0,0,0.0,1,0,0,0,0.0,0.0,0,0,0,0.0,0,0,0,0,0.0,0.0,0.0,0,0,95,0,0,0,0.0,0.0,0.0,0.0,0.0,0.0,0.0
338,25-26-prem-nottingham-forest-vs-fulham,28,0,0,0,0.06,0.02,0,0,0,3,12,3,60.0,0.0,2,0,0.0,0,0.0,0,0,0,0,1,1,0,4,2,1,100.0,3,60.0,0,0,0,0,0.0,0.0,0,0,0,0.0,0,0,0,0,0.0,0.0,0.0,0,62,91,0,0,0,0.0,0.0,0.0,0.0,0.0,0.0,0.0
681,25-26-prem-manchester-united-vs-aston-villa,15,1,0,0,0.31,0.0,1,0,0,2,5,2,67.0,0.0,1,0,0.0,0,0.0,0,0,1,0,0,0,0,0,2,0,0.0,0,0.0,0,0,0,0,0.0,0.0,0,0,0,0.0,0,0,0,0,0.0,0.0,0.51,0,75,96,0,0,0,0.0,0.0,0.0,0.0,0.0,0.0,0.0
138,25-26-prem-sunderland-vs-brighton-hove-albion,0,0,0,0,0.0,0.0,0,0,0,0,0,0,0.0,0.0,0,0,0.0,0,0.0,0,0,0,0,0,0,0,0,0,0,0.0,0,0.0,0,0,0,0,0.0,0.0,0,0,0,0.0,0,0,0,0,0.0,0.0,0.0,0,0,95,0,0,0,0.0,0.0,0.0,0.0,0.0,0.0,0.0
672,25-26-prem-chelsea-vs-newcastle-united,8,0,0,0,0.0,0.01,0,0,0,0,21,19,100.0,0.0,2,0,0.0,0,0.0,0,0,0,0,0,0,0,0,1,0,0.0,0,0.0,0,0,0,0,0.0,0.0,0,0,0,0.0,0,0,0,0,0.0,0.0,0.0,0,82,90,0,0,0,0.0,0.0,0.0,0.0,0.0,0.0,0.0
148,25-26-prem-sunderland-vs-brighton-hove-albion,90,0,0,0,0.13,0.02,0,0,0,2,54,25,78.0,0.0,2,0,0.0,2,40.0,4,1,3,0,6,1,0,7,2,6,75.0,1,100.0,2,1,0,0,0.0,0.0,0,0,0,0.0,0,0,0,0,0.0,0.0,0.0,0,0,95,0,0,0,0.0,0.0,0.0,0.0,0.0,0.0,0.0
164,25-26-prem-sunderland-vs-brighton-hove-albion,1,0,0,0,0.0,0.0,0,0,0,0,0,0,0.0,0.0,0,0,0.0,0,0.0,0,0,0,0,0,0,0,0,1,0,0.0,0,0.0,0,1,0,0,0.0,0.0,0,0,0,0.0,0,0,0,0,0.0,0.0,0.0,0,95,95,0,0,0,0.0,0.0,0.0,0.0,0.0,0.0,0.0
724,25-26-prem-sunderland-vs-brighton-hove-albion,90,0,0,0,0.06,0.02,1,0,0,1,53,33,87.0,0.0,3,0,0.0,4,80.0,0,0,6,0,3,1,1,0,3,0,0.0,0,0.0,0,0,0,0,0.0,0.0,0,0,0,0.0,0,0,0,0,0.0,0.0,0.15,0,0,95,1,0,0,0.0,0.0,0.0,0.0,0.0,0.0,0.0
560,25-26-prem-sunderland-vs-brighton-hove-albion,0,0,0,0,0.0,0.0,0,0,0,0,0,0,0.0,0.0,0,0,0.0,0,0.0,0,0,0,0,0,0,0,0,0,0,0.0,0,0.0,0,0,0,0,0.0,0.0,0,0,0,0.0,0,0,0,0,0.0,0.0,0.0,0,0,95,1,0,0,0.0,0.0,0.0,0.0,0.0,0.0,0.0
173,25-26-prem-sunderland-vs-brighton-hove-albion,90,0,0,0,0.12,0.26,0,0,0,4,83,49,82.0,1.0,8,0,0.0,1,25.0,2,3,9,1,4,3,2,4,6,3,38.0,1,50.0,1,1,0,0,0.0,0.0,0,0,0,2.0,0,0,0,0,0.0,0.0,0.0,0,0,95,0,0,0,0.0,0.0,0.0,0.0,0.0,0.0,0.0
531,25-26-prem-sunderland-vs-brighton-hove-albion,64,0,0,0,0.05,0.0,0,0,0,1,43,21,78.0,2.0,7,0,0.0,1,33.0,1,3,6,2,6,2,1,3,4,1,25.0,2,67.0,0,0,0,0,0.0,0.0,0,0,0,2.0,0,0,0,0,0.0,0.0,0.0,0,0,64,1,0,0,0.0,0.0,0.0,0.0,0.0,0.0,0.0
166,25-26-prem-sunderland-vs-brighton-hove-albion,2,0,0,0,0.0,0.0,0,0,0,0,3,2,100.0,0.0,0,0,0.0,0,0.0,0,0,0,0,0,0,0,0,0,0,0.0,0,0.0,0,0,0,0,0.0,0.0,0,0,0,0.0,0,0,0,0,0.0,0.0,0.0,0,88,95,0,0,0,0.0,0.0,0.0,0.0,0.0,0.0,0.0
163,25-26-prem-sunderland-vs-brighton-hove-albion,88,0,0,0,0.86,0.17,2,0,0,4,34,16,62.0,3.0,4,0,0.0,1,33.0,1,1,1,0,0,0,0,2,3,2,50.0,0,0.0,1,0,0,0,0.0,0.0,0,0,0,0.0,0,0,0,0,0.0,0.0,1.13,0,0,88,0,0,0,0.0,0.0,0.0,0.0,0.0,0.0,0.0
551,25-26-prem-sunderland-vs-brighton-hove-albion,90,0,0,0,0.1,0.01,0,0,0,3,53,22,69.0,1.0,3,0,0.0,1,33.0,1,0,4,0,2,0,0,6,6,5,56.0,1,33.0,2,1,0,0,0.0,0.0,0,0,0,1.0,0,0,0,0,0.0,0.0,0.0,0,0,95,1,0,0,0.0,0.0,0.0,0.0,0.0,0.0,0.0
552,25-26-prem-sunderland-vs-brighton-hove-albion,90,0,0,0,0.09,0.01,0,0,0,4,51,29,91.0,0.0,4,0,0.0,1,50.0,2,0,5,0,0,0,0,8,3,7,70.0,1,100.0,4,1,0,0,0.0,0.0,0,0,0,2.0,0,0,0,0,0.0,0.0,0.0,0,0,95,1,0,0,0.0,0.0,0.0,0.0,0.0,0.0,0.0
470,25-26-prem-burnley-vs-afc-bournemouth,90,0,0,0,0.0,0.0,0,0,0,0,43,0,0.0,0.0,6,0,0.0,0,0.0,0,0,9,0,1,0,0,0,0,0,0.0,0,0.0,0,0,2,0,0.17,0.17,1,22,12,0.0,0,0,1,0,0.0,0.0,0.0,0,0,90,0,0,0,0.0,0.0,0.0,0.0,0.0,0.0,0.0
218,25-26-prem-burnley-vs-afc-bournemouth,0,0,0,0,0.0,0.0,0,0,0,0,0,0,0.0,0.0,0,0,0.0,0,0.0,0,0,0,0,0,0,0,0,0,0,0.0,0,0.0,0,0,0,0,0.0,0.0,0,0,0,0.0,0,0,0,0,0.0,0.0,0.0,0,0,90,0,0,0,0.0,0.0,0.0,0.0,0.0,0.0,0.0
187,25-26-prem-burnley-vs-afc-bournemouth,90,0,0,0,0.0,0.01,0,0,0,0,56,17,77.0,1.0,7,0,0.0,3,60.0,0,0,4,1,6,2,0,2,3,2,50.0,0,0.0,1,2,0,0,0.0,0.0,0,0,0,0.0,0,0,0,0,0.0,0.0,0.0,0,0,90,0,0,0,0.0,0.0,0.0,0.0,0.0,0.0,0.0
73,25-26-prem-burnley-vs-afc-bournemouth,61,0,0,0,0.0,0.09,0,0,0,0,45,21,84.0,2.0,6,1,50.0,1,25.0,3,0,2,3,3,2,2,6,3,5,62.0,1,100.0,1,1,0,0,0.0,0.0,0,0,0,0.0,0,0,0,0,0.0,0.0,0.0,0,0,61,0,0,0,0.0,0.0,0.0,0.0,0.0,0.0,0.0
557,25-26-prem-sunderland-vs-brighton-hove-albion,0,0,0,0,0.0,0.0,0,0,0,0,0,0,0.0,0.0,0,0,0.0,0,0.0,0,0,0,0,0,0,0,0,0,0,0.0,0,0.0,0,0,0,0,0.0,0.0,0,0,0,0.0,0,0,0,0,0.0,0.0,0.0,0,0,95,1,0,0,0.0,0.0,0.0,0.0,0.0,0.0,0.0
553,25-26-prem-sunderland-vs-brighton-hove-albion,85,0,0,0,0.11,0.33,1,0,0,4,28,13,81.0,1.0,0,0,0.0,0,0.0,0,0,1,1,1,1,1,2,5,2,33.0,0,0.0,0,0,0,0,0.0,0.0,0,0,0,1.0,0,0,0,0,0.0,0.0,0.0,0,0,85,1,0,0,0.0,0.0,0.0,0.0,0.0,0.0,0.0
561,25-26-prem-sunderland-vs-brighton-hove-albion,12,0,0,0,0.0,0.0,0,0,0,0,8,2,67.0,0.0,0,0,0.0,0,0.0,0,0,0,0,0,0,0,1,5,1,25.0,0,0.0,0,0,0,0,0.0,0.0,0,0,0,1.0,0,0,0,0,0.0,0.0,0.0,0,78,95,0,0,0,0.0,0.0,0.0,0.0,0.0,0.0,0.0
160,25-26-prem-sunderland-vs-brighton-hove-albion,76,1,0,0,0.02,0.71,1,0,0,5,37,12,67.0,2.0,1,3,50.0,0,0.0,4,0,4,0,1,0,1,6,5,6,67.0,0,0.0,0,2,0,0,0.0,0.0,0,0,0,0.0,0,0,0,0,0.0,0.0,0.04,0,0,76,0,0,0,0.0,0.0,0.0,0.0,0.0,0.0,0.0
614,25-26-prem-burnley-vs-afc-bournemouth,90,0,0,0,0.0,0.1,0,0,0,0,52,26,79.0,2.0,10,3,30.0,1,33.0,2,1,5,3,3,2,3,5,4,2,40.0,3,75.0,0,0,0,0,0.0,0.0,0,0,0,0.0,0,0,0,0,0.0,0.0,0.0,0,0,90,0,0,0,0.0,0.0,0.0,0.0,0.0,0.0,0.0
87,25-26-prem-burnley-vs-afc-bournemouth,61,0,0,0,0.03,0.02,0,0,0,0,45,21,66.0,0.0,6,0,0.0,0,0.0,3,1,6,1,1,1,2,7,5,5,56.0,2,67.0,1,0,0,0,0.0,0.0,0,0,0,1.0,0,0,0,0,0.0,0.0,0.0,0,0,61,0,0,0,0.0,0.0,0.0,0.0,0.0,0.0,0.0
535,25-26-prem-sunderland-vs-brighton-hove-albion,5,0,0,0,0.08,0.0,0,0,0,2,8,3,60.0,0.0,0,0,0.0,0,0.0,0,0,1,0,0,0,0,0,2,0,0.0,0,0.0,0,1,0,0,0.0,0.0,0,0,0,1.0,0,0,0,0,0.0,0.0,0.0,0,85,95,0,0,0,0.0,0.0,0.0,0.0,0.0,0.0,0.0
730,25-26-prem-sunderland-vs-brighton-hove-albion,78,0,0,0,0.13,0.0,0,0,0,5,23,10,71.0,1.0,2,0,0.0,0,0.0,0,0,1,1,0,0,0,5,7,0,0.0,5,56.0,0,1,0,0,0.0,0.0,0,0,0,2.0,0,0,0,0,0.0,0.0,0.0,0,0,78,1,0,0,0.0,0.0,0.0,0.0,0.0,0.0,0.0
98,25-26-prem-burnley-vs-afc-bournemouth,3,0,0,0,0.5,0.0,0,0,0,1,6,3,60.0,0.0,0,0,0.0,0,0.0,0,0,0,0,0,0,0,0,2,0,0.0,0,0.0,0,0,0,0,0.0,0.0,0,0,0,0.0,0,0,0,0,0.0,0.0,0.0,0,87,90,0,0,0,0.0,0.0,0.0,0.0,0.0,0.0,0.0
209,25-26-prem-burnley-vs-afc-bournemouth,88,0,0,0,0.0,0.02,0,0,0,1,39,20,83.0,0.0,4,0,0.0,1,100.0,4,1,2,0,1,1,0,8,4,7,70.0,1,50.0,1,2,0,0,0.0,0.0,0,0,0,1.0,0,0,0,0,0.0,0.0,0.0,0,0,88,0,0,0,0.0,0.0,0.0,0.0,0.0,0.0,0.0
206,25-26-prem-burnley-vs-afc-bournemouth,24,0,0,0,0.02,0.0,0,0,0,1,14,8,73.0,0.0,0,0,0.0,0,0.0,0,0,4,0,0,0,1,0,1,0,0.0,0,0.0,0,0,0,0,0.0,0.0,0,0,0,0.0,0,0,0,0,0.0,0.0,0.0,0,66,90,0,0,0,0.0,0.0,0.0,0.0,0.0,0.0,0.0
86,25-26-prem-burnley-vs-afc-bournemouth,10,0,0,0,0.36,0.28,0,0,0,2,15,9,75.0,1.0,0,0,0.0,0,0.0,0,0,0,0,1,1,0,0,0,0,0.0,0,0.0,0,0,0,0,0.0,0.0,0,0,0,0.0,0,0,0,0,0.0,0.0,0.0,0,80,90,0,0,0,0.0,0.0,0.0,0.0,0.0,0.0,0.0
199,25-26-prem-burnley-vs-afc-bournemouth,16,0,0,0,0.0,0.0,0,0,0,1,12,5,83.0,0.0,0,0,0.0,0,0.0,0,0,1,0,5,3,0,3,0,0,0.0,3,100.0,0,0,0,0,0.0,0.0,0,0,0,0.0,0,0,0,0,0.0,0.0,0.0,0,74,90,0,0,0,0.0,0.0,0.0,0.0,0.0,0.0,0.0
72,25-26-prem-burnley-vs-afc-bournemouth,90,0,0,0,0.13,0.03,0,0,0,3,115,70,81.0,0.0,13,0,0.0,6,40.0,1,3,4,1,11,7,0,7,5,2,67.0,5,56.0,1,0,0,0,0.0,0.0,0,0,0,1.0,0,0,0,0,0.0,0.0,0.0,0,0,90,0,0,0,0.0,0.0,0.0,0.0,0.0,0.0,0.0
685,25-26-prem-burnley-vs-afc-bournemouth,0,0,0,0,0.0,0.0,0,0,0,0,0,0,0.0,0.0,0,0,0.0,0,0.0,0,0,0,0,0,0,0,0,0,0,0.0,0,0.0,0,0,0,0,0.0,0.0,0,0,0,0.0,0,0,0,0,0.0,0.0,0.0,0,0,90,0,0,0,0.0,0.0,0.0,0.0,0.0,0.0,0.0
67,25-26-prem-burnley-vs-afc-bournemouth,90,0,0,0,0.0,0.0,0,0,0,0,22,0,0.0,0.0,0,0,0.0,0,0.0,0,0,5,0,0,0,0,0,0,0,0.0,0,0.0,0,0,2,0,0.21,0.21,0,14,0,0.0,1,0,1,0,0.0,0.0,0.0,0,0,90,0,0,0,0.0,0.0,0.0,0.0,0.0,0.0,0.0
697,25-26-prem-burnley-vs-afc-bournemouth,29,0,0,0,0.02,0.04,0,0,0,1,19,14,88.0,1.0,1,0,0.0,0,0.0,0,0,2,0,0,0,0,0,1,0,0.0,0,0.0,0,0,0,0,0.0,0.0,0,0,0,0.0,0,0,0,0,0.0,0.0,0.0,0,61,90,0,0,0,0.0,0.0,0.0,0.0,0.0,0.0,0.0
97,25-26-prem-burnley-vs-afc-bournemouth,90,0,0,0,0.74,0.0,2,0,0,9,27,6,50.0,0.0,1,0,0.0,0,0.0,0,0,6,0,0,0,0,2,4,1,33.0,1,33.0,0,0,0,0,0.0,0.0,0,0,0,1.0,0,0,0,0,0.0,0.0,0.09,0,0,90,0,0,0,0.0,0.0,0.0,0.0,0.0,0.0,0.0
207,25-26-prem-burnley-vs-afc-bournemouth,90,0,0,0,0.06,0.09,0,0,0,0,59,21,66.0,2.0,6,1,100.0,0,0.0,2,1,6,0,1,1,2,6,15,5,31.0,1,20.0,1,2,0,0,0.0,0.0,0,0,0,6.0,0,0,0,0,0.0,0.0,0.0,0,0,90,0,0,0,0.0,0.0,0.0,0.0,0.0,0.0,0.0
74,25-26-prem-burnley-vs-afc-bournemouth,90,0,0,0,0.0,0.27,0,0,0,2,74,37,79.0,2.0,4,2,67.0,0,0.0,2,2,5,1,6,4,0,6,2,4,67.0,2,100.0,1,0,0,0,0.0,0.0,0,0,0,1.0,0,0,0,0,0.0,0.0,0.0,0,0,90,0,0,0,0.0,0.0,0.0,0.0,0.0,0.0,0.0
676,25-26-prem-burnley-vs-afc-bournemouth,2,0,0,0,0.0,0.0,0,0,0,0,3,0,0.0,0.0,0,0,0.0,0,0.0,0,0,0,0,1,1,0,1,0,0,0.0,1,100.0,0,0,0,0,0.0,0.0,0,0,0,0.0,0,0,0,0,0.0,0.0,0.0,0,88,90,0,0,0,0.0,0.0,0.0,0.0,0.0,0.0,0.0
193,25-26-prem-burnley-vs-afc-bournemouth,90,0,0,0,0.1,0.03,0,0,0,3,37,17,71.0,1.0,5,0,0.0,2,33.0,0,0,5,4,4,2,0,1,4,0,0.0,1,33.0,0,1,0,0,0.0,0.0,0,0,0,0.0,0,0,0,0,0.0,0.0,0.0,0,0,90,0,0,0,0.0,0.0,0.0,0.0,0.0,0.0,0.0
191,25-26-prem-burnley-vs-afc-bournemouth,74,0,0,0,0.0,0.0,0,0,0,2,33,14,64.0,0.0,1,0,0.0,1,14.0,1,0,3,0,8,6,1,5,2,1,50.0,4,80.0,0,0,0,0,0.0,0.0,0,0,0,0.0,0,0,0,0,0.0,0.0,0.0,0,0,74,0,0,0,0.0,0.0,0.0,0.0,0.0,0.0,0.0
481,25-26-prem-chelsea-vs-newcastle-united,0,0,0,0,0.0,0.0,0,0,0,0,0,0,0.0,0.0,0,0,0.0,0,0.0,0,0,0,0,0,0,0,0,0,0,0.0,0,0.0,0,0,0,0,0.0,0.0,0,0,0,0.0,0,0,0,0,0.0,0.0,0.0,0,0,90,0,0,0,0.0,0.0,0.0,0.0,0.0,0.0,0.0
294,25-26-prem-arsenal-vs-everton,0,0,0,0,0.0,0.0,0,0,0,0,0,0,0.0,0.0,0,0,0.0,0,0.0,0,0,0,0,0,0,0,0,0,0,0.0,0,0.0,0,0,0,0,0.0,0.0,0,0,0,0.0,0,0,0,0,0.0,0.0,0.0,0,0,97,2,0,0,0.0,0.0,0.0,0.0,0.0,0.0,0.0
200,25-26-prem-burnley-vs-afc-bournemouth,90,0,0,0,0.28,0.24,1,0,0,7,54,15,65.0,2.0,6,2,40.0,2,100.0,1,0,5,0,3,1,2,4,5,4,44.0,0,0.0,1,0,0,0,0.0,0.0,0,0,0,1.0,0,0,0,0,0.0,0.0,0.16,0,0,90,0,0,0,0.0,0.0,0.0,0.0,0.0,0.0,0.0
302,25-26-prem-arsenal-vs-everton,89,0,0,0,0.03,0.0,1,0,0,1,55,35,90.0,0.0,5,1,100.0,0,0.0,1,2,6,2,3,2,1,4,3,3,50.0,1,100.0,2,2,0,0,0.0,0.0,0,0,0,0.0,0,0,0,0,0.0,0.0,0.04,0,0,95,1,0,0,0.0,0.0,0.0,0.0,0.0,0.0,0.0
246,25-26-prem-chelsea-vs-newcastle-united,0,0,0,0,0.0,0.0,0,0,0,0,0,0,0.0,0.0,0,0,0.0,0,0.0,0,0,0,0,0,0,0,0,0,0,0.0,0,0.0,0,0,0,0,0.0,0.0,0,0,0,0.0,0,0,0,0,0.0,0.0,0.0,0,0,90,1,0,0,0.0,0.0,0.0,0.0,0.0,0.0,0.0
6,25-26-prem-arsenal-vs-everton,90,0,0,0,0.0,0.09,0,0,0,1,127,104,95.0,2.0,13,0,0.0,1,100.0,3,1,7,0,8,6,1,10,5,4,67.0,6,67.0,1,1,0,0,0.0,0.0,0,0,0,0.0,0,0,0,0,0.0,0.0,0.0,0,0,97,0,0,0,0.0,0.0,0.0,0.0,0.0,0.0,0.0
33,25-26-prem-manchester-united-vs-aston-villa,0,0,0,0,0.0,0.0,0,0,0,0,0,0,0.0,0.0,0,0,0.0,0,0.0,0,0,0,0,0,0,0,0,0,0,0.0,0,0.0,0,0,0,0,0.0,0.0,0,0,0,0.0,0,0,0,0,0.0,0.0,0.0,0,0,96,3,0,0,0.0,0.0,0.0,0.0,0.0,0.0,0.0
457,25-26-prem-manchester-united-vs-aston-villa,89,1,0,0,0.11,0.28,1,0,0,4,55,31,82.0,1.0,5,0,0.0,4,57.0,1,1,3,1,2,0,2,4,7,2,22.0,2,100.0,1,4,0,0,0.0,0.0,0,0,0,0.0,0,0,0,0,0.0,0.0,0.69,0,0,91,1,0,0,0.0,0.0,0.0,0.0,0.0,0.0,0.0
723,25-26-prem-crystal-palace-vs-leeds-united,80,0,0,0,0.0,0.02,0,0,0,0,84,51,84.0,1.0,15,0,0.0,5,45.0,2,0,4,2,13,11,0,7,2,2,100.0,5,71.0,0,0,0,0,0.0,0.0,0,0,0,0.0,0,0,0,0,0.0,0.0,0.0,0,0,80,0,0,0,0.0,0.0,0.0,0.0,0.0,0.0,0.0
38,25-26-prem-manchester-united-vs-aston-villa,90,0,0,0,0.0,0.02,0,0,0,0,56,45,94.0,0.0,9,1,100.0,2,50.0,0,0,1,2,5,3,0,0,1,0,0.0,0,0.0,0,0,0,0,0.0,0.0,0,0,0,0.0,0,0,0,0,0.0,0.0,0.0,0,0,96,3,0,0,0.0,0.0,0.0,0.0,0.0,0.0,0.0
808,25-26-prem-manchester-united-vs-aston-villa,30,0,0,0,0.0,0.26,0,0,0,4,9,3,75.0,1.0,0,0,0.0,0,0.0,1,0,1,0,1,1,1,1,2,1,33.0,0,0.0,0,0,0,0,0.0,0.0,0,0,0,1.0,0,0,0,0,0.0,0.0,0.0,0,60,96,2,0,0,0.0,0.0,0.0,0.0,0.0,0.0,0.0
220,25-26-prem-chelsea-vs-newcastle-united,90,0,0,0,0.0,0.0,0,0,0,0,44,0,0.0,0.0,4,0,0.0,0,0.0,0,0,7,0,1,0,0,1,0,0,0.0,1,100.0,1,0,4,1,1.48,0.48,0,22,5,0.0,1,0,1,0,0.0,0.0,0.0,0,0,90,1,0,0,0.0,0.0,0.0,0.0,0.0,0.0,0.0
226,25-26-prem-chelsea-vs-newcastle-united,90,0,0,0,0.16,0.02,0,0,0,2,92,86,100.0,0.0,6,0,0.0,1,100.0,1,1,2,0,1,1,0,4,2,1,100.0,3,60.0,0,0,0,0,0.0,0.0,0,0,0,0.0,0,0,0,0,0.0,0.0,0.0,0,0,90,1,0,0,0.0,0.0,0.0,0.0,0.0,0.0,0.0
241,25-26-prem-chelsea-vs-newcastle-united,61,0,0,0,0.0,0.11,0,0,0,0,73,61,92.0,1.0,7,0,0.0,1,50.0,2,0,3,0,0,0,1,2,4,2,50.0,0,0.0,0,1,0,0,0.0,0.0,0,0,0,0.0,0,0,0,0,0.0,0.0,0.0,0,0,61,1,0,0,0.0,0.0,0.0,0.0,0.0,0.0,0.0
215,25-26-prem-burnley-vs-afc-bournemouth,88,0,0,0,0.86,0.09,1,0,0,5,39,11,69.0,2.0,3,0,0.0,0,0.0,1,0,2,2,1,0,0,4,11,1,14.0,3,38.0,0,3,0,0,0.0,0.0,0,0,0,2.0,0,0,0,0,0.0,0.0,0.04,0,0,88,0,0,0,0.0,0.0,0.0,0.0,0.0,0.0,0.0
105,25-26-prem-brentford-vs-wolverhampton-wanderers,0,0,0,0,0.0,0.0,0,0,0,0,0,0,0.0,0.0,0,0,0.0,0,0.0,0,0,0,0,0,0,0,0,0,0,0.0,0,0.0,0,0,0,0,0.0,0.0,0,0,0,0.0,0,0,0,0,0.0,0.0,0.0,0,0,93,2,0,0,0.0,0.0,0.0,0.0,0.0,0.0,0.0
532,25-26-prem-sunderland-vs-brighton-hove-albion,90,0,0,0,0.08,0.01,0,0,0,1,72,37,82.0,1.0,5,0,0.0,2,67.0,1,2,3,0,1,1,1,4,6,3,60.0,1,20.0,2,0,0,0,0.0,0.0,0,0,0,1.0,0,0,0,0,0.0,0.0,0.0,0,0,95,1,0,0,0.0,0.0,0.0,0.0,0.0,0.0,0.0
237,25-26-prem-chelsea-vs-newcastle-united,90,0,0,0,0.09,0.15,0,0,0,0,96,72,90.0,2.0,11,0,0.0,4,100.0,1,2,3,0,0,0,2,4,3,4,57.0,0,0.0,2,0,0,0,0.0,0.0,0,0,0,0.0,0,0,0,0,0.0,0.0,0.0,0,0,90,1,0,0,0.0,0.0,0.0,0.0,0.0,0.0,0.0
231,25-26-prem-chelsea-vs-newcastle-united,0,0,0,0,0.0,0.0,0,0,0,0,0,0,0.0,0.0,0,0,0.0,0,0.0,0,0,0,0,0,0,0,0,0,0,0.0,0,0.0,0,0,0,0,0.0,0.0,0,0,0,0.0,0,0,0,0,0.0,0.0,0.0,0,0,90,1,0,0,0.0,0.0,0.0,0.0,0.0,0.0,0.0
668,25-26-prem-sunderland-vs-brighton-hove-albion,90,0,0,0,0.05,0.06,0,0,0,0,86,57,83.0,0.0,14,0,0.0,4,50.0,1,0,7,0,1,0,3,3,6,3,33.0,0,0.0,1,0,0,0,0.0,0.0,0,0,0,1.0,0,0,0,0,0.0,0.0,0.0,0,0,95,1,0,0,0.0,0.0,0.0,0.0,0.0,0.0,0.0
152,25-26-prem-sunderland-vs-brighton-hove-albion,1,0,0,0,0.0,0.0,0,0,0,0,2,0,0.0,0.0,0,0,0.0,0,0.0,1,0,0,0,1,1,1,1,2,1,33.0,0,0.0,0,1,0,0,0.0,0.0,0,0,0,0.0,0,0,0,0,0.0,0.0,0.0,0,94,95,0,0,0,0.0,0.0,0.0,0.0,0.0,0.0,0.0
158,25-26-prem-sunderland-vs-brighton-hove-albion,0,0,0,0,0.0,0.0,0,0,0,0,0,0,0.0,0.0,0,0,0.0,0,0.0,0,0,0,0,0,0,0,0,0,0,0.0,0,0.0,0,0,0,0,0.0,0.0,0,0,0,0.0,0,0,0,0,0.0,0.0,0.0,0,0,95,0,0,0,0.0,0.0,0.0,0.0,0.0,0.0,0.0
287,25-26-prem-arsenal-vs-everton,90,0,0,0,0.0,0.0,0,0,0,0,49,0,0.0,0.0,16,0,0.0,0,0.0,0,0,7,0,0,0,0,0,0,0,0.0,0,0.0,0,0,4,2,2.24,0.24,0,22,9,0.0,0,0,2,0,0.0,0.0,0.0,0,0,97,2,0,0,0.0,0.0,0.0,0.0,0.0,0.0,0.0
2,25-26-prem-arsenal-vs-everton,0,0,0,0,0.0,0.0,0,0,0,0,0,0,0.0,0.0,0,0,0.0,0,0.0,0,0,0,0,0,0,0,0,0,0,0.0,0,0.0,0,0,0,0,0.0,0.0,0,0,0,0.0,0,0,0,0,0.0,0.0,0.0,0,0,97,0,0,0,0.0,0.0,0.0,0.0,0.0,0.0,0.0
217,25-26-prem-burnley-vs-afc-bournemouth,66,0,0,0,0.09,0.0,0,0,0,2,20,6,67.0,0.0,1,0,0.0,0,0.0,0,0,1,0,0,0,1,1,9,0,0.0,1,20.0,0,0,0,0,0.0,0.0,0,0,0,1.0,0,0,0,0,0.0,0.0,0.0,0,0,66,0,0,0,0.0,0.0,0.0,0.0,0.0,0.0,0.0
296,25-26-prem-arsenal-vs-everton,0,0,0,0,0.0,0.0,0,0,0,0,0,0,0.0,0.0,0,0,0.0,0,0.0,0,0,0,0,0,0,0,0,0,0,0.0,0,0.0,0,0,0,0,0.0,0.0,0,0,0,0.0,0,0,0,0,0.0,0.0,0.0,0,0,97,2,0,0,0.0,0.0,0.0,0.0,0.0,0.0,0.0
8,25-26-prem-arsenal-vs-everton,38,0,0,0,0.0,0.01,0,0,0,1,22,10,91.0,0.0,3,0,0.0,0,0.0,2,0,1,0,2,1,0,2,4,2,40.0,0,0.0,0,0,0,0,0.0,0.0,0,0,0,2.0,0,0,0,0,0.0,0.0,0.0,0,0,38,0,0,0,0.0,0.0,0.0,0.0,0.0,0.0,0.0
303,25-26-prem-arsenal-vs-everton,90,0,0,0,0.0,0.01,0,0,0,0,49,20,80.0,1.0,4,0,0.0,1,50.0,1,3,3,0,5,2,0,3,0,2,100.0,1,100.0,1,0,0,0,0.0,0.0,0,0,0,0.0,0,0,0,0,0.0,0.0,0.0,0,0,97,2,0,0,0.0,0.0,0.0,0.0,0.0,0.0,0.0
299,25-26-prem-arsenal-vs-everton,90,0,0,0,0.45,0.02,0,0,0,1,49,25,83.0,1.0,2,0,0.0,0,0.0,1,0,6,1,0,0,0,7,7,4,40.0,3,75.0,2,2,0,0,0.0,0.0,0,0,0,3.0,0,0,0,0,0.0,0.0,0.0,0,0,97,2,0,0,0.0,0.0,0.0,0.0,0.0,0.0,0.0
19,25-26-prem-arsenal-vs-everton,29,0,1,0,0.04,0.09,1,0,0,2,15,2,40.0,1.0,0,1,25.0,0,0.0,0,0,1,0,1,1,0,0,3,0,0.0,0,0.0,0,1,0,0,0.0,0.0,0,0,0,1.0,0,0,0,0,0.0,0.0,0.06,0,61,97,0,0,0,0.0,0.0,0.0,0.0,0.0,0.0,0.0
311,25-26-prem-arsenal-vs-everton,69,0,0,0,0.11,0.0,1,0,0,2,25,4,44.0,0.0,0,0,0.0,0,0.0,0,0,1,0,3,3,0,5,10,2,40.0,3,30.0,0,2,0,0,0.0,0.0,0,0,0,1.0,0,0,0,0,0.0,0.0,0.22,0,0,69,0,0,0,0.0,0.0,0.0,0.0,0.0,0.0,0.0
455,25-26-prem-manchester-united-vs-aston-villa,0,0,0,0,0.0,0.0,0,0,0,0,0,0,0.0,0.0,0,0,0.0,0,0.0,0,0,0,0,0,0,0,0,0,0,0.0,0,0.0,0,0,0,0,0.0,0.0,0,0,0,0.0,0,0,0,0,0.0,0.0,0.0,0,0,96,1,0,0,0.0,0.0,0.0,0.0,0.0,0.0,0.0
440,25-26-prem-manchester-united-vs-aston-villa,90,0,0,0,0.16,0.02,1,0,0,2,54,29,83.0,0.0,3,0,0.0,1,50.0,2,2,3,0,2,1,2,4,3,2,40.0,2,100.0,0,1,0,0,0.0,0.0,0,0,0,0.0,0,0,0,0,0.0,0.0,0.04,0,0,96,1,0,0,0.0,0.0,0.0,0.0,0.0,0.0,0.0
728,25-26-prem-arsenal-vs-everton,4,0,0,0,0.0,0.04,0,0,0,0,6,2,67.0,0.0,1,0,0.0,0,0.0,2,0,1,0,0,0,0,3,1,3,100.0,0,0.0,1,0,0,0,0.0,0.0,0,0,0,0.0,0,0,0,0,0.0,0.0,0.0,0,86,97,2,0,0,0.0,0.0,0.0,0.0,0.0,0.0,0.0
707,25-26-prem-arsenal-vs-everton,0,0,0,0,0.0,0.0,0,0,0,0,0,0,0.0,0.0,0,0,0.0,0,0.0,0,0,0,0,0,0,0,0,0,0,0.0,0,0.0,0,0,0,0,0.0,0.0,0,0,0,0.0,0,0,0,0,0.0,0.0,0.0,0,0,97,2,0,0,0.0,0.0,0.0,0.0,0.0,0.0,0.0
722,25-26-prem-burnley-vs-afc-bournemouth,0,0,0,0,0.0,0.0,0,0,0,0,0,0,0.0,0.0,0,0,0.0,0,0.0,0,0,0,0,0,0,0,0,0,0,0.0,0,0.0,0,0,0,0,0.0,0.0,0,0,0,0.0,0,0,0,0,0.0,0.0,0.0,0,0,90,0,0,0,0.0,0.0,0.0,0.0,0.0,0.0,0.0
459,25-26-prem-manchester-united-vs-aston-villa,1,0,0,0,0.0,0.0,0,0,0,0,10,8,89.0,0.0,1,0,0.0,0,0.0,0,0,0,0,0,0,1,0,2,0,0.0,0,0.0,0,0,0,0,0.0,0.0,0,0,0,1.0,0,0,0,0,0.0,0.0,0.0,0,91,96,0,0,0,0.0,0.0,0.0,0.0,0.0,0.0,0.0
452,25-26-prem-manchester-united-vs-aston-villa,90,0,0,0,0.13,0.07,1,0,0,6,60,40,89.0,2.0,1,0,0.0,1,100.0,1,1,7,0,1,0,0,3,3,3,60.0,0,0.0,1,0,0,0,0.0,0.0,0,0,0,1.0,0,0,0,0,0.0,0.0,0.48,0,0,96,1,0,0,0.0,0.0,0.0,0.0,0.0,0.0,0.0
714,25-26-prem-chelsea-vs-newcastle-united,67,0,0,0,0.0,0.0,0,0,0,2,26,9,69.0,0.0,1,0,0.0,0,0.0,3,1,3,0,1,0,0,8,4,6,67.0,2,67.0,1,1,0,0,0.0,0.0,0,0,0,0.0,0,0,0,0,0.0,0.0,0.0,0,0,67,0,0,0,0.0,0.0,0.0,0.0,0.0,0.0,0.0
477,25-26-prem-chelsea-vs-newcastle-united,90,0,0,0,0.0,0.21,0,0,0,0,41,20,91.0,0.0,5,0,0.0,1,50.0,0,0,3,0,1,0,1,2,7,1,14.0,1,50.0,0,2,0,0,0.0,0.0,0,0,0,0.0,0,0,0,0,0.0,0.0,0.0,0,0,90,0,0,0,0.0,0.0,0.0,0.0,0.0,0.0,0.0
405,25-26-prem-west-ham-united-vs-manchester-city,0,0,0,0,0.0,0.0,0,0,0,0,0,0,0.0,0.0,0,0,0.0,0,0.0,0,0,0,0,0,0,0,0,0,0,0.0,0,0.0,0,0,0,0,0.0,0.0,0,0,0,0.0,0,0,0,0,0.0,0.0,0.0,0,0,96,1,0,0,0.0,0.0,0.0,0.0,0.0,0.0,0.0
539,25-26-prem-sunderland-vs-brighton-hove-albion,26,0,0,0,0.0,0.01,0,0,0,1,41,23,82.0,0.0,8,0,0.0,2,40.0,0,0,0,0,2,1,0,1,1,1,50.0,0,0.0,1,0,0,0,0.0,0.0,0,0,0,1.0,0,0,0,0,0.0,0.0,0.0,0,64,95,0,0,0,0.0,0.0,0.0,0.0,0.0,0.0,0.0
30,25-26-prem-arsenal-vs-everton,61,0,0,0,0.0,0.03,0,0,0,2,26,17,81.0,1.0,0,0,0.0,0,0.0,0,0,0,0,0,0,0,1,3,1,50.0,0,0.0,1,0,0,0,0.0,0.0,0,0,0,1.0,0,0,0,0,0.0,0.0,0.0,0,0,61,0,0,0,0.0,0.0,0.0,0.0,0.0,0.0,0.0
11,25-26-prem-arsenal-vs-everton,0,0,0,0,0.0,0.0,0,0,0,0,0,0,0.0,0.0,0,0,0.0,0,0.0,0,0,0,0,0,0,0,0,0,0,0.0,0,0.0,0,0,0,0,0.0,0.0,0,0,0,0.0,0,0,0,0,0.0,0.0,0.0,0,0,97,0,0,0,0.0,0.0,0.0,0.0,0.0,0.0,0.0
77,25-26-prem-burnley-vs-afc-bournemouth,90,0,0,0,0.28,0.06,0,0,0,2,74,44,83.0,1.0,4,0,0.0,2,25.0,2,2,4,1,11,7,2,9,6,2,40.0,7,70.0,0,1,0,0,0.0,0.0,0,0,0,0.0,0,0,0,0,0.0,0.0,0.0,0,0,90,0,0,0,0.0,0.0,0.0,0.0,0.0,0.0,0.0
183,25-26-prem-burnley-vs-afc-bournemouth,0,0,0,0,0.0,0.0,0,0,0,0,0,0,0.0,0.0,0,0,0.0,0,0.0,0,0,0,0,0,0,0,0,0,0,0.0,0,0.0,0,0,0,0,0.0,0.0,0,0,0,0.0,0,0,0,0,0.0,0.0,0.0,0,0,90,0,0,0,0.0,0.0,0.0,0.0,0.0,0.0,0.0
391,25-26-prem-burnley-vs-afc-bournemouth,0,0,0,0,0.0,0.0,0,0,0,0,0,0,0.0,0.0,0,0,0.0,0,0.0,0,0,0,0,0,0,0,0,0,0,0.0,0,0.0,0,0,0,0,0.0,0.0,0,0,0,0.0,0,0,0,0,0.0,0.0,0.0,0,0,90,0,0,0,0.0,0.0,0.0,0.0,0.0,0.0,0.0
5,25-26-prem-arsenal-vs-everton,90,0,0,0,0.03,0.06,0,0,0,1,80,54,84.0,0.0,11,0,0.0,4,40.0,1,0,2,0,9,7,0,10,1,4,100.0,6,86.0,3,0,0,0,0.0,0.0,0,0,0,0.0,0,0,0,0,0.0,0.0,0.0,0,0,97,0,0,0,0.0,0.0,0.0,0.0,0.0,0.0,0.0
304,25-26-prem-arsenal-vs-everton,86,0,0,0,0.0,0.02,0,0,0,0,34,16,76.0,1.0,1,0,0.0,0,0.0,5,2,3,1,0,0,0,9,4,7,70.0,2,67.0,2,1,0,0,0.0,0.0,0,0,0,2.0,0,0,0,0,0.0,0.0,0.0,0,0,86,0,0,0,0.0,0.0,0.0,0.0,0.0,0.0,0.0
124,25-26-prem-brentford-vs-wolverhampton-wanderers,90,0,0,0,0.0,0.16,0,0,0,1,56,36,69.0,1.0,6,0,0.0,0,0.0,1,1,5,0,0,0,0,4,3,2,67.0,2,50.0,1,1,0,0,0.0,0.0,0,0,0,0.0,0,0,0,0,0.0,0.0,0.0,0,0,93,2,0,0,0.0,0.0,0.0,0.0,0.0,0.0,0.0
733,25-26-prem-manchester-united-vs-aston-villa,90,0,0,0,0.0,0.0,0,0,0,0,32,0,0.0,0.0,4,0,0.0,0,0.0,0,0,7,0,0,0,0,0,0,0,0.0,0,0.0,0,0,1,1,0.84,-0.16,0,23,2,0.0,0,0,1,0,0.0,0.0,0.0,0,0,96,1,0,0,0.0,0.0,0.0,0.0,0.0,0.0,0.0
59,25-26-prem-manchester-united-vs-aston-villa,90,0,0,0,0.18,0.12,1,0,0,5,69,46,85.0,1.0,7,0,0.0,4,67.0,1,0,5,1,3,3,1,1,5,1,25.0,0,0.0,0,0,0,0,0.0,0.0,0,0,0,1.0,0,0,0,0,0.0,0.0,0.31,0,0,96,3,0,0,0.0,0.0,0.0,0.0,0.0,0.0,0.0
610,25-26-prem-west-ham-united-vs-manchester-city,90,0,0,0,0.0,0.0,0,0,0,1,57,17,65.0,0.0,7,0,0.0,1,33.0,3,0,5,0,3,2,0,4,8,4,44.0,0,0.0,0,3,0,0,0.0,0.0,0,0,0,2.0,0,0,0,0,0.0,0.0,0.0,0,0,96,1,0,0,0.0,0.0,0.0,0.0,0.0,0.0,0.0
721,25-26-prem-burnley-vs-afc-bournemouth,0,0,0,0,0.0,0.0,0,0,0,0,0,0,0.0,0.0,0,0,0.0,0,0.0,0,0,0,0,0,0,0,0,0,0,0.0,0,0.0,0,0,0,0,0.0,0.0,0,0,0,0.0,0,0,0,0,0.0,0.0,0.0,0,0,90,0,0,0,0.0,0.0,0.0,0.0,0.0,0.0,0.0
266,25-26-prem-arsenal-vs-everton,90,0,0,0,0.15,0.09,1,0,0,3,57,33,80.0,1.0,6,1,100.0,3,50.0,1,0,3,0,1,0,0,4,6,4,50.0,0,0.0,2,2,0,0,0.0,0.0,0,0,0,0.0,0,0,0,0,0.0,0.0,0.06,0,0,97,0,0,0,0.0,0.0,0.0,0.0,0.0,0.0,0.0
680,25-26-prem-burnley-vs-afc-bournemouth,2,0,0,0,0.0,0.0,0,0,0,1,8,3,75.0,0.0,1,0,0.0,0,0.0,0,0,1,0,0,0,0,1,4,0,0.0,1,25.0,0,0,0,0,0.0,0.0,0,0,0,1.0,0,0,0,0,0.0,0.0,0.0,0,88,90,0,0,0,0.0,0.0,0.0,0.0,0.0,0.0,0.0
629,25-26-prem-brentford-vs-wolverhampton-wanderers,0,0,0,0,0.0,0.0,0,0,0,0,0,0,0.0,0.0,0,0,0.0,0,0.0,0,0,0,0,0,0,0,0,0,0,0.0,0,0.0,0,0,0,0,0.0,0.0,0,0,0,0.0,0,0,0,0,0.0,0.0,0.0,0,0,93,2,0,0,0.0,0.0,0.0,0.0,0.0,0.0,0.0
416,25-26-prem-west-ham-united-vs-manchester-city,75,1,0,0,0.1,0.19,1,0,0,3,91,75,94.0,3.0,6,2,40.0,3,100.0,0,0,1,0,0,0,1,0,3,0,0.0,0,0.0,0,1,0,0,0.0,0.0,0,0,0,1.0,0,0,0,0,0.0,0.0,0.08,0,0,75,1,0,0,0.0,0.0,0.0,0.0,0.0,0.0,0.0
326,25-26-prem-west-ham-united-vs-manchester-city,15,0,0,0,0.0,0.0,0,0,0,0,3,0,0.0,0.0,0,0,0.0,0,0.0,0,0,0,0,1,0,0,0,1,0,0.0,0,0.0,0,0,0,0,0.0,0.0,0,0,0,0.0,0,0,0,0,0.0,0.0,0.0,0,75,96,0,0,0,0.0,0.0,0.0,0.0,0.0,0.0,0.0
494,25-26-prem-chelsea-vs-newcastle-united,77,0,1,0,0.01,0.26,1,0,0,3,39,23,72.0,2.0,3,0,0.0,0,0.0,1,1,5,0,0,0,2,4,4,1,20.0,3,100.0,0,1,0,0,0.0,0.0,0,0,0,0.0,0,0,0,0,0.0,0.0,0.22,0,0,77,0,0,0,0.0,0.0,0.0,0.0,0.0,0.0,0.0
603,25-26-prem-west-ham-united-vs-manchester-city,90,0,0,0,0.0,0.0,0,0,0,0,52,19,63.0,0.0,3,0,0.0,1,20.0,1,2,6,1,1,1,0,4,3,4,80.0,0,0.0,2,1,0,0,0.0,0.0,0,0,0,1.0,0,0,0,0,0.0,0.0,0.0,0,0,96,1,0,0,0.0,0.0,0.0,0.0,0.0,0.0,0.0
224,25-26-prem-chelsea-vs-newcastle-united,90,0,0,0,0.0,0.06,0,0,0,6,91,64,93.0,4.0,5,0,0.0,1,100.0,0,1,3,0,4,1,0,3,4,1,33.0,2,50.0,1,1,0,0,0.0,0.0,0,0,0,0.0,0,0,0,0,0.0,0.0,0.0,0,0,90,1,0,0,0.0,0.0,0.0,0.0,0.0,0.0,0.0
82,25-26-prem-west-ham-united-vs-manchester-city,74,0,0,0,0.12,0.02,0,0,0,2,55,40,91.0,0.0,1,0,0.0,2,100.0,0,0,2,0,0,0,0,1,5,1,17.0,0,0.0,0,2,0,0,0.0,0.0,0,0,0,2.0,0,0,0,0,0.0,0.0,0.0,0,0,75,1,0,0,0.0,0.0,0.0,0.0,0.0,0.0,0.0
747,25-26-prem-west-ham-united-vs-manchester-city,0,0,0,0,0.0,0.0,0,0,0,0,0,0,0.0,0.0,0,0,0.0,0,0.0,0,0,0,0,0,0,0,0,0,0,0.0,0,0.0,0,0,0,0,0.0,0.0,0,0,0,0.0,0,0,0,0,0.0,0.0,0.0,0,0,96,1,0,0,0.0,0.0,0.0,0.0,0.0,0.0,0.0
411,25-26-prem-west-ham-united-vs-manchester-city,90,0,0,0,0.62,0.04,1,0,0,7,91,59,87.0,1.0,9,0,0.0,2,67.0,0,2,2,0,0,0,2,3,6,2,29.0,1,50.0,0,1,0,0,0.0,0.0,0,0,0,0.0,0,0,0,0,0.0,0.0,0.36,0,0,96,1,0,0,0.0,0.0,0.0,0.0,0.0,0.0,0.0
159,25-26-prem-sunderland-vs-brighton-hove-albion,0,0,0,0,0.0,0.0,0,0,0,0,0,0,0.0,0.0,0,0,0.0,0,0.0,0,0,0,0,0,0,0,0,0,0,0.0,0,0.0,0,0,0,0,0.0,0.0,0,0,0,0.0,0,0,0,0,0.0,0.0,0.0,0,0,95,0,0,0,0.0,0.0,0.0,0.0,0.0,0.0,0.0
708,25-26-prem-west-ham-united-vs-manchester-city,90,0,0,0,0.0,0.01,0,0,0,0,43,27,84.0,0.0,5,0,0.0,1,25.0,3,1,3,0,1,0,4,4,9,4,31.0,0,0.0,1,5,0,0,0.0,0.0,0,0,0,0.0,0,0,0,0,0.0,0.0,0.0,0,0,96,1,0,0,0.0,0.0,0.0,0.0,0.0,0.0,0.0
143,25-26-prem-sunderland-vs-brighton-hove-albion,0,0,0,0,0.0,0.0,0,0,0,0,0,0,0.0,0.0,0,0,0.0,0,0.0,0,0,0,0,0,0,0,0,0,0,0.0,0,0.0,0,0,0,0,0.0,0.0,0,0,0,0.0,0,0,0,0,0.0,0.0,0.0,0,0,95,0,0,0,0.0,0.0,0.0,0.0,0.0,0.0,0.0
683,25-26-prem-sunderland-vs-brighton-hove-albion,90,0,0,0,0.14,0.03,2,0,0,1,66,41,76.0,0.0,10,0,0.0,2,29.0,1,0,7,1,4,1,0,5,2,2,67.0,3,75.0,1,1,0,0,0.0,0.0,0,0,0,0.0,0,0,0,0,0.0,0.0,0.57,0,0,95,1,0,0,0.0,0.0,0.0,0.0,0.0,0.0,0.0
300,25-26-prem-arsenal-vs-everton,86,0,0,0,0.34,0.01,0,0,0,2,35,15,88.0,1.0,1,1,100.0,0,0.0,2,1,2,0,2,0,0,3,1,3,100.0,0,0.0,1,0,0,0,0.0,0.0,0,0,0,0.0,0,0,0,0,0.0,0.0,0.0,0,0,86,0,0,0,0.0,0.0,0.0,0.0,0.0,0.0,0.0
18,25-26-prem-arsenal-vs-everton,61,0,0,0,0.07,0.08,1,0,0,5,32,17,81.0,2.0,0,0,0.0,0,0.0,1,0,2,0,0,0,0,3,2,3,60.0,0,0.0,0,0,0,0,0.0,0.0,0,0,0,0.0,0,0,0,0,0.0,0.0,0.06,0,0,61,0,0,0,0.0,0.0,0.0,0.0,0.0,0.0,0.0
90,25-26-prem-burnley-vs-afc-bournemouth,90,0,0,0,0.02,0.05,0,0,0,3,91,53,90.0,0.0,7,0,0.0,4,67.0,6,0,8,1,3,3,0,13,3,12,86.0,1,50.0,4,2,0,0,0.0,0.0,0,0,0,0.0,0,0,0,0,0.0,0.0,0.0,0,0,90,0,0,0,0.0,0.0,0.0,0.0,0.0,0.0,0.0
807,25-26-prem-burnley-vs-afc-bournemouth,87,0,0,0,0.02,0.04,0,0,0,3,41,22,73.0,0.0,0,0,0.0,1,25.0,0,0,4,0,2,1,0,2,2,1,50.0,1,50.0,1,1,0,0,0.0,0.0,0,0,0,0.0,0,0,0,0,0.0,0.0,0.0,0,0,87,0,0,0,0.0,0.0,0.0,0.0,0.0,0.0,0.0
139,25-26-prem-sunderland-vs-brighton-hove-albion,90,0,0,0,0.0,0.0,0,0,0,0,49,0,0.0,0.0,11,0,0.0,0,0.0,0,0,9,0,0,0,0,1,0,1,100.0,0,0.0,1,0,3,0,0.72,0.72,0,27,7,0.0,0,0,2,0,0.0,0.0,0.0,0,0,95,0,0,0,0.0,0.0,0.0,0.0,0.0,0.0,0.0
145,25-26-prem-sunderland-vs-brighton-hove-albion,14,0,0,0,0.0,0.0,0,0,0,0,4,1,33.0,0.0,0,0,0.0,0,0.0,0,1,1,0,0,0,1,0,2,0,0.0,0,0.0,0,1,0,0,0.0,0.0,0,0,0,0.0,0,0,0,0,0.0,0.0,0.0,0,76,95,0,0,0,0.0,0.0,0.0,0.0,0.0,0.0,0.0
243,25-26-prem-arsenal-vs-everton,1,0,0,0,0.0,0.0,0,0,0,0,1,0,0.0,0.0,0,0,0.0,0,0.0,0,0,0,0,0,0,0,0,0,0,0.0,0,0.0,0,0,0,0,0.0,0.0,0,0,0,0.0,0,0,0,0,0.0,0.0,0.0,0,95,97,1,0,0,0.0,0.0,0.0,0.0,0.0,0.0,0.0
305,25-26-prem-arsenal-vs-everton,4,0,0,0,0.0,0.0,0,0,0,0,2,1,100.0,0.0,0,0,0.0,0,0.0,0,0,0,0,0,0,0,0,0,0,0.0,0,0.0,0,0,0,0,0.0,0.0,0,0,0,0.0,0,0,0,0,0.0,0.0,0.0,0,86,97,2,0,0,0.0,0.0,0.0,0.0,0.0,0.0,0.0
178,25-26-prem-sunderland-vs-brighton-hove-albion,89,0,0,0,0.11,0.1,1,0,0,5,42,22,81.0,1.0,1,0,0.0,0,0.0,2,1,2,0,2,2,1,2,2,2,67.0,0,0.0,0,0,0,0,0.0,0.0,0,0,0,0.0,0,0,0,0,0.0,0.0,0.17,0,0,95,0,0,0,0.0,0.0,0.0,0.0,0.0,0.0,0.0
373,25-26-prem-liverpool-vs-tottenham-hotspur,90,0,0,0,0.0,0.04,0,0,0,3,97,77,87.0,1.0,10,0,0.0,5,50.0,2,0,2,1,5,3,0,6,1,2,100.0,4,80.0,0,1,0,0,0.0,0.0,0,0,0,0.0,0,0,0,0,0.0,0.0,0.0,0,0,96,1,0,0,0.0,0.0,0.0,0.0,0.0,0.0,0.0
529,25-26-prem-sunderland-vs-brighton-hove-albion,0,0,0,0,0.0,0.0,0,0,0,0,0,0,0.0,0.0,0,0,0.0,0,0.0,0,0,0,0,0,0,0,0,0,0,0.0,0,0.0,0,0,0,0,0.0,0.0,0,0,0,0.0,0,0,0,0,0.0,0.0,0.0,0,0,95,1,0,0,0.0,0.0,0.0,0.0,0.0,0.0,0.0
381,25-26-prem-liverpool-vs-tottenham-hotspur,26,0,0,0,0.29,0.09,0,0,0,4,20,8,57.0,2.0,2,1,50.0,1,100.0,0,0,5,0,0,0,0,0,1,0,0.0,0,0.0,0,0,0,0,0.0,0.0,0,0,0,1.0,0,0,0,0,0.0,0.0,0.0,0,64,96,1,0,0,0.0,0.0,0.0,0.0,0.0,0.0,0.0
666,25-26-prem-arsenal-vs-everton,29,1,0,0,1.0,0.0,1,0,0,1,12,2,33.0,0.0,0,0,0.0,0,0.0,0,0,0,1,1,1,0,2,2,1,100.0,1,33.0,1,0,0,0,0.0,0.0,0,0,0,0.0,0,0,0,0,0.0,0.0,0.99,0,61,97,0,0,0,0.0,0.0,0.0,0.0,0.0,0.0,0.0
242,25-26-prem-arsenal-vs-everton,90,0,0,0,0.08,0.01,1,0,0,3,40,21,75.0,0.0,5,0,0.0,1,50.0,0,0,2,1,0,0,1,2,5,2,33.0,0,0.0,1,0,0,0,0.0,0.0,0,0,0,2.0,0,0,0,0,0.0,0.0,0.17,0,0,97,2,0,0,0.0,0.0,0.0,0.0,0.0,0.0,0.0
7,25-26-prem-arsenal-vs-everton,74,0,0,0,0.15,0.09,1,0,0,4,56,43,93.0,1.0,4,0,0.0,1,33.0,0,0,6,1,1,0,1,4,1,0,0.0,4,100.0,0,0,0,0,0.0,0.0,0,0,0,0.0,0,0,0,0,0.0,0.0,0.0,0,0,74,0,0,0,0.0,0.0,0.0,0.0,0.0,0.0,0.0
288,25-26-prem-arsenal-vs-everton,0,0,0,0,0.0,0.0,0,0,0,0,0,0,0.0,0.0,0,0,0.0,0,0.0,0,0,0,0,0,0,0,0,0,0,0.0,0,0.0,0,0,0,0,0.0,0.0,0,0,0,0.0,0,0,0,0,0.0,0.0,0.0,0,0,97,2,0,0,0.0,0.0,0.0,0.0,0.0,0.0,0.0
593,25-26-prem-liverpool-vs-tottenham-hotspur,90,0,0,0,0.0,0.07,0,0,0,1,67,39,83.0,0.0,6,0,0.0,2,50.0,2,2,9,0,4,3,1,5,2,5,83.0,0,0.0,1,0,0,0,0.0,0.0,0,0,0,0.0,0,0,0,0,0.0,0.0,0.0,0,0,96,1,0,0,0.0,0.0,0.0,0.0,0.0,0.0,0.0
382,25-26-prem-liverpool-vs-tottenham-hotspur,64,0,0,0,0.0,0.21,0,0,0,12,49,34,85.0,4.0,3,0,0.0,1,50.0,1,0,2,0,0,0,2,1,4,1,20.0,0,0.0,0,1,0,0,0.0,0.0,0,0,0,0.0,0,0,0,0,0.0,0.0,0.0,0,0,64,0,0,0,0.0,0.0,0.0,0.0,0.0,0.0,0.0
717,25-26-prem-liverpool-vs-tottenham-hotspur,34,0,0,0,0.09,0.04,1,0,0,2,33,18,82.0,1.0,1,0,0.0,2,100.0,1,0,0,0,1,0,0,3,1,3,75.0,0,0.0,0,1,0,0,0.0,0.0,0,0,0,0.0,0,0,0,0,0.0,0.0,0.32,0,56,96,0,0,0,0.0,0.0,0.0,0.0,0.0,0.0,0.0
371,25-26-prem-liverpool-vs-tottenham-hotspur,0,0,0,0,0.0,0.0,0,0,0,0,0,0,0.0,0.0,0,0,0.0,0,0.0,0,0,0,0,0,0,0,0,0,0,0.0,0,0.0,0,0,0,0,0.0,0.0,0,0,0,0.0,0,0,0,0,0.0,0.0,0.0,0,0,96,1,0,0,0.0,0.0,0.0,0.0,0.0,0.0,0.0
572,25-26-prem-liverpool-vs-tottenham-hotspur,90,0,0,0,0.0,0.01,0,0,0,0,56,29,74.0,0.0,2,0,0.0,3,43.0,2,1,2,2,8,3,1,2,3,2,40.0,0,0.0,0,2,0,0,0.0,0.0,0,0,0,0.0,0,0,0,0,0.0,0.0,0.0,0,0,96,1,0,0,0.0,0.0,0.0,0.0,0.0,0.0,0.0
584,25-26-prem-liverpool-vs-tottenham-hotspur,75,0,0,0,0.07,0.19,0,0,0,0,46,7,54.0,3.0,3,2,33.0,1,33.0,3,1,3,0,2,1,0,7,10,7,44.0,0,0.0,0,2,0,0,0.0,0.0,0,0,0,6.0,0,0,0,0,0.0,0.0,0.0,0,0,75,1,0,0,0.0,0.0,0.0,0.0,0.0,0.0,0.0
591,25-26-prem-liverpool-vs-tottenham-hotspur,90,0,0,0,0.0,0.01,0,0,0,0,34,19,79.0,1.0,2,0,0.0,0,0.0,0,2,4,0,1,0,0,0,0,0,0.0,0,0.0,0,0,0,0,0.0,0.0,0,0,0,0.0,0,0,0,0,0.0,0.0,0.0,0,0,96,1,0,0,0.0,0.0,0.0,0.0,0.0,0.0,0.0
332,25-26-prem-nottingham-forest-vs-fulham,27,0,0,0,0.08,0.0,0,0,0,1,22,13,76.0,0.0,1,0,0.0,1,100.0,2,0,1,0,0,0,1,3,2,2,67.0,1,50.0,0,0,0,0,0.0,0.0,0,0,0,0.0,0,0,0,0,0.0,0.0,0.0,0,63,91,0,0,0,0.0,0.0,0.0,0.0,0.0,0.0,0.0
324,25-26-prem-nottingham-forest-vs-fulham,90,0,0,0,0.0,0.23,0,0,0,3,60,39,83.0,1.0,4,1,14.0,2,67.0,0,0,4,0,2,1,0,2,2,1,33.0,1,100.0,0,0,0,0,0.0,0.0,0,0,0,2.0,0,0,0,0,0.0,0.0,0.0,0,0,91,0,0,0,0.0,0.0,0.0,0.0,0.0,0.0,0.0
507,25-26-prem-nottingham-forest-vs-fulham,90,0,0,0,0.08,0.01,0,0,0,0,80,38,86.0,0.0,4,0,0.0,2,50.0,4,1,3,1,10,5,2,7,5,4,44.0,3,100.0,0,1,0,0,0.0,0.0,0,0,0,1.0,0,0,0,0,0.0,0.0,0.0,0,0,91,0,0,0,0.0,0.0,0.0,0.0,0.0,0.0,0.0
727,25-26-prem-nottingham-forest-vs-fulham,28,0,0,0,0.0,0.01,0,0,0,1,16,6,43.0,0.0,0,0,0.0,2,100.0,0,0,4,1,0,0,1,0,3,0,0.0,0,0.0,0,0,0,0,0.0,0.0,0,0,0,0.0,0,0,0,0,0.0,0.0,0.0,0,62,91,0,0,0,0.0,0.0,0.0,0.0,0.0,0.0,0.0
44,25-26-prem-manchester-united-vs-aston-villa,90,0,0,0,0.0,0.03,0,0,0,2,64,41,87.0,0.0,8,1,100.0,0,0.0,3,1,7,0,4,3,0,4,3,3,60.0,1,50.0,0,0,0,0,0.0,0.0,0,0,0,2.0,0,0,0,0,0.0,0.0,0.0,0,0,96,3,0,0,0.0,0.0,0.0,0.0,0.0,0.0,0.0
210,25-26-prem-burnley-vs-afc-bournemouth,0,0,0,0,0.0,0.0,0,0,0,0,0,0,0.0,0.0,0,0,0.0,0,0.0,0,0,0,0,0,0,0,0,0,0,0.0,0,0.0,0,0,0,0,0.0,0.0,0,0,0,0.0,0,0,0,0,0.0,0.0,0.0,0,0,90,0,0,0,0.0,0.0,0.0,0.0,0.0,0.0,0.0
700,25-26-prem-arsenal-vs-everton,16,1,0,0,0.97,0.02,1,0,0,2,28,12,92.0,2.0,0,0,0.0,0,0.0,0,0,4,0,0,0,1,4,4,4,50.0,0,0.0,2,0,0,0,0.0,0.0,0,0,0,1.0,0,0,0,0,0.0,0.0,0.99,0,74,97,0,0,0,0.0,0.0,0.0,0.0,0.0,0.0,0.0
195,25-26-prem-burnley-vs-afc-bournemouth,16,0,0,0,0.0,0.0,0,0,0,1,7,3,75.0,0.0,0,0,0.0,0,0.0,0,0,0,0,0,0,0,0,0,0,0.0,0,0.0,0,0,0,0,0.0,0.0,0,0,0,0.0,0,0,0,0,0.0,0.0,0.0,0,74,90,0,0,0,0.0,0.0,0.0,0.0,0.0,0.0,0.0
500,25-26-prem-chelsea-vs-newcastle-united,0,0,0,0,0.0,0.0,0,0,0,0,0,0,0.0,0.0,0,0,0.0,0,0.0,0,0,0,0,0,0,0,0,0,0,0.0,0,0.0,0,0,0,0,0.0,0.0,0,0,0,0.0,0,0,0,0,0.0,0.0,0.0,0,0,90,0,0,0,0.0,0.0,0.0,0.0,0.0,0.0,0.0
316,25-26-prem-nottingham-forest-vs-fulham,90,0,0,0,0.0,0.02,0,0,0,0,69,27,73.0,1.0,5,0,0.0,0,0.0,1,3,7,0,5,4,1,3,2,2,50.0,1,100.0,0,1,0,0,0.0,0.0,0,0,0,0.0,0,0,0,0,0.0,0.0,0.0,0,0,91,0,0,0,0.0,0.0,0.0,0.0,0.0,0.0,0.0
421,25-26-prem-west-ham-united-vs-manchester-city,90,0,0,0,0.0,0.59,0,0,0,2,150,116,87.0,3.0,19,0,0.0,4,40.0,2,1,9,0,3,1,1,4,5,3,43.0,1,50.0,1,0,0,0,0.0,0.0,0,0,0,0.0,0,0,0,0,0.0,0.0,0.0,0,0,96,1,0,0,0.0,0.0,0.0,0.0,0.0,0.0,0.0
453,25-26-prem-chelsea-vs-newcastle-united,90,0,0,0,0.15,0.11,1,0,0,4,63,42,93.0,3.0,0,0,0.0,0,0.0,1,1,1,0,0,0,1,2,6,2,33.0,0,0.0,0,0,0,0,0.0,0.0,0,0,0,1.0,0,0,0,0,0.0,0.0,0.06,0,0,90,1,0,0,0.0,0.0,0.0,0.0,0.0,0.0,0.0
686,25-26-prem-liverpool-vs-tottenham-hotspur,64,0,0,0,0.25,0.23,1,0,0,7,51,28,90.0,0.0,1,0,0.0,1,100.0,0,1,1,0,0,0,0,8,2,8,89.0,0,0.0,1,0,0,0,0.0,0.0,0,0,0,1.0,0,0,0,0,0.0,0.0,0.04,0,0,64,0,0,0,0.0,0.0,0.0,0.0,0.0,0.0,0.0
384,25-26-prem-liverpool-vs-tottenham-hotspur,83,0,0,0,0.21,0.03,1,0,0,3,34,10,62.0,1.0,4,0,0.0,1,33.0,2,1,4,0,0,0,1,6,8,5,45.0,1,33.0,3,2,0,0,0.0,0.0,0,0,0,2.0,0,0,0,0,0.0,0.0,0.54,0,0,83,0,0,0,0.0,0.0,0.0,0.0,0.0,0.0,0.0
310,25-26-prem-arsenal-vs-everton,21,0,0,0,0.0,0.0,0,0,0,1,10,0,0.0,0.0,1,0,0.0,0,0.0,0,0,0,0,0,0,0,2,8,0,0.0,2,29.0,0,1,0,0,0.0,0.0,0,0,0,1.0,0,0,0,0,0.0,0.0,0.0,0,69,97,2,0,0,0.0,0.0,0.0,0.0,0.0,0.0,0.0
624,25-26-prem-west-ham-united-vs-manchester-city,89,0,1,0,0.0,0.19,0,0,0,1,42,9,41.0,1.0,1,1,100.0,0,0.0,3,0,4,1,2,2,2,5,11,5,45.0,0,0.0,1,1,0,0,0.0,0.0,0,0,0,2.0,0,0,0,0,0.0,0.0,0.0,0,0,96,1,0,0,0.0,0.0,0.0,0.0,0.0,0.0,0.0
84,25-26-prem-burnley-vs-afc-bournemouth,90,0,0,0,0.2,0.38,1,0,0,0,62,31,79.0,4.0,9,3,75.0,1,33.0,2,2,7,0,0,0,0,7,7,6,67.0,1,20.0,2,0,0,0,0.0,0.0,0,0,0,1.0,0,0,0,0,0.0,0.0,0.08,0,0,90,0,0,0,0.0,0.0,0.0,0.0,0.0,0.0,0.0
292,25-26-prem-arsenal-vs-everton,90,0,0,0,0.0,0.01,0,0,0,0,67,27,64.0,0.0,7,0,0.0,0,0.0,2,3,2,0,2,1,5,4,10,3,25.0,1,50.0,1,2,0,0,0.0,0.0,0,0,0,0.0,0,0,0,0,0.0,0.0,0.0,0,0,97,2,0,0,0.0,0.0,0.0,0.0,0.0,0.0,0.0
669,25-26-prem-nottingham-forest-vs-fulham,45,0,0,0,0.0,0.0,0,0,0,1,10,3,75.0,0.0,3,0,0.0,1,50.0,0,0,0,0,0,0,0,2,2,2,100.0,0,0.0,2,0,0,0,0.0,0.0,0,0,0,0.0,0,0,0,0,0.0,0.0,0.0,0,46,91,0,0,0,0.0,0.0,0.0,0.0,0.0,0.0,0.0
511,25-26-prem-nottingham-forest-vs-fulham,0,0,0,0,0.0,0.0,0,0,0,0,0,0,0.0,0.0,0,0,0.0,0,0.0,0,0,0,0,0,0,0,0,0,0,0.0,0,0.0,0,0,0,0,0.0,0.0,0,0,0,0.0,0,0,0,0,0.0,0.0,0.0,0,0,91,0,0,0,0.0,0.0,0.0,0.0,0.0,0.0,0.0
734,25-26-prem-nottingham-forest-vs-fulham,0,0,0,0,0.0,0.0,0,0,0,0,0,0,0.0,0.0,0,0,0.0,0,0.0,0,0,0,0,0,0,0,0,0,0,0.0,0,0.0,0,0,0,0,0.0,0.0,0,0,0,0.0,0,0,0,0,0.0,0.0,0.0,0,0,91,0,0,0,0.0,0.0,0.0,0.0,0.0,0.0,0.0
502,25-26-prem-nottingham-forest-vs-fulham,90,0,0,0,0.0,0.0,0,0,0,0,25,0,0.0,0.0,4,0,0.0,0,0.0,0,0,8,0,0,0,0,1,0,1,100.0,0,0.0,1,0,1,0,0.29,0.29,2,14,4,0.0,0,0,1,0,0.0,0.0,0.0,0,0,91,0,0,0,0.0,0.0,0.0,0.0,0.0,0.0,0.0
331,25-26-prem-nottingham-forest-vs-fulham,12,0,0,0,0.0,0.01,0,0,0,0,17,16,100.0,0.0,4,0,0.0,2,100.0,0,0,1,0,0,0,0,1,0,1,100.0,0,0.0,1,0,0,0,0.0,0.0,0,0,0,0.0,0,0,0,0,0.0,0.0,0.0,0,78,91,0,0,0,0.0,0.0,0.0,0.0,0.0,0.0,0.0
475,25-26-prem-chelsea-vs-newcastle-united,90,0,0,0,0.0,0.0,0,0,0,1,59,39,85.0,0.0,1,0,0.0,0,0.0,2,0,1,3,5,4,1,7,3,3,75.0,4,67.0,0,0,0,0,0.0,0.0,0,0,0,0.0,0,0,0,0,0.0,0.0,0.0,0,0,90,0,0,0,0.0,0.0,0.0,0.0,0.0,0.0,0.0
505,25-26-prem-nottingham-forest-vs-fulham,90,0,0,0,0.0,0.0,0,0,0,2,54,41,85.0,0.0,4,0,0.0,4,50.0,0,0,1,0,4,3,0,3,1,0,0.0,3,75.0,0,0,0,0,0.0,0.0,0,0,0,0.0,0,0,0,0,0.0,0.0,0.0,0,0,91,0,0,0,0.0,0.0,0.0,0.0,0.0,0.0,0.0
54,25-26-prem-manchester-united-vs-aston-villa,61,0,0,0,0.06,0.25,0,0,0,4,26,12,71.0,1.0,3,1,50.0,1,33.0,0,0,2,0,0,0,1,2,5,2,33.0,0,0.0,2,2,0,0,0.0,0.0,0,0,0,1.0,0,0,0,0,0.0,0.0,0.0,0,0,61,1,0,0,0.0,0.0,0.0,0.0,0.0,0.0,0.0
443,25-26-prem-manchester-united-vs-aston-villa,90,0,0,0,0.0,0.03,0,0,0,1,71,45,90.0,0.0,6,0,0.0,1,50.0,3,1,1,1,7,3,0,8,4,4,57.0,4,80.0,1,2,0,0,0.0,0.0,0,0,0,0.0,0,0,0,0,0.0,0.0,0.0,0,0,96,1,0,0,0.0,0.0,0.0,0.0,0.0,0.0,0.0
40,25-26-prem-manchester-united-vs-aston-villa,90,0,0,0,0.36,0.01,0,0,0,2,68,47,89.0,0.0,3,0,0.0,1,33.0,0,2,4,0,9,3,0,3,2,1,50.0,2,67.0,1,0,0,0,0.0,0.0,0,0,0,1.0,0,0,0,0,0.0,0.0,0.0,0,0,96,3,0,0,0.0,0.0,0.0,0.0,0.0,0.0,0.0
64,25-26-prem-manchester-united-vs-aston-villa,60,0,0,0,0.0,0.01,0,0,0,2,18,6,75.0,0.0,0,0,0.0,0,0.0,0,0,0,0,1,0,0,3,5,2,29.0,1,100.0,1,1,0,0,0.0,0.0,0,0,0,1.0,0,0,0,0,0.0,0.0,0.0,0,0,60,1,0,0,0.0,0.0,0.0,0.0,0.0,0.0,0.0
49,25-26-prem-manchester-united-vs-aston-villa,29,0,0,0,0.04,0.28,0,0,0,4,20,10,83.0,0.0,0,0,0.0,0,0.0,1,0,1,0,0,0,0,2,2,2,50.0,0,0.0,1,0,0,0,0.0,0.0,0,0,0,0.0,0,0,0,0,0.0,0.0,0.0,0,61,96,2,0,0,0.0,0.0,0.0,0.0,0.0,0.0,0.0
41,25-26-prem-manchester-united-vs-aston-villa,0,0,0,0,0.0,0.0,0,0,0,0,0,0,0.0,0.0,0,0,0.0,0,0.0,0,0,0,0,0,0,0,0,0,0,0.0,0,0.0,0,0,0,0,0.0,0.0,0,0,0,0.0,0,0,0,0,0.0,0.0,0.0,0,0,96,3,0,0,0.0,0.0,0.0,0.0,0.0,0.0,0.0
450,25-26-prem-manchester-united-vs-aston-villa,90,1,0,0,0.22,0.01,1,0,0,2,52,27,73.0,1.0,6,0,0.0,1,25.0,1,0,4,0,0,0,0,2,2,1,33.0,1,100.0,0,0,0,0,0.0,0.0,0,0,0,1.0,0,0,0,0,0.0,0.0,0.47,0,0,96,1,0,0,0.0,0.0,0.0,0.0,0.0,0.0,0.0
448,25-26-prem-manchester-united-vs-aston-villa,0,0,0,0,0.0,0.0,0,0,0,0,0,0,0.0,0.0,0,0,0.0,0,0.0,0,0,0,0,0,0,0,0,0,0,0.0,0,0.0,0,0,0,0,0.0,0.0,0,0,0,0.0,0,0,0,0,0.0,0.0,0.0,0,0,96,1,0,0,0.0,0.0,0.0,0.0,0.0,0.0,0.0
431,25-26-prem-manchester-united-vs-aston-villa,0,0,0,0,0.0,0.0,0,0,0,0,0,0,0.0,0.0,0,0,0.0,0,0.0,0,0,0,0,0,0,0,0,0,0,0.0,0,0.0,0,0,0,0,0.0,0.0,0,0,0,0.0,0,0,0,0,0.0,0.0,0.0,0,0,96,1,0,0,0.0,0.0,0.0,0.0,0.0,0.0,0.0
182,25-26-prem-west-ham-united-vs-manchester-city,0,0,0,0,0.0,0.0,0,0,0,0,0,0,0.0,0.0,0,0,0.0,0,0.0,0,0,0,0,0,0,0,0,0,0,0.0,0,0.0,0,0,0,0,0.0,0.0,0,0,0,0.0,0,0,0,0,0.0,0.0,0.0,0,0,96,1,0,0,0.0,0.0,0.0,0.0,0.0,0.0,0.0
623,25-26-prem-west-ham-united-vs-manchester-city,0,0,0,0,0.0,0.0,0,0,0,0,0,0,0.0,0.0,0,0,0.0,0,0.0,0,0,0,0,0,0,0,0,0,0,0.0,0,0.0,0,0,0,0,0.0,0.0,0,0,0,0.0,0,0,0,0,0.0,0.0,0.0,0,0,96,1,0,0,0.0,0.0,0.0,0.0,0.0,0.0,0.0
544,25-26-prem-sunderland-vs-brighton-hove-albion,90,0,0,0,0.02,0.09,0,0,0,5,38,18,78.0,0.0,3,0,0.0,0,0.0,0,0,1,0,0,0,0,1,6,1,14.0,0,0.0,1,2,0,0,0.0,0.0,0,0,0,3.0,0,0,0,0,0.0,0.0,0.0,0,0,95,1,0,0,0.0,0.0,0.0,0.0,0.0,0.0,0.0
664,25-26-prem-nottingham-forest-vs-fulham,0,0,0,0,0.0,0.0,0,0,0,0,0,0,0.0,0.0,0,0,0.0,0,0.0,0,0,0,0,0,0,0,0,0,0,0.0,0,0.0,0,0,0,0,0.0,0.0,0,0,0,0.0,0,0,0,0,0.0,0.0,0.0,0,0,91,0,0,0,0.0,0.0,0.0,0.0,0.0,0.0,0.0
527,25-26-prem-nottingham-forest-vs-fulham,27,0,0,0,0.54,0.0,0,0,0,2,11,2,67.0,0.0,1,0,0.0,0,0.0,0,0,1,0,0,0,1,1,7,0,0.0,1,25.0,0,2,0,0,0.0,0.0,0,0,0,1.0,0,0,0,0,0.0,0.0,0.0,0,63,91,0,0,0,0.0,0.0,0.0,0.0,0.0,0.0,0.0
595,25-26-prem-liverpool-vs-tottenham-hotspur,14,0,0,0,0.0,0.01,0,0,0,0,9,8,100.0,0.0,2,0,0.0,1,100.0,0,0,2,0,0,0,0,0,0,0,0.0,0,0.0,0,0,0,0,0.0,0.0,0,0,0,0.0,0,0,0,0,0.0,0.0,0.0,0,76,96,0,0,0,0.0,0.0,0.0,0.0,0.0,0.0,0.0
366,25-26-prem-liverpool-vs-tottenham-hotspur,90,0,0,0,0.0,0.0,0,0,0,0,35,0,0.0,0.0,3,0,0.0,0,0.0,0,0,10,0,2,0,0,3,0,1,100.0,2,100.0,2,0,6,1,1.94,0.94,1,13,3,0.0,0,0,3,0,0.0,0.0,0.0,0,0,96,1,0,0,0.0,0.0,0.0,0.0,0.0,0.0,0.0
372,25-26-prem-liverpool-vs-tottenham-hotspur,90,0,0,0,0.1,0.03,0,0,0,2,82,56,82.0,0.0,13,0,0.0,1,33.0,1,0,2,0,3,1,0,2,2,1,33.0,1,100.0,0,1,0,0,0.0,0.0,0,0,0,0.0,0,0,0,0,0.0,0.0,0.0,0,0,96,1,0,0,0.0,0.0,0.0,0.0,0.0,0.0,0.0
565,25-26-prem-liverpool-vs-tottenham-hotspur,90,0,0,0,0.0,0.02,0,0,0,0,45,0,0.0,1.0,11,0,0.0,0,0.0,0,0,5,0,0,0,0,0,0,0,0.0,0,0.0,0,0,3,1,1.18,0.18,0,21,10,0.0,0,0,2,0,0.0,0.0,0.0,0,0,96,1,0,0,0.0,0.0,0.0,0.0,0.0,0.0,0.0
376,25-26-prem-liverpool-vs-tottenham-hotspur,90,0,0,0,0.0,0.02,0,0,0,0,72,53,83.0,0.0,4,0,0.0,1,25.0,0,1,3,0,3,3,0,2,5,0,0.0,2,40.0,0,1,0,0,0.0,0.0,0,0,0,0.0,0,0,0,0,0.0,0.0,0.0,0,0,96,1,0,0,0.0,0.0,0.0,0.0,0.0,0.0,0.0
596,25-26-prem-liverpool-vs-tottenham-hotspur,90,0,0,0,0.0,0.0,0,0,0,1,31,10,59.0,0.0,3,0,0.0,0,0.0,2,1,5,1,0,0,0,7,5,4,80.0,3,43.0,1,2,0,0,0.0,0.0,0,0,0,0.0,0,0,0,0,0.0,0.0,0.0,0,0,96,1,0,0,0.0,0.0,0.0,0.0,0.0,0.0,0.0
597,25-26-prem-liverpool-vs-tottenham-hotspur,89,1,0,0,0.93,0.0,4,0,0,9,38,10,77.0,1.0,3,0,0.0,1,50.0,5,0,5,0,0,0,3,9,10,7,50.0,2,40.0,2,1,0,0,0.0,0.0,0,0,0,2.0,0,0,0,0,0.0,0.0,1.44,0,0,96,1,0,0,0.0,0.0,0.0,0.0,0.0,0.0,0.0
573,25-26-prem-liverpool-vs-tottenham-hotspur,76,0,0,0,0.04,0.01,1,0,0,1,47,18,86.0,1.0,3,0,0.0,0,0.0,3,2,3,0,6,1,0,6,4,6,100.0,0,0.0,2,0,0,0,0.0,0.0,0,0,0,0.0,0,0,0,0,0.0,0.0,0.01,0,0,76,1,0,0,0.0,0.0,0.0,0.0,0.0,0.0,0.0
388,25-26-prem-liverpool-vs-tottenham-hotspur,26,0,0,0,0.0,0.01,0,0,0,0,11,10,100.0,0.0,0,0,0.0,0,0.0,0,0,1,0,0,0,1,0,1,0,0.0,0,0.0,0,0,0,0,0.0,0.0,0,0,0,0.0,0,0,0,0,0.0,0.0,0.0,0,64,96,1,0,0,0.0,0.0,0.0,0.0,0.0,0.0,0.0
568,25-26-prem-liverpool-vs-tottenham-hotspur,90,0,0,0,0.03,0.03,0,0,0,2,64,25,68.0,0.0,6,2,100.0,6,55.0,0,1,5,2,2,1,6,1,8,0,0.0,1,50.0,0,0,0,0,0.0,0.0,0,0,0,0.0,0,0,0,0,0.0,0.0,0.0,0,0,96,1,0,0,0.0,0.0,0.0,0.0,0.0,0.0,0.0
47,25-26-prem-manchester-united-vs-aston-villa,90,0,0,0,0.06,0.19,0,0,0,1,45,20,71.0,1.0,4,1,50.0,2,67.0,2,0,6,0,1,1,0,8,5,7,88.0,1,20.0,3,1,0,0,0.0,0.0,0,0,0,0.0,0,0,0,0,0.0,0.0,0.0,0,0,96,3,0,0,0.0,0.0,0.0,0.0,0.0,0.0,0.0
119,25-26-prem-manchester-united-vs-aston-villa,75,0,0,0,0.08,0.03,1,0,0,2,25,12,80.0,1.0,1,0,0.0,0,0.0,2,1,0,0,0,0,0,2,3,2,50.0,0,0.0,0,0,0,0,0.0,0.0,0,0,0,2.0,0,0,0,0,0.0,0.0,0.03,0,0,75,1,0,0,0.0,0.0,0.0,0.0,0.0,0.0,0.0
466,25-26-prem-manchester-united-vs-aston-villa,0,0,0,0,0.0,0.0,0,0,0,0,0,0,0.0,0.0,0,0,0.0,0,0.0,0,0,0,0,0,0,0,0,0,0,0.0,0,0.0,0,0,0,0,0.0,0.0,0,0,0,0.0,0,0,0,0,0.0,0.0,0.0,0,0,96,1,0,0,0.0,0.0,0.0,0.0,0.0,0.0,0.0
389,25-26-prem-manchester-united-vs-aston-villa,0,0,0,0,0.0,0.0,0,0,0,0,0,0,0.0,0.0,0,0,0.0,0,0.0,0,0,0,0,0,0,0,0,0,0,0.0,0,0.0,0,0,0,0,0.0,0.0,0,0,0,0.0,0,0,0,0,0.0,0.0,0.0,0,0,96,3,0,0,0.0,0.0,0.0,0.0,0.0,0.0,0.0
39,25-26-prem-manchester-united-vs-aston-villa,8,0,0,0,0.0,0.01,0,0,0,0,4,4,100.0,0.0,0,0,0.0,0,0.0,0,0,0,0,0,0,0,0,0,0,0.0,0,0.0,0,0,0,0,0.0,0.0,0,0,0,0.0,0,0,0,0,0.0,0.0,0.0,0,82,96,0,0,0,0.0,0.0,0.0,0.0,0.0,0.0,0.0
458,25-26-prem-manchester-united-vs-aston-villa,90,0,0,0,0.0,0.02,0,0,0,0,71,46,85.0,1.0,7,0,0.0,2,50.0,3,2,8,0,2,1,0,6,3,5,62.0,1,100.0,0,0,0,0,0.0,0.0,0,0,0,1.0,0,0,0,0,0.0,0.0,0.0,0,0,96,1,0,0,0.0,0.0,0.0,0.0,0.0,0.0,0.0
444,25-26-prem-manchester-united-vs-aston-villa,90,0,0,0,0.0,0.01,0,0,0,0,60,41,89.0,0.0,8,0,0.0,1,25.0,3,3,2,0,5,3,0,4,4,3,75.0,1,25.0,0,1,0,0,0.0,0.0,0,0,0,0.0,0,0,0,0,0.0,0.0,0.0,0,0,96,1,0,0,0.0,0.0,0.0,0.0,0.0,0.0,0.0
42,25-26-prem-manchester-united-vs-aston-villa,4,0,0,0,0.0,0.0,0,0,0,0,6,4,100.0,0.0,0,0,0.0,0,0.0,1,0,0,0,0,0,0,1,1,1,50.0,0,0.0,0,0,0,0,0.0,0.0,0,0,0,1.0,0,0,0,0,0.0,0.0,0.0,0,86,96,0,0,0,0.0,0.0,0.0,0.0,0.0,0.0,0.0
447,25-26-prem-manchester-united-vs-aston-villa,0,0,0,0,0.0,0.0,0,0,0,0,0,0,0.0,0.0,0,0,0.0,0,0.0,0,0,0,0,0,0,0,0,0,0,0.0,0,0.0,0,0,0,0,0.0,0.0,0,0,0,0.0,0,0,0,0,0.0,0.0,0.0,0,0,96,1,0,0,0.0,0.0,0.0,0.0,0.0,0.0,0.0
225,25-26-prem-chelsea-vs-newcastle-united,90,0,0,0,0.12,0.46,0,0,0,3,106,75,97.0,4.0,8,4,40.0,1,100.0,0,1,4,0,2,1,0,0,4,0,0.0,0,0.0,0,2,0,0,0.0,0.0,0,0,0,1.0,0,0,0,0,0.0,0.0,0.0,0,0,90,1,0,0,0.0,0.0,0.0,0.0,0.0,0.0,0.0
295,25-26-prem-arsenal-vs-everton,90,0,0,0,0.06,0.01,0,0,0,4,51,26,87.0,0.0,2,0,0.0,3,50.0,1,5,1,4,6,4,0,4,5,2,40.0,2,50.0,0,2,0,0,0.0,0.0,0,0,0,1.0,0,0,0,0,0.0,0.0,0.0,0,0,97,2,0,0,0.0,0.0,0.0,0.0,0.0,0.0,0.0
151,25-26-prem-sunderland-vs-brighton-hove-albion,90,0,0,0,0.08,0.0,0,0,0,2,64,34,74.0,0.0,5,0,0.0,0,0.0,3,1,3,2,10,5,0,8,4,3,100.0,5,56.0,0,0,0,0,0.0,0.0,0,0,0,0.0,0,0,0,0,0.0,0.0,0.0,0,0,95,0,0,0,0.0,0.0,0.0,0.0,0.0,0.0,0.0
319,25-26-prem-nottingham-forest-vs-fulham,0,0,0,0,0.0,0.0,0,0,0,0,0,0,0.0,0.0,0,0,0.0,0,0.0,0,0,0,0,0,0,0,0,0,0,0.0,0,0.0,0,0,0,0,0.0,0.0,0,0,0,0.0,0,0,0,0,0.0,0.0,0.0,0,0,91,0,0,0,0.0,0.0,0.0,0.0,0.0,0.0,0.0
322,25-26-prem-nottingham-forest-vs-fulham,90,0,0,0,0.0,0.03,0,0,0,0,66,42,88.0,0.0,7,1,100.0,3,43.0,2,3,4,1,2,2,1,3,6,2,29.0,1,50.0,0,4,0,0,0.0,0.0,0,0,0,0.0,0,0,0,0,0.0,0.0,0.0,0,0,91,0,0,0,0.0,0.0,0.0,0.0,0.0,0.0,0.0
21,25-26-prem-arsenal-vs-everton,90,0,0,0,0.06,0.14,0,0,0,3,93,71,91.0,3.0,8,1,20.0,2,67.0,2,0,4,0,1,0,1,3,4,2,40.0,1,50.0,0,2,0,0,0.0,0.0,0,0,0,0.0,0,0,0,0,0.0,0.0,0.0,0,0,97,0,0,0,0.0,0.0,0.0,0.0,0.0,0.0,0.0
628,25-26-prem-brentford-vs-wolverhampton-wanderers,90,0,0,0,0.0,0.0,0,0,0,0,46,0,0.0,0.0,3,0,0.0,0,0.0,0,0,8,0,2,0,0,0,0,0,0.0,0,0.0,0,0,1,2,1.83,-0.17,3,32,10,0.0,1,0,0,0,0.0,0.0,0.0,0,0,93,2,0,0,0.0,0.0,0.0,0.0,0.0,0.0,0.0
570,25-26-prem-liverpool-vs-tottenham-hotspur,90,0,0,0,0.0,0.0,0,0,0,0,47,21,72.0,0.0,3,0,0.0,0,0.0,2,1,2,1,9,5,0,5,3,3,50.0,2,100.0,1,3,0,0,0.0,0.0,0,0,0,0.0,0,0,0,0,0.0,0.0,0.0,0,0,96,1,0,0,0.0,0.0,0.0,0.0,0.0,0.0,0.0
385,25-26-prem-liverpool-vs-tottenham-hotspur,1,0,0,0,0.0,0.1,0,0,0,1,3,3,100.0,1.0,0,0,0.0,0,0.0,0,0,1,0,0,0,0,0,0,0,0.0,0,0.0,0,0,0,0,0.0,0.0,0,0,0,0.0,0,0,0,0,0.0,0.0,0.0,0,91,96,0,0,0,0.0,0.0,0.0,0.0,0.0,0.0,0.0
442,25-26-prem-manchester-united-vs-aston-villa,90,0,0,0,0.0,0.07,0,0,0,1,74,62,91.0,1.0,5,0,0.0,7,70.0,2,0,5,0,2,1,0,5,1,3,75.0,2,100.0,1,1,0,0,0.0,0.0,0,0,0,0.0,0,0,0,0,0.0,0.0,0.0,0,0,96,1,0,0,0.0,0.0,0.0,0.0,0.0,0.0,0.0
719,25-26-prem-manchester-united-vs-aston-villa,0,0,0,0,0.0,0.0,0,0,0,0,0,0,0.0,0.0,0,0,0.0,0,0.0,0,0,0,0,0,0,0,0,0,0,0.0,0,0.0,0,0,0,0,0.0,0.0,0,0,0,0.0,0,0,0,0,0.0,0.0,0.0,0,0,96,3,0,0,0.0,0.0,0.0,0.0,0.0,0.0,0.0
699,25-26-prem-manchester-united-vs-aston-villa,8,0,0,0,0.0,0.01,0,0,0,2,15,10,83.0,1.0,2,0,0.0,0,0.0,0,0,0,0,0,0,0,0,0,0,0.0,0,0.0,0,0,0,0,0.0,0.0,0,0,0,0.0,0,0,0,0,0.0,0.0,0.0,0,82,96,0,0,0,0.0,0.0,0.0,0.0,0.0,0.0,0.0
485,25-26-prem-chelsea-vs-newcastle-united,90,1,0,0,1.12,0.01,3,0,0,1,28,13,93.0,0.0,1,0,0.0,1,100.0,3,0,4,0,0,0,0,8,4,8,100.0,0,0.0,4,0,0,0,0.0,0.0,0,0,0,0.0,0,0,0,0,0.0,0.0,1.18,0,0,90,0,0,0,0.0,0.0,0.0,0.0,0.0,0.0,0.0
230,25-26-prem-chelsea-vs-newcastle-united,82,0,0,0,0.05,0.02,0,0,0,1,86,64,94.0,0.0,5,0,0.0,1,100.0,0,1,3,1,10,7,0,6,6,1,25.0,5,62.0,1,2,0,0,0.0,0.0,0,0,0,1.0,0,0,0,0,0.0,0.0,0.0,0,0,82,1,0,0,0.0,0.0,0.0,0.0,0.0,0.0,0.0
374,25-26-prem-liverpool-vs-tottenham-hotspur,0,0,0,0,0.0,0.0,0,0,0,0,0,0,0.0,0.0,0,0,0.0,0,0.0,0,0,0,0,0,0,0,0,0,0,0.0,0,0.0,0,0,0,0,0.0,0.0,0,0,0,0.0,0,0,0,0,0.0,0.0,0.0,0,0,96,1,0,0,0.0,0.0,0.0,0.0,0.0,0.0,0.0
785,25-26-prem-west-ham-united-vs-manchester-city,64,0,0,0,0.0,0.0,0,0,0,1,23,14,78.0,0.0,3,0,0.0,1,33.0,0,0,2,0,2,1,0,1,0,1,100.0,0,0.0,0,0,0,0,0.0,0.0,0,0,0,0.0,0,0,0,0,0.0,0.0,0.0,0,0,64,1,0,0,0.0,0.0,0.0,0.0,0.0,0.0,0.0
438,25-26-prem-manchester-united-vs-aston-villa,0,0,0,0,0.0,0.0,0,0,0,0,0,0,0.0,0.0,0,0,0.0,0,0.0,0,0,0,0,0,0,0,0,0,0,0.0,0,0.0,0,0,0,0,0.0,0.0,0,0,0,0.0,0,0,0,0,0.0,0.0,0.0,0,0,96,1,0,0,0.0,0.0,0.0,0.0,0.0,0.0,0.0
320,25-26-prem-nottingham-forest-vs-fulham,0,0,0,0,0.0,0.0,0,0,0,0,0,0,0.0,0.0,0,0,0.0,0,0.0,0,0,0,0,0,0,0,0,0,0,0.0,0,0.0,0,0,0,0,0.0,0.0,0,0,0,0.0,0,0,0,0,0.0,0.0,0.0,0,0,91,0,0,0,0.0,0.0,0.0,0.0,0.0,0.0,0.0
367,25-26-prem-liverpool-vs-tottenham-hotspur,0,0,0,0,0.0,0.0,0,0,0,0,0,0,0.0,0.0,0,0,0.0,0,0.0,0,0,0,0,0,0,0,0,0,0,0.0,0,0.0,0,0,0,0,0.0,0.0,0,0,0,0.0,0,0,0,0,0.0,0.0,0.0,0,0,96,1,0,0,0.0,0.0,0.0,0.0,0.0,0.0,0.0
390,25-26-prem-liverpool-vs-tottenham-hotspur,90,0,0,0,0.24,0.1,1,0,0,3,54,26,81.0,0.0,1,0,0.0,0,0.0,3,4,1,0,0,0,2,9,5,8,67.0,1,50.0,3,0,0,0,0.0,0.0,0,0,0,2.0,0,0,0,0,0.0,0.0,0.54,0,0,96,1,0,0,0.0,0.0,0.0,0.0,0.0,0.0,0.0
108,25-26-prem-brentford-vs-wolverhampton-wanderers,18,0,0,0,0.0,0.0,0,0,0,0,19,8,62.0,0.0,3,0,0.0,0,0.0,0,0,1,0,3,2,0,2,1,0,0.0,2,100.0,0,1,0,0,0.0,0.0,0,0,0,0.0,0,0,0,0,0.0,0.0,0.0,0,72,93,1,0,0,0.0,0.0,0.0,0.0,0.0,0.0,0.0
314,25-26-prem-nottingham-forest-vs-fulham,90,0,0,0,0.0,0.0,0,0,0,0,52,0,0.0,0.0,3,0,0.0,0,0.0,0,0,9,0,0,0,0,0,0,0,0.0,0,0.0,0,0,2,0,0.44,0.44,2,39,5,0.0,0,0,0,0,0.0,0.0,0.0,0,0,91,0,0,0,0.0,0.0,0.0,0.0,0.0,0.0,0.0
337,25-26-prem-nottingham-forest-vs-fulham,62,0,0,0,0.0,0.0,0,0,0,1,19,9,82.0,0.0,2,0,0.0,0,0.0,2,0,1,0,0,0,1,2,2,2,50.0,0,0.0,0,0,0,0,0.0,0.0,0,0,0,0.0,0,0,0,0,0.0,0.0,0.0,0,0,62,0,0,0,0.0,0.0,0.0,0.0,0.0,0.0,0.0
423,25-26-prem-west-ham-united-vs-manchester-city,0,0,0,0,0.0,0.0,0,0,0,0,0,0,0.0,0.0,0,0,0.0,0,0.0,0,0,0,0,0,0,0,0,0,0,0.0,0,0.0,0,0,0,0,0.0,0.0,0,0,0,0.0,0,0,0,0,0.0,0.0,0.0,0,0,96,1,0,0,0.0,0.0,0.0,0.0,0.0,0.0,0.0
726,25-26-prem-liverpool-vs-tottenham-hotspur,15,0,1,0,0.0,0.17,0,0,0,1,11,5,62.0,1.0,0,0,0.0,0,0.0,0,0,5,0,1,1,0,1,0,1,100.0,0,0.0,0,0,0,0,0.0,0.0,0,0,0,0.0,0,0,0,0,0.0,0.0,0.0,0,75,96,0,0,0,0.0,0.0,0.0,0.0,0.0,0.0,0.0
386,25-26-prem-liverpool-vs-tottenham-hotspur,89,0,0,0,0.0,0.06,0,0,0,2,57,38,90.0,2.0,5,0,0.0,2,100.0,0,1,9,1,2,0,4,2,10,2,17.0,0,0.0,1,1,0,0,0.0,0.0,0,0,0,4.0,0,0,0,0,0.0,0.0,0.0,0,0,91,1,0,0,0.0,0.0,0.0,0.0,0.0,0.0,0.0
130,25-26-prem-brentford-vs-wolverhampton-wanderers,0,0,0,0,0.0,0.0,0,0,0,0,0,0,0.0,0.0,0,0,0.0,0,0.0,0,0,0,0,0,0,0,0,0,0,0.0,0,0.0,0,0,0,0,0.0,0.0,0,0,0,0.0,0,0,0,0,0.0,0.0,0.0,0,0,93,2,0,0,0.0,0.0,0.0,0.0,0.0,0.0,0.0
370,25-26-prem-liverpool-vs-tottenham-hotspur,64,0,0,0,0.0,0.03,0,0,0,5,41,20,83.0,0.0,3,0,0.0,0,0.0,2,1,6,0,0,0,0,5,3,3,50.0,2,100.0,0,0,0,0,0.0,0.0,0,0,0,2.0,0,0,0,0,0.0,0.0,0.0,0,0,64,0,0,0,0.0,0.0,0.0,0.0,0.0,0.0,0.0
380,25-26-prem-liverpool-vs-tottenham-hotspur,0,0,0,0,0.0,0.0,0,0,0,0,0,0,0.0,0.0,0,0,0.0,0,0.0,0,0,0,0,0,0,0,0,0,0,0.0,0,0.0,0,0,0,0,0.0,0.0,0,0,0,0.0,0,0,0,0,0.0,0.0,0.0,0,0,96,1,0,0,0.0,0.0,0.0,0.0,0.0,0.0,0.0
449,25-26-prem-manchester-united-vs-aston-villa,90,0,2,0,0.08,0.37,0,0,0,0,70,44,86.0,6.0,8,2,33.0,2,67.0,1,1,6,0,1,0,0,2,5,2,29.0,0,0.0,0,1,0,0,0.0,0.0,0,0,0,4.0,0,0,0,0,0.0,0.0,0.0,0,0,96,1,0,0,0.0,0.0,0.0,0.0,0.0,0.0,0.0
250,25-26-prem-chelsea-vs-newcastle-united,45,0,0,0,0.29,0.0,1,0,0,5,17,3,100.0,0.0,1,0,0.0,0,0.0,2,1,1,0,2,1,1,4,4,2,40.0,2,67.0,0,1,0,0,0.0,0.0,0,0,0,1.0,0,0,0,0,0.0,0.0,0.24,0,46,90,0,0,0,0.0,0.0,0.0,0.0,0.0,0.0,0.0
684,25-26-prem-chelsea-vs-newcastle-united,90,0,0,0,0.16,0.01,0,0,0,1,48,25,83.0,0.0,1,0,0.0,2,33.0,1,0,0,4,9,6,0,5,5,2,50.0,3,50.0,1,3,0,0,0.0,0.0,0,0,0,0.0,0,0,0,0,0.0,0.0,0.0,0,0,90,0,0,0,0.0,0.0,0.0,0.0,0.0,0.0,0.0
396,25-26-prem-liverpool-vs-tottenham-hotspur,7,0,0,0,0.0,0.01,0,0,0,0,8,7,100.0,0.0,0,0,0.0,0,0.0,0,0,0,0,0,0,0,0,0,0,0.0,0,0.0,0,0,0,0,0.0,0.0,0,0,0,0.0,0,0,0,0,0.0,0.0,0.0,0,83,96,1,0,0,0.0,0.0,0.0,0.0,0.0,0.0,0.0
427,25-26-prem-west-ham-united-vs-manchester-city,15,0,0,0,0.04,0.15,1,0,0,0,29,19,95.0,1.0,3,2,50.0,0,0.0,0,2,2,0,0,0,0,0,1,0,0.0,0,0.0,0,0,0,0,0.0,0.0,0,0,0,0.0,0,0,0,0,0.0,0.0,0.24,0,75,96,0,0,0,0.0,0.0,0.0,0.0,0.0,0.0,0.0
16,25-26-prem-arsenal-vs-everton,90,0,0,0,0.15,0.09,1,0,0,7,69,34,79.0,2.0,1,1,20.0,1,50.0,1,1,4,0,1,0,0,4,6,4,44.0,0,0.0,2,2,0,0,0.0,0.0,0,0,0,1.0,0,0,0,0,0.0,0.0,0.06,0,0,97,0,0,0,0.0,0.0,0.0,0.0,0.0,0.0,0.0
662,25-26-prem-arsenal-vs-everton,52,0,0,0,0.0,0.03,0,0,0,1,48,30,91.0,1.0,4,0,0.0,0,0.0,3,1,1,0,1,1,0,4,5,3,50.0,1,33.0,0,3,0,0,0.0,0.0,0,0,0,0.0,0,0,0,0,0.0,0.0,0.0,0,38,97,0,0,0,0.0,0.0,0.0,0.0,0.0,0.0,0.0
632,25-26-prem-brentford-vs-wolverhampton-wanderers,0,0,0,0,0.0,0.0,0,0,0,0,0,0,0.0,0.0,0,0,0.0,0,0.0,0,0,0,0,0,0,0,0,0,0,0.0,0,0.0,0,0,0,0,0.0,0.0,0,0,0,0.0,0,0,0,0,0.0,0.0,0.0,0,0,93,2,0,0,0.0,0.0,0.0,0.0,0.0,0.0,0.0
515,25-26-prem-nottingham-forest-vs-fulham,74,0,0,0,0.07,0.01,1,0,0,2,45,28,78.0,0.0,4,0,0.0,4,67.0,0,0,5,0,0,0,2,4,4,4,57.0,0,0.0,2,0,0,0,0.0,0.0,0,0,0,0.0,0,0,0,0,0.0,0.0,0.07,0,0,74,0,0,0,0.0,0.0,0.0,0.0,0.0,0.0,0.0
736,25-26-prem-west-ham-united-vs-manchester-city,90,0,0,0,0.0,0.0,0,0,0,0,24,0,0.0,0.0,0,0,0.0,0,0.0,0,0,8,0,0,0,0,0,0,0,0.0,0,0.0,0,0,0,1,0.99,-0.01,1,20,3,0.0,0,0,0,0,0.0,0.0,0.0,0,0,96,1,0,0,0.0,0.0,0.0,0.0,0.0,0.0,0.0
725,25-26-prem-arsenal-vs-everton,16,0,1,0,0.0,0.04,0,0,0,2,10,5,100.0,1.0,1,0,0.0,0,0.0,1,0,0,1,0,0,0,1,0,1,100.0,0,0.0,0,0,0,0,0.0,0.0,0,0,0,0.0,0,0,0,0,0.0,0.0,0.0,0,74,97,0,0,0,0.0,0.0,0.0,0.0,0.0,0.0,0.0
675,25-26-prem-nottingham-forest-vs-fulham,0,0,0,0,0.0,0.0,0,0,0,0,0,0,0.0,0.0,0,0,0.0,0,0.0,0,0,0,0,0,0,0,0,0,0,0.0,0,0.0,0,0,0,0,0.0,0.0,0,0,0,0.0,0,0,0,0,0.0,0.0,0.0,0,0,91,0,0,0,0.0,0.0,0.0,0.0,0.0,0.0,0.0
328,25-26-prem-nottingham-forest-vs-fulham,1,0,0,0,0.0,0.0,0,0,0,0,5,2,67.0,0.0,0,0,0.0,0,0.0,0,1,1,0,0,0,0,1,0,1,100.0,0,0.0,0,0,0,0,0.0,0.0,0,0,0,0.0,0,0,0,0,0.0,0.0,0.0,0,91,91,0,0,0,0.0,0.0,0.0,0.0,0.0,0.0,0.0
10,25-26-prem-arsenal-vs-everton,0,0,0,0,0.0,0.0,0,0,0,0,0,0,0.0,0.0,0,0,0.0,0,0.0,0,0,0,0,0,0,0,0,0,0,0.0,0,0.0,0,0,0,0,0.0,0.0,0,0,0,0.0,0,0,0,0,0.0,0.0,0.0,0,0,97,0,0,0,0.0,0.0,0.0,0.0,0.0,0.0,0.0
430,25-26-prem-west-ham-united-vs-manchester-city,90,0,0,0,0.3,0.05,1,0,0,8,21,8,80.0,1.0,2,0,0.0,0,0.0,0,0,2,0,0,0,0,2,2,1,50.0,1,50.0,1,0,0,0,0.0,0.0,0,0,0,1.0,0,0,0,0,0.0,0.0,0.4,0,0,96,1,0,0,0.0,0.0,0.0,0.0,0.0,0.0,0.0
330,25-26-prem-nottingham-forest-vs-fulham,78,0,0,0,0.0,0.02,0,0,0,0,44,34,85.0,0.0,5,0,0.0,3,75.0,1,0,0,0,0,0,1,2,5,1,20.0,1,50.0,0,2,0,0,0.0,0.0,0,0,0,1.0,0,0,0,0,0.0,0.0,0.0,0,0,78,0,0,0,0.0,0.0,0.0,0.0,0.0,0.0,0.0
293,25-26-prem-arsenal-vs-everton,90,0,0,0,0.0,0.0,0,0,0,1,48,24,75.0,0.0,3,0,0.0,0,0.0,0,0,5,0,12,5,0,2,2,0,0.0,2,67.0,0,0,0,0,0.0,0.0,0,0,0,1.0,0,0,0,0,0.0,0.0,0.0,0,0,97,2,0,0,0.0,0.0,0.0,0.0,0.0,0.0,0.0
522,25-26-prem-nottingham-forest-vs-fulham,16,0,0,0,0.01,0.0,0,0,0,1,11,3,38.0,0.0,0,0,0.0,0,0.0,0,0,1,0,1,1,0,2,2,0,0.0,2,67.0,0,1,0,0,0.0,0.0,0,0,0,0.0,0,0,0,0,0.0,0.0,0.0,0,74,91,0,0,0,0.0,0.0,0.0,0.0,0.0,0.0,0.0
521,25-26-prem-nottingham-forest-vs-fulham,90,0,0,0,0.0,0.19,0,0,0,1,48,33,85.0,1.0,7,0,0.0,1,33.0,0,2,6,0,1,1,0,2,1,1,50.0,1,100.0,0,1,0,0,0.0,0.0,0,0,0,0.0,0,0,0,0,0.0,0.0,0.0,0,0,91,0,0,0,0.0,0.0,0.0,0.0,0.0,0.0,0.0
519,25-26-prem-nottingham-forest-vs-fulham,45,0,0,0,0.06,0.0,1,0,0,0,23,12,75.0,0.0,2,0,0.0,1,100.0,3,0,2,0,1,0,0,3,0,3,100.0,0,0.0,0,0,0,0,0.0,0.0,0,0,0,0.0,0,0,0,0,0.0,0.0,0.37,0,0,46,0,0,0,0.0,0.0,0.0,0.0,0.0,0.0,0.0
516,25-26-prem-nottingham-forest-vs-fulham,45,0,0,0,0.0,0.01,0,0,0,0,19,11,73.0,0.0,2,0,0.0,1,33.0,0,1,1,0,0,0,0,0,1,0,0.0,0,0.0,0,0,0,0,0.0,0.0,0,0,0,1.0,0,0,0,0,0.0,0.0,0.0,0,0,46,0,0,0,0.0,0.0,0.0,0.0,0.0,0.0,0.0
508,25-26-prem-nottingham-forest-vs-fulham,90,0,0,0,0.06,0.03,0,0,0,1,58,23,77.0,2.0,7,1,33.0,2,33.0,0,0,7,0,2,2,1,2,4,2,33.0,0,0.0,0,1,0,0,0.0,0.0,0,0,0,0.0,0,0,0,0,0.0,0.0,0.0,0,0,91,0,0,0,0.0,0.0,0.0,0.0,0.0,0.0,0.0
526,25-26-prem-nottingham-forest-vs-fulham,63,0,0,0,0.03,0.0,0,0,0,1,21,8,57.0,1.0,3,0,0.0,0,0.0,0,0,4,1,0,0,0,3,4,1,33.0,2,50.0,1,0,0,0,0.0,0.0,0,0,0,1.0,0,0,0,0,0.0,0.0,0.0,0,0,63,0,0,0,0.0,0.0,0.0,0.0,0.0,0.0,0.0
192,25-26-prem-burnley-vs-afc-bournemouth,74,0,0,0,0.0,0.01,0,0,0,1,35,11,69.0,0.0,6,0,0.0,1,33.0,2,0,2,0,4,4,0,4,1,3,75.0,1,100.0,1,1,0,0,0.0,0.0,0,0,0,0.0,0,0,0,0,0.0,0.0,0.0,0,0,74,0,0,0,0.0,0.0,0.0,0.0,0.0,0.0,0.0
506,25-26-prem-nottingham-forest-vs-fulham,90,0,0,0,0.02,0.01,0,0,0,0,67,47,84.0,1.0,4,0,0.0,4,80.0,0,1,4,0,3,1,1,0,3,0,0.0,0,0.0,0,0,0,0,0.0,0.0,0,0,0,0.0,0,0,0,0,0.0,0.0,0.0,0,0,91,0,0,0,0.0,0.0,0.0,0.0,0.0,0.0,0.0
318,25-26-prem-nottingham-forest-vs-fulham,90,0,0,0,0.35,0.01,1,0,0,1,77,56,89.0,0.0,6,0,0.0,2,40.0,3,0,6,0,1,1,1,7,2,7,88.0,0,0.0,4,0,0,0,0.0,0.0,0,0,0,0.0,0,0,0,0,0.0,0.0,0.29,0,0,91,0,0,0,0.0,0.0,0.0,0.0,0.0,0.0,0.0
