player_id,match_id,minutes_played,goals,assists,total_shots,xg,xa,shots_on_target,successful_dribbles,big_chances_missed,touches_opposition_box,touches,accurate_passes,accurate_passes_percent,chances_created,final_third_passes,accurate_crosses,accurate_crosses_percent,accurate_long_balls,accurate_long_balls_percent,tackles_won,interceptions,recoveries,blocks,clearances,headed_clearances,dribbled_past,duels_won,duels_lost,ground_duels_won,ground_duels_won_percent,aerial_duels_won,aerial_duels_won_percent,was_fouled,fouls_committed,saves,goals_conceded,xgot_faced,goals_prevented,sweeper_actions,gk_accurate_passes,gk_accurate_long_balls,dispossessed,high_claim,corners,saves_inside_box,offsides,successful_dribbles_percent,tackles_won_percent,xgot,tackles,start_min,finish_min,team_goals_conceded,penalties_scored,penalties_missed,top_speed,distance_covered,walking_distance,running_distance,sprinting_distance,number_of_sprints,defensive_contributions
591,25-26-prem-tottenham-hotspur-vs-nottingham-forest,84,0,0,0,0.13,0.03,0,0,0,2,68,45,78.0,1.0,13,0,0.0,2,40.0,2,0,6,0,0,0,0,3,3,2,40.0,1,100.0,0,1,0,0,0.0,0.0,0,0,0,2.0,0,0,0,0,0.0,0.0,0.0,0,0,84,2,0,0,0.0,0.0,0.0,0.0,0.0,0.0,0.0
586,25-26-prem-tottenham-hotspur-vs-nottingham-forest,45,0,0,0,0.38,0.01,0,0,0,1,26,15,75.0,0.0,2,1,100.0,1,33.0,0,0,0,1,0,0,0,1,1,1,50.0,0,0.0,1,1,0,0,0.0,0.0,0,0,0,0.0,0,0,0,0,0.0,0.0,0.0,0,46,92,2,0,0,0.0,0.0,0.0,0.0,0.0,0.0,0.0
262,25-26-conference-league-crystal-palace-vs-aek-larnaca,0,0,0,0,0.0,0.0,0,0,0,0,0,0,0.0,0.0,0,0,0.0,0,0.0,0,0,0,0,0,0,0,0,0,0,0.0,0,0.0,0,0,0,0,0.0,0.0,0,0,0,0.0,0,0,0,0,0.0,0.0,0.0,0,0,124,1,0,0,0.0,0.0,0.0,0.0,0.0,0.0,0.0
273,25-26-conference-league-crystal-palace-vs-aek-larnaca,119,0,0,0,0.2,0.43,1,0,0,8,84,48,75.0,2.0,11,3,60.0,1,25.0,2,2,5,0,2,0,2,2,5,2,29.0,0,0.0,0,2,0,0,0.0,0.0,0,0,0,1.0,0,0,0,0,0.0,0.0,0.17,0,0,119,1,0,0,0.0,0.0,0.0,0.0,0.0,0.0,0.0
276,25-26-conference-league-crystal-palace-vs-aek-larnaca,0,0,0,0,0.0,0.0,0,0,0,0,0,0,0.0,0.0,0,0,0.0,0,0.0,0,0,0,0,0,0,0,0,0,0,0.0,0,0.0,0,0,0,0,0.0,0.0,0,0,0,0.0,0,0,0,0,0.0,0.0,0.0,0,0,124,1,0,0,0.0,0.0,0.0,0.0,0.0,0.0,0.0
674,25-26-champions-league-newcastle-united-vs-barcelona,90,0,0,0,0.0,0.0,0,0,0,0,51,0,0.0,0.0,16,0,0.0,0,0.0,1,0,8,0,1,0,0,2,0,2,100.0,0,0.0,1,0,6,7,6.78,-0.22,1,15,8,0.0,1,0,4,0,0.0,0.0,0.0,0,0,90,7,0,0,0.0,0.0,0.0,0.0,0.0,0.0,0.0
487,25-26-champions-league-newcastle-united-vs-barcelona,90,0,1,0,0.08,0.68,1,0,0,3,30,15,88.0,1.0,3,0,0.0,0,0.0,1,0,4,0,0,0,0,3,6,3,43.0,0,0.0,2,2,0,0,0.0,0.0,0,0,0,1.0,0,0,0,0,0.0,0.0,0.02,0,0,90,7,0,0,0.0,0.0,0.0,0.0,0.0,0.0,0.0
39,25-26-europa-league-lille-vs-aston-villa,90,0,0,0,0.0,0.01,0,0,0,0,53,27,82.0,0.0,1,0,0.0,0,0.0,0,0,5,0,2,2,2,2,9,2,22.0,0,0.0,1,0,0,0,0.0,0.0,0,0,0,3.0,0,0,0,0,0.0,0.0,0.0,0,0,90,0,0,0,0.0,0.0,0.0,0.0,0.0,0.0,0.0
59,25-26-europa-league-lille-vs-aston-villa,90,0,0,0,0.09,0.01,1,0,0,1,56,46,100.0,0.0,2,0,0.0,0,0.0,2,3,6,0,0,0,1,6,3,4,67.0,2,67.0,2,0,0,0,0.0,0.0,0,0,0,1.0,0,0,0,0,0.0,0.0,0.36,0,0,90,0,0,0,0.0,0.0,0.0,0.0,0.0,0.0,0.0
485,25-26-champions-league-newcastle-united-vs-barcelona,81,0,0,0,0.17,0.0,0,0,0,1,10,3,75.0,1.0,0,0,0.0,1,100.0,0,0,0,0,0,0,0,3,1,3,75.0,0,0.0,2,0,0,0,0.0,0.0,0,0,0,0.0,0,0,0,0,0.0,0.0,0.0,0,0,81,7,0,0,0.0,0.0,0.0,0.0,0.0,0.0,0.0
714,25-26-champions-league-newcastle-united-vs-barcelona,0,0,0,0,0.0,0.0,0,0,0,0,0,0,0.0,0.0,0,0,0.0,0,0.0,0,0,0,0,0,0,0,0,0,0,0.0,0,0.0,0,0,0,0,0.0,0.0,0,0,0,0.0,0,0,0,0,0.0,0.0,0.0,0,0,90,7,0,0,0.0,0.0,0.0,0.0,0.0,0.0,0.0
473,25-26-champions-league-newcastle-united-vs-barcelona,90,0,1,0,0.04,0.15,1,0,0,5,40,16,67.0,1.0,5,0,0.0,3,43.0,1,1,3,0,1,0,1,4,4,4,50.0,0,0.0,1,0,0,0,0.0,0.0,0,0,0,2.0,0,0,0,0,0.0,0.0,0.04,0,0,90,7,0,0,0.0,0.0,0.0,0.0,0.0,0.0,0.0
669,25-26-europa-league-nottingham-forest-vs-fc-midtjylland,61,0,0,0,0.0,0.39,0,0,0,2,35,11,92.0,1.0,2,1,25.0,0,0.0,2,1,3,0,0,0,0,3,7,3,33.0,0,0.0,1,1,0,0,0.0,0.0,0,0,0,2.0,0,0,0,0,0.0,0.0,0.0,0,0,61,0,0,0,0.0,0.0,0.0,0.0,0.0,0.0,0.0
666,25-26-champions-league-bayer-leverkusen-vs-arsenal,89,0,0,0,0.09,0.15,1,0,0,8,34,12,60.0,1.0,0,1,100.0,0,0.0,0,0,2,0,1,1,0,2,5,2,40.0,0,0.0,1,1,0,0,0.0,0.0,0,0,0,1.0,0,0,0,0,0.0,0.0,0.03,0,0,90,0,0,0,0.0,0.0,0.0,0.0,0.0,0.0,0.0
693,25-26-europa-league-nottingham-forest-vs-fc-midtjylland,61,0,0,0,0.12,0.24,1,0,0,3,31,17,74.0,3.0,4,1,50.0,1,50.0,0,0,1,0,0,0,0,3,3,2,100.0,1,25.0,1,0,0,0,0.0,0.0,0,0,0,0.0,0,0,0,0,0.0,0.0,0.14,0,0,61,0,0,0,0.0,0.0,0.0,0.0,0.0,0.0,0.0
686,25-26-champions-league-galatasaray-vs-liverpool,1,0,0,0,0.0,0.09,0,0,0,1,7,4,100.0,3.0,1,0,0.0,0,0.0,0,0,1,0,0,0,0,0,1,0,0.0,0,0.0,0,0,0,0,0.0,0.0,0,0,0,0.0,0,0,0,0,0.0,0.0,0.0,0,89,90,0,0,0,0.0,0.0,0.0,0.0,0.0,0.0,0.0
252,25-26-champions-league-paris-saint-germain-vs-chelsea,0,0,0,0,0.0,0.0,0,0,0,0,0,0,0.0,0.0,0,0,0.0,0,0.0,0,0,0,0,0,0,0,0,0,0,0.0,0,0.0,0,0,0,0,0.0,0.0,0,0,0,0.0,0,0,0,0,0.0,0.0,0.0,0,0,90,3,0,0,0.0,0.0,0.0,0.0,0.0,0.0,0.0
672,25-26-champions-league-paris-saint-germain-vs-chelsea,90,0,0,0,0.03,0.02,1,0,0,1,48,40,95.0,1.0,4,0,0.0,1,100.0,0,1,3,0,0,0,0,1,1,0,0.0,1,100.0,0,0,0,0,0.0,0.0,0,0,0,1.0,0,0,0,0,0.0,0.0,0.6,0,0,90,3,0,0,0.0,0.0,0.0,0.0,0.0,0.0,0.0
231,25-26-champions-league-paris-saint-germain-vs-chelsea,45,0,0,0,0.0,0.0,0,0,0,0,30,23,96.0,0.0,1,0,0.0,0,0.0,1,1,3,0,0,0,0,2,0,2,100.0,0,0.0,1,0,0,0,0.0,0.0,0,0,0,0.0,0,0,0,0,0.0,0.0,0.0,0,0,46,2,0,0,0.0,0.0,0.0,0.0,0.0,0.0,0.0
1,25-26-champions-league-bayer-leverkusen-vs-arsenal,90,0,0,0,0.0,0.0,0,0,0,0,30,0,0.0,0.0,4,0,0.0,0,0.0,0,0,10,0,1,0,0,0,0,0,0.0,0,0.0,0,0,2,0,0.64,0.64,2,15,5,0.0,1,0,2,0,0.0,0.0,0.0,0,0,90,0,0,0,0.0,0.0,0.0,0.0,0.0,0.0,0.0
522,25-26-europa-league-nottingham-forest-vs-fc-midtjylland,120,1,0,0,0.63,0.03,1,0,0,7,66,37,82.0,1.0,9,0,0.0,1,25.0,1,0,8,1,0,0,2,5,10,4,33.0,1,33.0,3,1,0,0,0.0,0.0,0,0,0,3.0,0,0,0,0,0.0,0.0,0.07,0,0,121,1,0,0,0.0,0.0,0.0,0.0,0.0,0.0,0.0
808,25-26-europa-league-lille-vs-aston-villa,56,0,0,0,0.0,0.01,0,0,0,0,18,7,50.0,1.0,1,0,0.0,1,100.0,2,0,2,0,0,0,0,5,2,2,67.0,3,75.0,0,0,0,0,0.0,0.0,0,0,0,0.0,0,0,0,0,0.0,0.0,0.0,0,0,56,0,0,0,0.0,0.0,0.0,0.0,0.0,0.0,0.0
254,25-26-conference-league-crystal-palace-vs-aek-larnaca,120,0,0,0,0.0,0.0,0,0,0,0,31,0,0.0,0.0,0,0,0.0,0,0.0,0,0,11,0,0,0,0,1,0,1,100.0,0,0.0,1,0,2,1,0.96,-0.04,0,21,4,0.0,0,0,2,0,0.0,0.0,0.0,0,0,124,1,0,0,0.0,0.0,0.0,0.0,0.0,0.0,0.0
283,25-26-conference-league-crystal-palace-vs-aek-larnaca,37,0,0,0,0.0,0.02,0,0,0,2,10,4,57.0,1.0,2,0,0.0,0,0.0,1,0,1,0,0,0,1,4,3,2,50.0,2,67.0,1,1,0,0,0.0,0.0,0,0,0,0.0,0,0,0,0,0.0,0.0,0.0,0,83,124,0,0,0,0.0,0.0,0.0,0.0,0.0,0.0,0.0
30,25-26-champions-league-bayer-leverkusen-vs-arsenal,21,0,0,0,0.0,0.03,0,0,0,0,10,5,56.0,0.0,2,0,0.0,0,0.0,0,0,0,0,0,0,1,4,3,0,0.0,4,67.0,0,1,0,0,0.0,0.0,0,0,0,0.0,0,0,0,0,0.0,0.0,0.0,0,69,90,0,0,0,0.0,0.0,0.0,0.0,0.0,0.0,0.0
491,25-26-champions-league-newcastle-united-vs-barcelona,55,0,0,0,0.0,0.0,0,0,0,0,26,9,75.0,0.0,3,0,0.0,1,50.0,1,3,7,0,2,0,0,1,3,1,25.0,0,0.0,0,1,0,0,0.0,0.0,0,0,0,2.0,0,0,0,0,0.0,0.0,0.0,0,0,55,4,0,0,0.0,0.0,0.0,0.0,0.0,0.0,0.0
267,25-26-conference-league-crystal-palace-vs-aek-larnaca,120,2,0,0,2.04,0.37,3,0,0,11,56,25,86.0,1.0,1,1,33.0,0,0.0,0,0,4,0,1,1,0,5,3,4,57.0,1,100.0,2,1,0,0,0.0,0.0,0,0,0,2.0,0,0,0,0,0.0,0.0,0.35,0,0,124,1,0,0,0.0,0.0,0.0,0.0,0.0,0.0,0.0
477,25-26-champions-league-newcastle-united-vs-barcelona,45,0,0,0,0.0,0.0,0,0,0,0,18,7,64.0,0.0,1,0,0.0,0,0.0,0,0,1,0,1,1,0,2,3,1,100.0,1,25.0,1,0,0,0,0.0,0.0,0,0,0,0.0,0,0,0,0,0.0,0.0,0.0,0,46,90,5,0,0,0.0,0.0,0.0,0.0,0.0,0.0,0.0
580,25-26-conference-league-crystal-palace-vs-aek-larnaca,60,0,0,0,0.0,0.23,0,0,0,2,38,19,90.0,0.0,1,1,12.0,0,0.0,2,1,1,0,2,1,1,3,2,2,50.0,1,100.0,0,0,0,0,0.0,0.0,0,0,0,1.0,0,0,0,0,0.0,0.0,0.0,0,0,60,0,0,0,0.0,0.0,0.0,0.0,0.0,0.0,0.0
677,25-26-conference-league-crystal-palace-vs-aek-larnaca,76,0,0,0,0.0,0.03,0,0,0,4,27,15,94.0,0.0,0,0,0.0,0,0.0,3,0,3,0,2,0,1,3,4,3,50.0,0,0.0,0,2,0,0,0.0,0.0,0,0,0,0.0,0,0,0,0,0.0,0.0,0.0,0,0,76,1,0,0,0.0,0.0,0.0,0.0,0.0,0.0,0.0
258,25-26-conference-league-crystal-palace-vs-aek-larnaca,120,0,0,0,0.08,0.08,0,0,0,4,77,41,77.0,4.0,6,0,0.0,1,14.0,1,0,7,0,2,1,0,4,3,2,50.0,2,67.0,1,1,0,0,0.0,0.0,0,0,0,1.0,0,0,0,0,0.0,0.0,0.0,0,0,124,1,0,0,0.0,0.0,0.0,0.0,0.0,0.0,0.0
690,25-26-conference-league-crystal-palace-vs-aek-larnaca,0,0,0,0,0.0,0.0,0,0,0,0,0,0,0.0,0.0,0,0,0.0,0,0.0,0,0,0,0,0,0,0,0,0,0,0.0,0,0.0,0,0,0,0,0.0,0.0,0,0,0,0.0,0,0,0,0,0.0,0.0,0.0,0,0,124,1,0,0,0.0,0.0,0.0,0.0,0.0,0.0,0.0
723,25-26-conference-league-crystal-palace-vs-aek-larnaca,83,0,0,0,0.0,0.02,0,0,0,0,81,61,90.0,0.0,7,0,0.0,3,75.0,2,2,5,0,4,3,0,6,0,2,100.0,4,100.0,0,0,0,0,0.0,0.0,0,0,0,0.0,0,0,0,0,0.0,0.0,0.0,0,0,83,1,0,0,0.0,0.0,0.0,0.0,0.0,0.0,0.0
41,25-26-europa-league-lille-vs-aston-villa,90,0,0,0,0.0,0.02,0,0,0,0,91,73,86.0,0.0,6,0,0.0,7,50.0,1,1,4,0,0,0,0,1,2,1,50.0,0,0.0,0,0,0,0,0.0,0.0,0,0,0,0.0,0,0,0,0,0.0,0.0,0.0,0,0,90,0,0,0,0.0,0.0,0.0,0.0,0.0,0.0,0.0
456,25-26-europa-league-lille-vs-aston-villa,84,0,1,0,0.33,0.24,0,0,0,6,48,22,85.0,2.0,1,0,0.0,0,0.0,1,1,6,0,2,1,0,4,4,3,50.0,1,50.0,1,0,0,0,0.0,0.0,0,0,0,0.0,0,0,0,0,0.0,0.0,0.0,0,0,84,0,0,0,0.0,0.0,0.0,0.0,0.0,0.0,0.0
42,25-26-europa-league-lille-vs-aston-villa,0,0,0,0,0.0,0.0,0,0,0,0,0,0,0.0,0.0,0,0,0.0,0,0.0,0,0,0,0,0,0,0,0,0,0,0.0,0,0.0,0,0,0,0,0.0,0.0,0,0,0,0.0,0,0,0,0,0.0,0.0,0.0,0,0,90,0,0,0,0.0,0.0,0.0,0.0,0.0,0.0,0.0
684,25-26-champions-league-newcastle-united-vs-barcelona,90,0,0,0,0.0,0.04,0,0,0,1,33,25,93.0,1.0,0,0,0.0,1,100.0,0,1,6,2,3,1,0,1,2,0,0.0,1,33.0,0,0,0,0,0.0,0.0,0,0,0,0.0,0,0,0,0,0.0,0.0,0.0,0,0,90,7,0,0,0.0,0.0,0.0,0.0,0.0,0.0,0.0
506,25-26-europa-league-nottingham-forest-vs-fc-midtjylland,59,0,0,0,0.0,0.0,0,0,0,1,28,16,80.0,1.0,4,0,0.0,0,0.0,1,0,2,1,4,2,1,2,6,2,50.0,0,0.0,1,2,0,0,0.0,0.0,0,0,0,0.0,0,0,0,0,0.0,0.0,0.0,0,61,121,1,0,0,0.0,0.0,0.0,0.0,0.0,0.0,0.0
566,25-26-champions-league-atletico-madrid-vs-tottenham-hotspur,0,0,0,0,0.0,0.0,0,0,0,0,0,0,0.0,0.0,0,0,0.0,0,0.0,0,0,0,0,0,0,0,0,0,0,0.0,0,0.0,0,0,0,0,0.0,0.0,0,0,0,0.0,0,0,0,0,0.0,0.0,0.0,0,0,92,2,0,0,0.0,0.0,0.0,0.0,0.0,0.0,0.0
573,25-26-champions-league-atletico-madrid-vs-tottenham-hotspur,90,0,0,0,0.03,0.03,0,0,0,1,71,39,89.0,1.0,4,0,0.0,2,100.0,1,2,4,2,2,0,2,3,9,2,18.0,1,100.0,0,3,0,0,0.0,0.0,0,0,0,3.0,0,0,0,0,0.0,0.0,0.0,0,0,92,2,0,0,0.0,0.0,0.0,0.0,0.0,0.0,0.0
568,25-26-champions-league-atletico-madrid-vs-tottenham-hotspur,74,0,0,0,0.17,0.02,2,0,0,2,41,15,58.0,0.0,6,0,0.0,1,20.0,0,0,2,0,0,0,2,2,4,2,33.0,0,0.0,2,1,0,0,0.0,0.0,0,0,0,1.0,0,0,0,0,0.0,0.0,0.38,0,0,74,1,0,0,0.0,0.0,0.0,0.0,0.0,0.0,0.0
5,25-26-champions-league-bayer-leverkusen-vs-arsenal,90,0,0,0,0.28,0.01,0,0,0,4,57,37,92.0,0.0,3,0,0.0,3,75.0,4,1,1,1,5,4,0,9,1,6,100.0,3,75.0,2,0,0,0,0.0,0.0,0,0,0,0.0,0,0,0,0,0.0,0.0,0.0,0,0,90,0,0,0,0.0,0.0,0.0,0.0,0.0,0.0,0.0
266,25-26-champions-league-bayer-leverkusen-vs-arsenal,69,1,0,0,0.29,0.05,1,0,0,2,33,17,77.0,3.0,3,0,0.0,0,0.0,1,0,5,0,0,0,0,6,2,5,83.0,1,50.0,2,1,0,0,0.0,0.0,0,0,0,0.0,0,0,0,0,0.0,0.0,0.19,0,0,69,0,0,0,0.0,0.0,0.0,0.0,0.0,0.0,0.0
796,25-26-champions-league-atletico-madrid-vs-tottenham-hotspur,9,0,0,0,0.0,0.06,0,0,0,2,6,3,100.0,1.0,0,0,0.0,0,0.0,0,0,0,0,0,0,1,1,1,1,50.0,0,0.0,1,0,0,0,0.0,0.0,0,0,0,0.0,0,0,0,0,0.0,0.0,0.0,0,81,92,0,0,0,0.0,0.0,0.0,0.0,0.0,0.0,0.0
475,25-26-champions-league-newcastle-united-vs-barcelona,26,0,0,0,0.0,0.0,0,0,0,0,12,9,90.0,0.0,0,0,0.0,2,100.0,0,0,1,0,0,0,0,0,0,0,0.0,0,0.0,0,0,0,0,0.0,0.0,0,0,0,0.0,0,0,0,0,0.0,0.0,0.0,0,64,90,1,0,0,0.0,0.0,0.0,0.0,0.0,0.0,0.0
52,25-26-champions-league-newcastle-united-vs-barcelona,90,0,0,0,0.07,0.02,0,0,0,1,43,29,88.0,0.0,2,0,0.0,0,0.0,3,2,4,0,0,0,0,4,0,3,100.0,1,100.0,0,0,0,0,0.0,0.0,0,0,0,0.0,0,0,0,0,0.0,0.0,0.0,0,0,90,7,0,0,0.0,0.0,0.0,0.0,0.0,0.0,0.0
486,25-26-champions-league-newcastle-united-vs-barcelona,64,2,0,0,1.14,0.1,2,0,0,3,24,9,60.0,1.0,1,1,50.0,0,0.0,0,0,1,0,1,0,1,1,3,0,0.0,1,50.0,0,1,0,0,0.0,0.0,0,0,0,0.0,0,0,0,0,0.0,0.0,1.19,0,0,64,6,0,0,0.0,0.0,0.0,0.0,0.0,0.0,0.0
73,25-26-prem-afc-bournemouth-vs-manchester-united,17,0,0,0,0.0,0.0,0,0,0,0,18,12,100.0,0.0,1,0,0.0,0,0.0,2,0,2,0,1,1,0,2,1,2,67.0,0,0.0,0,1,0,0,0.0,0.0,0,0,0,0.0,0,0,0,0,0.0,0.0,0.0,0,73,96,0,0,0,0.0,0.0,0.0,0.0,0.0,0.0,0.0
457,25-26-prem-afc-bournemouth-vs-manchester-united,82,0,0,0,0.0,0.03,0,0,0,1,53,30,77.0,1.0,4,0,0.0,0,0.0,4,0,2,0,1,1,1,4,6,4,50.0,0,0.0,0,2,0,0,0.0,0.0,0,0,0,0.0,0,0,0,0,0.0,0.0,0.0,0,0,82,2,0,0,0.0,0.0,0.0,0.0,0.0,0.0,0.0
442,25-26-prem-afc-bournemouth-vs-manchester-united,78,0,0,0,0.03,0.04,0,0,0,2,44,22,76.0,0.0,1,0,0.0,0,0.0,0,2,2,0,9,8,1,3,3,1,25.0,2,100.0,1,2,0,0,0.0,0.0,0,0,0,0.0,0,0,0,0,0.0,0.0,0.0,0,0,96,2,0,0,0.0,0.0,0.0,0.0,0.0,0.0,0.0
455,25-26-prem-afc-bournemouth-vs-manchester-united,1,0,0,0,0.0,0.0,0,0,0,0,2,1,50.0,0.0,0,0,0.0,0,0.0,0,0,1,0,0,0,0,0,1,0,0.0,0,0.0,0,0,0,0,0.0,0.0,0,0,0,0.0,0,0,0,0,0.0,0.0,0.0,0,96,96,0,0,0,0.0,0.0,0.0,0.0,0.0,0.0,0.0
440,25-26-prem-afc-bournemouth-vs-manchester-united,90,0,0,0,0.02,0.19,0,0,0,2,50,25,81.0,3.0,3,0,0.0,1,50.0,0,3,5,1,2,1,1,2,4,1,20.0,1,100.0,1,0,0,0,0.0,0.0,0,0,0,3.0,0,0,0,0,0.0,0.0,0.0,0,0,96,2,0,0,0.0,0.0,0.0,0.0,0.0,0.0,0.0
681,25-26-prem-afc-bournemouth-vs-manchester-united,19,0,0,0,0.0,0.0,0,0,0,0,10,7,70.0,0.0,1,0,0.0,0,0.0,0,0,0,0,0,0,0,3,2,0,0.0,3,75.0,0,1,0,0,0.0,0.0,0,0,0,0.0,0,0,0,0,0.0,0.0,0.0,0,71,96,1,0,0,0.0,0.0,0.0,0.0,0.0,0.0,0.0
697,25-26-prem-afc-bournemouth-vs-manchester-united,73,0,0,0,0.0,0.06,0,0,0,4,37,18,90.0,0.0,0,0,0.0,0,0.0,3,0,5,0,0,0,0,5,4,4,57.0,1,50.0,0,0,0,0,0.0,0.0,0,0,0,1.0,0,0,0,0,0.0,0.0,0.0,0,0,73,2,0,0,0.0,0.0,0.0,0.0,0.0,0.0,0.0
97,25-26-prem-afc-bournemouth-vs-manchester-united,90,0,0,0,0.05,0.01,0,0,0,4,36,15,75.0,0.0,1,0,0.0,0,0.0,0,0,5,0,3,2,0,4,4,3,50.0,1,50.0,2,1,0,0,0.0,0.0,0,0,0,2.0,0,0,0,0,0.0,0.0,0.0,0,0,96,2,0,0,0.0,0.0,0.0,0.0,0.0,0.0,0.0
74,25-26-prem-afc-bournemouth-vs-manchester-united,90,0,1,0,0.04,0.1,1,0,0,2,65,37,82.0,3.0,5,1,33.0,1,50.0,2,0,5,1,3,1,2,3,5,3,43.0,0,0.0,0,1,0,0,0.0,0.0,0,0,0,0.0,0,0,0,0,0.0,0.0,0.02,0,0,96,2,0,0,0.0,0.0,0.0,0.0,0.0,0.0,0.0
733,25-26-prem-afc-bournemouth-vs-manchester-united,90,0,0,0,0.0,0.0,0,0,0,0,54,0,0.0,0.0,11,0,0.0,0,0.0,0,0,10,0,1,0,0,2,0,1,100.0,1,100.0,1,0,3,2,1.46,-0.54,0,22,14,0.0,3,0,0,0,0.0,0.0,0.0,0,0,96,2,0,0,0.0,0.0,0.0,0.0,0.0,0.0,0.0
90,25-26-prem-afc-bournemouth-vs-manchester-united,90,0,0,0,0.05,0.05,0,0,0,1,82,62,90.0,2.0,12,0,0.0,3,60.0,1,0,6,1,3,1,0,4,0,2,100.0,2,100.0,0,0,0,0,0.0,0.0,0,0,0,0.0,0,0,0,0,0.0,0.0,0.0,0,0,96,2,0,0,0.0,0.0,0.0,0.0,0.0,0.0,0.0
230,25-26-champions-league-paris-saint-germain-vs-chelsea,0,0,0,0,0.0,0.0,0,0,0,0,0,0,0.0,0.0,0,0,0.0,0,0.0,0,0,0,0,0,0,0,0,0,0,0.0,0,0.0,0,0,0,0,0.0,0.0,0,0,0,0.0,0,0,0,0,0.0,0.0,0.0,0,0,90,3,0,0,0.0,0.0,0.0,0.0,0.0,0.0,0.0
235,25-26-champions-league-paris-saint-germain-vs-chelsea,59,0,0,0,0.12,0.21,1,0,0,1,38,19,76.0,1.0,2,1,33.0,1,50.0,0,0,4,0,0,0,0,1,2,1,33.0,0,0.0,1,1,0,0,0.0,0.0,0,0,0,1.0,0,0,0,0,0.0,0.0,0.28,0,0,59,2,0,0,0.0,0.0,0.0,0.0,0.0,0.0,0.0
111,25-26-prem-leeds-united-vs-brentford,90,0,0,0,0.01,0.0,1,0,0,3,51,29,88.0,0.0,1,0,0.0,2,67.0,1,1,2,0,11,6,1,8,4,1,50.0,7,70.0,0,0,0,0,0.0,0.0,0,0,0,0.0,0,0,0,0,0.0,0.0,0.12,0,0,90,0,0,0,0.0,0.0,0.0,0.0,0.0,0.0,0.0
348,25-26-prem-leeds-united-vs-brentford,90,0,0,0,0.0,0.09,0,0,0,3,61,37,82.0,0.0,11,1,50.0,2,50.0,0,1,2,0,5,3,0,6,4,0,0.0,6,67.0,0,0,0,0,0.0,0.0,0,0,0,1.0,0,0,0,0,0.0,0.0,0.0,0,0,90,0,0,0,0.0,0.0,0.0,0.0,0.0,0.0,0.0
353,25-26-prem-leeds-united-vs-brentford,7,0,0,0,0.0,0.0,0,0,0,3,15,3,60.0,0.0,2,0,0.0,0,0.0,1,0,3,0,0,0,0,2,1,2,100.0,0,0.0,1,0,0,0,0.0,0.0,0,0,0,0.0,0,0,0,0,0.0,0.0,0.0,0,83,90,0,0,0,0.0,0.0,0.0,0.0,0.0,0.0,0.0
27,25-26-prem-leeds-united-vs-brentford,0,0,0,0,0.0,0.0,0,0,0,0,0,0,0.0,0.0,0,0,0.0,0,0.0,0,0,0,0,0,0,0,0,0,0,0.0,0,0.0,0,0,0,0,0.0,0.0,0,0,0,0.0,0,0,0,0,0.0,0.0,0.0,0,0,90,0,0,0,0.0,0.0,0.0,0.0,0.0,0.0,0.0
101,25-26-prem-leeds-united-vs-brentford,90,0,0,0,0.0,0.0,0,0,0,0,51,0,0.0,0.0,8,0,0.0,0,0.0,0,0,12,0,2,0,0,0,1,0,0.0,0,0.0,0,0,4,0,0.72,0.72,0,15,5,0.0,0,0,1,0,0.0,0.0,0.0,0,0,90,0,0,0,0.0,0.0,0.0,0.0,0.0,0.0,0.0
354,25-26-prem-leeds-united-vs-brentford,90,0,0,0,0.02,0.3,1,0,0,1,99,66,89.0,0.0,7,0,0.0,5,100.0,3,1,7,0,2,1,0,8,3,4,67.0,4,80.0,1,2,0,0,0.0,0.0,0,0,0,0.0,0,0,0,0,0.0,0.0,0.01,0,0,90,0,0,0,0.0,0.0,0.0,0.0,0.0,0.0,0.0
342,25-26-prem-leeds-united-vs-brentford,90,0,0,0,0.03,0.08,0,0,0,4,67,32,80.0,1.0,5,1,33.0,1,100.0,1,1,3,0,3,2,2,7,5,4,44.0,3,100.0,0,1,0,0,0.0,0.0,0,0,0,0.0,0,0,0,0,0.0,0.0,0.0,0,0,90,0,0,0,0.0,0.0,0.0,0.0,0.0,0.0,0.0
362,25-26-prem-leeds-united-vs-brentford,0,0,0,0,0.0,0.0,0,0,0,0,0,0,0.0,0.0,0,0,0.0,0,0.0,0,0,0,0,0,0,0,0,0,0,0.0,0,0.0,0,0,0,0,0.0,0.0,0,0,0,0.0,0,0,0,0,0.0,0.0,0.0,0,0,90,0,0,0,0.0,0.0,0.0,0.0,0.0,0.0,0.0
345,25-26-prem-leeds-united-vs-brentford,0,0,0,0,0.0,0.0,0,0,0,0,0,0,0.0,0.0,0,0,0.0,0,0.0,0,0,0,0,0,0,0,0,0,0,0.0,0,0.0,0,0,0,0,0.0,0.0,0,0,0,0.0,0,0,0,0,0.0,0.0,0.0,0,0,90,0,0,0,0.0,0.0,0.0,0.0,0.0,0.0,0.0
358,25-26-prem-leeds-united-vs-brentford,22,0,0,0,0.02,0.04,0,0,0,0,13,10,100.0,0.0,0,1,100.0,0,0.0,0,0,0,0,0,0,0,1,0,0,0.0,1,100.0,0,0,0,0,0.0,0.0,0,0,0,0.0,0,0,0,0,0.0,0.0,0.0,0,68,90,0,0,0,0.0,0.0,0.0,0.0,0.0,0.0,0.0
356,25-26-prem-leeds-united-vs-brentford,0,0,0,0,0.0,0.0,0,0,0,0,0,0,0.0,0.0,0,0,0.0,0,0.0,0,0,0,0,0,0,0,0,0,0,0.0,0,0.0,0,0,0,0,0.0,0.0,0,0,0,0.0,0,0,0,0,0.0,0.0,0.0,0,0,90,0,0,0,0.0,0.0,0.0,0.0,0.0,0.0,0.0
120,25-26-prem-leeds-united-vs-brentford,77,0,0,0,0.17,0.0,0,0,0,1,26,10,71.0,0.0,4,0,0.0,1,50.0,0,1,0,0,1,0,0,4,8,2,33.0,2,33.0,1,2,0,0,0.0,0.0,0,0,0,2.0,0,0,0,0,0.0,0.0,0.0,0,0,77,0,0,0,0.0,0.0,0.0,0.0,0.0,0.0,0.0
351,25-26-prem-leeds-united-vs-brentford,0,0,0,0,0.0,0.0,0,0,0,0,0,0,0.0,0.0,0,0,0.0,0,0.0,0,0,0,0,0,0,0,0,0,0,0.0,0,0.0,0,0,0,0,0.0,0.0,0,0,0,0.0,0,0,0,0,0.0,0.0,0.0,0,0,90,0,0,0,0.0,0.0,0.0,0.0,0.0,0.0,0.0
129,25-26-prem-leeds-united-vs-brentford,90,0,0,0,0.0,0.0,0,0,0,0,38,25,81.0,0.0,3,0,0.0,0,0.0,2,0,4,0,1,1,1,3,4,2,40.0,1,50.0,0,1,0,0,0.0,0.0,0,0,0,0.0,0,0,0,0,0.0,0.0,0.0,0,0,90,0,0,0,0.0,0.0,0.0,0.0,0.0,0.0,0.0
83,25-26-prem-leeds-united-vs-brentford,13,0,0,0,0.0,0.0,0,0,0,0,6,2,50.0,0.0,0,0,0.0,0,0.0,0,0,3,0,1,1,0,1,2,1,100.0,0,0.0,1,0,0,0,0.0,0.0,0,0,0,0.0,0,0,0,0,0.0,0.0,0.0,0,77,90,0,0,0,0.0,0.0,0.0,0.0,0.0,0.0,0.0
136,25-26-prem-leeds-united-vs-brentford,90,0,0,0,0.05,0.03,0,0,0,3,48,15,68.0,2.0,3,1,25.0,0,0.0,3,0,6,2,4,4,0,16,21,4,40.0,12,44.0,0,4,0,0,0.0,0.0,0,0,0,1.0,0,0,0,0,0.0,0.0,0.0,0,0,90,0,0,0,0.0,0.0,0.0,0.0,0.0,0.0,0.0
130,25-26-prem-leeds-united-vs-brentford,0,0,0,0,0.0,0.0,0,0,0,0,0,0,0.0,0.0,0,0,0.0,0,0.0,0,0,0,0,0,0,0,0,0,0,0.0,0,0.0,0,0,0,0,0.0,0.0,0,0,0,0.0,0,0,0,0,0.0,0.0,0.0,0,0,90,0,0,0,0.0,0.0,0.0,0.0,0.0,0.0,0.0
294,25-26-prem-everton-vs-chelsea,0,0,0,0,0.0,0.0,0,0,0,0,0,0,0.0,0.0,0,0,0.0,0,0.0,0,0,0,0,0,0,0,0,0,0,0.0,0,0.0,0,0,0,0,0.0,0.0,0,0,0,0.0,0,0,0,0,0.0,0.0,0.0,0,0,90,0,0,0,0.0,0.0,0.0,0.0,0.0,0.0,0.0
220,25-26-prem-everton-vs-chelsea,90,0,0,0,0.0,0.0,0,0,0,0,42,0,0.0,0.0,3,0,0.0,0,0.0,0,0,9,0,1,0,0,2,1,1,50.0,1,100.0,1,0,5,3,2.03,-0.97,0,23,4,0.0,0,0,4,0,0.0,0.0,0.0,0,0,90,3,0,0,0.0,0.0,0.0,0.0,0.0,0.0,0.0
236,25-26-prem-everton-vs-chelsea,70,0,0,0,0.06,0.02,0,0,0,4,52,36,95.0,0.0,0,0,0.0,0,0.0,0,0,3,0,0,0,0,2,2,2,50.0,0,0.0,0,0,0,0,0.0,0.0,0,0,0,1.0,0,0,0,0,0.0,0.0,0.0,0,0,70,2,0,0,0.0,0.0,0.0,0.0,0.0,0.0,0.0
303,25-26-prem-everton-vs-chelsea,90,0,1,0,0.16,0.25,1,0,0,1,65,46,96.0,1.0,5,0,0.0,2,100.0,4,1,4,0,1,0,2,4,3,4,57.0,0,0.0,0,0,0,0,0.0,0.0,0,0,0,1.0,0,0,0,0,0.0,0.0,0.0,0,0,90,0,0,0,0.0,0.0,0.0,0.0,0.0,0.0,0.0
299,25-26-prem-everton-vs-chelsea,89,1,0,0,0.1,0.02,2,0,0,3,44,25,96.0,0.0,2,0,0.0,0,0.0,2,0,6,0,2,0,1,5,4,5,62.0,0,0.0,2,1,0,0,0.0,0.0,0,0,0,1.0,0,0,0,0,0.0,0.0,0.94,0,0,89,0,0,0,0.0,0.0,0.0,0.0,0.0,0.0,0.0
290,25-26-prem-everton-vs-chelsea,12,0,0,0,0.0,0.0,0,0,0,0,8,4,80.0,0.0,0,0,0.0,0,0.0,0,0,0,0,2,2,0,0,1,0,0.0,0,0.0,0,0,0,0,0.0,0.0,0,0,0,1.0,0,0,0,0,0.0,0.0,0.0,0,78,90,0,0,0,0.0,0.0,0.0,0.0,0.0,0.0,0.0
311,25-26-prem-everton-vs-chelsea,81,2,1,0,0.6,0.05,3,0,0,6,29,10,59.0,2.0,1,0,0.0,0,0.0,1,0,1,0,0,0,0,5,9,1,17.0,4,50.0,0,2,0,0,0.0,0.0,0,0,0,1.0,0,0,0,0,0.0,0.0,0.81,0,0,81,0,0,0,0.0,0.0,0.0,0.0,0.0,0.0,0.0
235,25-26-prem-everton-vs-chelsea,90,0,0,0,0.04,0.09,0,0,0,1,50,32,84.0,1.0,4,0,0.0,0,0.0,2,0,2,0,0,0,1,4,3,4,57.0,0,0.0,1,0,0,0,0.0,0.0,0,0,0,1.0,0,0,0,0,0.0,0.0,0.0,0,0,90,3,0,0,0.0,0.0,0.0,0.0,0.0,0.0,0.0
293,25-26-prem-everton-vs-chelsea,90,0,0,0,0.0,0.01,0,0,0,0,40,16,64.0,0.0,3,1,100.0,1,17.0,1,1,3,0,2,2,1,5,4,2,67.0,3,50.0,1,0,0,0,0.0,0.0,0,0,0,0.0,0,0,0,0,0.0,0.0,0.0,0,0,90,0,0,0,0.0,0.0,0.0,0.0,0.0,0.0,0.0
296,25-26-prem-everton-vs-chelsea,0,0,0,0,0.0,0.0,0,0,0,0,0,0,0.0,0.0,0,0,0.0,0,0.0,0,0,0,0,0,0,0,0,0,0,0.0,0,0.0,0,0,0,0,0.0,0.0,0,0,0,0.0,0,0,0,0,0.0,0.0,0.0,0,0,90,0,0,0,0.0,0.0,0.0,0.0,0.0,0.0,0.0
250,25-26-prem-everton-vs-chelsea,12,0,0,0,0.0,0.02,0,0,0,0,5,3,100.0,0.0,0,0,0.0,0,0.0,0,0,1,0,0,0,0,1,1,1,50.0,0,0.0,1,0,0,0,0.0,0.0,0,0,0,1.0,0,0,0,0,0.0,0.0,0.0,0,78,90,0,0,0,0.0,0.0,0.0,0.0,0.0,0.0,0.0
244,25-26-prem-everton-vs-chelsea,57,0,0,0,0.14,0.02,0,0,0,2,62,48,89.0,0.0,9,0,0.0,2,67.0,2,1,5,0,0,0,0,3,2,3,60.0,0,0.0,0,1,0,0,0.0,0.0,0,0,0,1.0,0,0,0,0,0.0,0.0,0.0,0,0,57,1,0,0,0.0,0.0,0.0,0.0,0.0,0.0,0.0
228,25-26-prem-everton-vs-chelsea,45,0,0,0,0.0,0.01,0,0,0,1,36,17,74.0,0.0,1,0,0.0,1,33.0,0,1,2,1,1,0,0,1,2,0,0.0,1,50.0,0,0,0,0,0.0,0.0,0,0,0,1.0,0,0,0,0,0.0,0.0,0.0,0,0,46,1,0,0,0.0,0.0,0.0,0.0,0.0,0.0,0.0
304,25-26-prem-everton-vs-chelsea,1,0,0,0,0.04,0.0,1,0,0,1,2,0,0.0,0.0,0,0,0.0,0,0.0,0,0,1,0,0,0,0,1,0,1,100.0,0,0.0,0,0,0,0,0.0,0.0,0,0,0,0.0,0,0,0,0,0.0,0.0,0.13,0,89,90,0,0,0,0.0,0.0,0.0,0.0,0.0,0.0,0.0
453,25-26-prem-everton-vs-chelsea,45,0,0,0,0.0,0.05,0,0,0,4,36,25,86.0,0.0,0,0,0.0,2,100.0,0,0,2,0,1,0,0,0,1,0,0.0,0,0.0,0,0,0,0,0.0,0.0,0,0,0,0.0,0,0,0,0,0.0,0.0,0.0,0,46,90,2,0,0,0.0,0.0,0.0,0.0,0.0,0.0,0.0
728,25-26-prem-everton-vs-chelsea,1,0,0,0,0.0,0.0,0,0,0,0,5,2,100.0,0.0,0,0,0.0,0,0.0,1,0,1,0,0,0,0,1,0,1,100.0,0,0.0,0,0,0,0,0.0,0.0,0,0,0,0.0,0,0,0,0,0.0,0.0,0.0,0,89,90,0,0,0,0.0,0.0,0.0,0.0,0.0,0.0,0.0
707,25-26-prem-everton-vs-chelsea,0,0,0,0,0.0,0.0,0,0,0,0,0,0,0.0,0.0,0,0,0.0,0,0.0,0,0,0,0,0,0,0,0,0,0,0.0,0,0.0,0,0,0,0,0.0,0.0,0,0,0,0.0,0,0,0,0,0.0,0.0,0.0,0,0,90,0,0,0,0.0,0.0,0.0,0.0,0.0,0.0,0.0
170,25-26-prem-brighton-hove-albion-vs-liverpool,76,0,0,0,0.07,0.01,0,0,0,1,49,30,86.0,1.0,10,0,0.0,2,67.0,2,1,2,0,5,1,0,2,1,2,67.0,0,0.0,0,1,0,0,0.0,0.0,0,0,0,0.0,0,0,0,0,0.0,0.0,0.0,0,0,76,1,0,0,0.0,0.0,0.0,0.0,0.0,0.0,0.0
231,25-26-prem-everton-vs-chelsea,0,0,0,0,0.0,0.0,0,0,0,0,0,0,0.0,0.0,0,0,0.0,0,0.0,0,0,0,0,0,0,0,0,0,0,0.0,0,0.0,0,0,0,0,0.0,0.0,0,0,0,0.0,0,0,0,0,0.0,0.0,0.0,0,0,90,3,0,0,0.0,0.0,0.0,0.0,0.0,0.0,0.0
305,25-26-prem-everton-vs-chelsea,0,0,0,0,0.0,0.0,0,0,0,0,0,0,0.0,0.0,0,0,0.0,0,0.0,0,0,0,0,0,0,0,0,0,0,0.0,0,0.0,0,0,0,0,0.0,0.0,0,0,0,0.0,0,0,0,0,0.0,0.0,0.0,0,0,90,0,0,0,0.0,0.0,0.0,0.0,0.0,0.0,0.0
138,25-26-prem-brighton-hove-albion-vs-liverpool,0,0,0,0,0.0,0.0,0,0,0,0,0,0,0.0,0.0,0,0,0.0,0,0.0,0,0,0,0,0,0,0,0,0,0,0.0,0,0.0,0,0,0,0,0.0,0.0,0,0,0,0.0,0,0,0,0,0.0,0.0,0.0,0,0,94,1,0,0,0.0,0.0,0.0,0.0,0.0,0.0,0.0
373,25-26-prem-brighton-hove-albion-vs-liverpool,90,0,0,0,0.0,0.01,0,0,0,4,59,33,72.0,0.0,7,0,0.0,0,0.0,1,2,2,1,8,4,0,3,1,1,50.0,2,100.0,0,1,0,0,0.0,0.0,0,0,0,0.0,0,0,0,0,0.0,0.0,0.0,0,0,94,2,0,0,0.0,0.0,0.0,0.0,0.0,0.0,0.0
152,25-26-prem-brighton-hove-albion-vs-liverpool,1,0,0,0,0.0,0.0,0,0,0,0,2,0,0.0,0.0,0,0,0.0,0,0.0,0,0,0,0,0,0,0,0,0,0,0.0,0,0.0,0,0,0,0,0.0,0.0,0,0,0,0.0,0,0,0,0,0.0,0.0,0.0,0,91,94,0,0,0,0.0,0.0,0.0,0.0,0.0,0.0,0.0
384,25-26-prem-brighton-hove-albion-vs-liverpool,90,0,0,0,0.1,0.02,1,0,0,7,28,8,53.0,1.0,3,0,0.0,0,0.0,0,0,2,0,0,0,0,6,7,3,38.0,3,60.0,1,1,0,0,0.0,0.0,0,0,0,0.0,0,0,0,0,0.0,0.0,0.06,0,0,94,2,0,0,0.0,0.0,0.0,0.0,0.0,0.0,0.0
374,25-26-prem-brighton-hove-albion-vs-liverpool,77,0,0,0,0.0,0.01,0,0,0,0,43,31,97.0,0.0,4,0,0.0,4,80.0,2,1,0,0,4,4,1,4,3,3,60.0,1,50.0,0,1,0,0,0.0,0.0,0,0,0,0.0,0,0,0,0,0.0,0.0,0.0,0,0,77,2,0,0,0.0,0.0,0.0,0.0,0.0,0.0,0.0
386,25-26-prem-brighton-hove-albion-vs-liverpool,90,0,0,0,0.14,0.03,1,0,0,3,58,34,81.0,1.0,4,0,0.0,2,50.0,0,2,3,0,0,0,0,3,3,1,25.0,2,100.0,1,1,0,0,0.0,0.0,0,0,0,2.0,0,0,0,0,0.0,0.0,0.56,0,0,94,2,0,0,0.0,0.0,0.0,0.0,0.0,0.0,0.0
388,25-26-prem-brighton-hove-albion-vs-liverpool,82,0,0,0,0.07,0.04,1,0,0,3,68,40,93.0,0.0,1,0,0.0,1,33.0,3,1,6,1,4,3,2,4,3,4,67.0,0,0.0,1,0,0,0,0.0,0.0,0,0,0,0.0,0,0,0,0,0.0,0.0,0.14,0,8,94,2,0,0,0.0,0.0,0.0,0.0,0.0,0.0,0.0
367,25-26-prem-brighton-hove-albion-vs-liverpool,90,0,0,0,0.0,0.0,0,0,0,0,33,0,0.0,0.0,5,0,0.0,0,0.0,0,0,3,0,1,0,0,0,0,0,0.0,0,0.0,0,0,4,2,2.45,0.45,0,12,2,0.0,0,0,2,0,0.0,0.0,0.0,0,0,94,2,0,0,0.0,0.0,0.0,0.0,0.0,0.0,0.0
390,25-26-prem-brighton-hove-albion-vs-liverpool,90,0,0,0,0.0,0.04,0,0,0,0,62,39,89.0,0.0,4,0,0.0,2,100.0,2,0,3,1,1,0,1,5,4,5,56.0,0,0.0,2,1,0,0,0.0,0.0,0,0,0,1.0,0,0,0,0,0.0,0.0,0.0,0,0,94,2,0,0,0.0,0.0,0.0,0.0,0.0,0.0,0.0
139,25-26-prem-brighton-hove-albion-vs-liverpool,90,0,0,0,0.0,0.0,0,0,0,0,57,0,0.0,0.0,12,0,0.0,0,0.0,0,0,11,0,2,0,0,1,0,0,0.0,1,100.0,0,0,4,1,1.01,0.01,2,30,8,0.0,1,0,4,0,0.0,0.0,0.0,0,0,94,1,0,0,0.0,0.0,0.0,0.0,0.0,0.0,0.0
145,25-26-prem-brighton-hove-albion-vs-liverpool,0,0,0,0,0.0,0.0,0,0,0,0,0,0,0.0,0.0,0,0,0.0,0,0.0,0,0,0,0,0,0,0,0,0,0,0.0,0,0.0,0,0,0,0,0.0,0.0,0,0,0,0.0,0,0,0,0,0.0,0.0,0.0,0,0,94,1,0,0,0.0,0.0,0.0,0.0,0.0,0.0,0.0
382,25-26-prem-brighton-hove-albion-vs-liverpool,90,0,0,0,0.03,0.06,1,0,0,2,71,51,86.0,2.0,6,0,0.0,5,83.0,2,1,7,0,0,0,0,3,2,3,75.0,0,0.0,0,0,0,0,0.0,0.0,0,0,0,0.0,0,0,0,0,0.0,0.0,0.03,0,0,94,2,0,0,0.0,0.0,0.0,0.0,0.0,0.0,0.0
371,25-26-prem-brighton-hove-albion-vs-liverpool,76,1,0,0,0.52,0.01,1,0,0,1,54,23,72.0,0.0,4,0,0.0,2,40.0,0,2,2,0,2,0,1,0,5,0,0.0,0,0.0,0,1,0,0,0.0,0.0,0,0,0,0.0,0,0,0,0,0.0,0.0,0.23,0,0,76,2,0,0,0.0,0.0,0.0,0.0,0.0,0.0,0.0
163,25-26-prem-brighton-hove-albion-vs-liverpool,83,0,1,0,0.04,0.78,0,0,0,4,25,12,80.0,1.0,0,0,0.0,0,0.0,0,0,2,0,0,0,1,2,5,2,33.0,0,0.0,2,2,0,0,0.0,0.0,0,0,0,0.0,0,0,0,0,0.0,0.0,0.0,0,0,83,1,0,0,0.0,0.0,0.0,0.0,0.0,0.0,0.0
167,25-26-prem-brighton-hove-albion-vs-liverpool,14,0,0,0,0.0,0.0,0,0,0,0,4,3,100.0,0.0,0,0,0.0,0,0.0,0,0,0,0,0,0,1,0,1,0,0.0,0,0.0,0,0,0,0,0.0,0.0,0,0,0,0.0,0,0,0,0,0.0,0.0,0.0,0,76,94,0,0,0,0.0,0.0,0.0,0.0,0.0,0.0,0.0
396,25-26-prem-brighton-hove-albion-vs-liverpool,0,0,0,0,0.0,0.0,0,0,0,0,0,0,0.0,0.0,0,0,0.0,0,0.0,0,0,0,0,0,0,0,0,0,0,0.0,0,0.0,0,0,0,0,0.0,0.0,0,0,0,0.0,0,0,0,0,0.0,0.0,0.0,0,0,94,2,0,0,0.0,0.0,0.0,0.0,0.0,0.0,0.0
746,25-26-prem-brighton-hove-albion-vs-liverpool,0,0,0,0,0.0,0.0,0,0,0,0,0,0,0.0,0.0,0,0,0.0,0,0.0,0,0,0,0,0,0,0,0,0,0,0.0,0,0.0,0,0,0,0,0.0,0.0,0,0,0,0.0,0,0,0,0,0.0,0.0,0.0,0,0,94,2,0,0,0.0,0.0,0.0,0.0,0.0,0.0,0.0
181,25-26-prem-brighton-hove-albion-vs-liverpool,0,0,0,0,0.0,0.0,0,0,0,0,0,0,0.0,0.0,0,0,0.0,0,0.0,0,0,0,0,0,0,0,0,0,0,0.0,0,0.0,0,0,0,0,0.0,0.0,0,0,0,0.0,0,0,0,0,0.0,0.0,0.0,0,0,94,1,0,0,0.0,0.0,0.0,0.0,0.0,0.0,0.0
686,25-26-prem-brighton-hove-albion-vs-liverpool,27,0,0,0,0.0,0.03,0,0,0,1,16,4,100.0,0.0,0,1,100.0,0,0.0,0,0,1,0,0,0,0,5,3,5,62.0,0,0.0,2,1,0,0,0.0,0.0,0,0,0,0.0,0,0,0,0,0.0,0.0,0.0,0,63,94,0,0,0,0.0,0.0,0.0,0.0,0.0,0.0,0.0
515,25-26-europa-league-nottingham-forest-vs-fc-midtjylland,59,0,0,0,0.31,0.02,1,0,0,2,30,18,100.0,2.0,2,0,0.0,0,0.0,1,1,4,0,2,1,1,1,3,1,50.0,0,0.0,0,0,0,0,0.0,0.0,0,0,0,0.0,0,0,0,0,0.0,0.0,0.4,0,61,121,1,0,0,0.0,0.0,0.0,0.0,0.0,0.0,0.0
521,25-26-europa-league-nottingham-forest-vs-fc-midtjylland,30,0,0,0,0.0,0.01,0,0,0,0,24,15,83.0,0.0,0,0,0.0,0,0.0,1,0,4,0,1,0,1,2,5,2,29.0,0,0.0,0,2,0,0,0.0,0.0,0,0,0,2.0,0,0,0,0,0.0,0.0,0.0,0,91,121,0,0,0,0.0,0.0,0.0,0.0,0.0,0.0,0.0
519,25-26-europa-league-nottingham-forest-vs-fc-midtjylland,90,1,0,0,0.23,0.15,2,0,0,3,67,32,67.0,1.0,13,0,0.0,3,50.0,3,2,9,1,2,2,3,9,6,4,44.0,5,83.0,1,2,0,0,0.0,0.0,0,0,0,0.0,0,0,0,0,0.0,0.0,1.31,0,0,91,1,0,0,0.0,0.0,0.0,0.0,0.0,0.0,0.0
511,25-26-europa-league-nottingham-forest-vs-fc-midtjylland,120,0,0,0,0.0,0.48,0,0,0,2,80,40,73.0,1.0,13,0,0.0,0,0.0,1,2,4,0,13,9,0,5,4,1,33.0,4,67.0,0,1,0,0,0.0,0.0,0,0,0,1.0,0,0,0,0,0.0,0.0,0.0,0,0,121,1,0,0,0.0,0.0,0.0,0.0,0.0,0.0,0.0
508,25-26-europa-league-nottingham-forest-vs-fc-midtjylland,59,0,0,0,0.0,0.01,0,0,0,1,30,7,64.0,0.0,1,0,0.0,1,50.0,2,0,3,0,1,1,1,4,6,4,50.0,0,0.0,2,1,0,0,0.0,0.0,0,0,0,2.0,0,0,0,0,0.0,0.0,0.0,0,61,121,1,0,0,0.0,0.0,0.0,0.0,0.0,0.0,0.0
426,25-26-europa-league-nottingham-forest-vs-fc-midtjylland,75,0,1,0,0.07,0.39,1,0,0,1,41,23,88.0,2.0,1,0,0.0,1,50.0,2,1,9,0,0,0,2,5,3,5,62.0,0,0.0,2,0,0,0,0.0,0.0,0,0,0,1.0,0,0,0,0,0.0,0.0,0.04,0,0,75,1,0,0,0.0,0.0,0.0,0.0,0.0,0.0,0.0
513,25-26-europa-league-nottingham-forest-vs-fc-midtjylland,120,0,0,0,0.0,0.01,0,0,0,0,47,25,76.0,0.0,2,0,0.0,5,62.0,1,1,3,0,5,2,0,6,0,5,100.0,1,100.0,1,0,0,0,0.0,0.0,0,0,0,0.0,0,0,0,0,0.0,0.0,0.0,0,0,121,1,0,0,0.0,0.0,0.0,0.0,0.0,0.0,0.0
654,25-26-conference-league-crystal-palace-vs-aek-larnaca,120,0,0,0,0.48,0.28,1,0,0,11,37,15,75.0,2.0,1,0,0.0,0,0.0,1,0,1,0,2,2,0,3,7,1,12.0,2,100.0,0,4,0,0,0.0,0.0,0,0,0,2.0,0,0,0,0,0.0,0.0,0.29,0,0,124,1,0,0,0.0,0.0,0.0,0.0,0.0,0.0,0.0
257,25-26-conference-league-crystal-palace-vs-aek-larnaca,120,0,0,0,0.25,0.03,1,0,0,3,109,93,93.0,0.0,12,0,0.0,6,86.0,3,0,5,0,2,1,0,10,5,3,50.0,7,78.0,0,4,0,0,0.0,0.0,0,0,0,0.0,0,0,0,0,0.0,0.0,0.91,0,0,124,1,0,0,0.0,0.0,0.0,0.0,0.0,0.0,0.0
470,25-26-prem-fulham-vs-burnley,90,0,0,0,0.0,0.0,0,0,0,0,59,0,0.0,0.0,9,0,0.0,0,0.0,0,0,9,0,0,0,0,1,0,1,100.0,0,0.0,1,0,3,3,3.16,0.16,0,32,15,0.0,4,0,2,0,0.0,0.0,0.0,0,0,95,3,0,0,0.0,0.0,0.0,0.0,0.0,0.0,0.0
218,25-26-prem-fulham-vs-burnley,12,0,0,0,0.0,0.0,0,0,0,0,5,0,0.0,0.0,1,0,0.0,0,0.0,0,0,0,0,0,0,0,2,1,0,0.0,2,67.0,0,0,0,0,0.0,0.0,0,0,0,0.0,0,0,0,0,0.0,0.0,0.0,0,78,95,1,0,0,0.0,0.0,0.0,0.0,0.0,0.0,0.0
187,25-26-prem-fulham-vs-burnley,87,0,0,0,0.0,0.02,0,0,0,0,57,28,78.0,1.0,7,0,0.0,5,62.0,3,2,3,0,4,2,0,7,2,6,100.0,1,33.0,2,0,0,0,0.0,0.0,0,0,0,0.0,0,0,0,0,0.0,0.0,0.0,0,0,87,2,0,0,0.0,0.0,0.0,0.0,0.0,0.0,0.0
712,25-26-conference-league-crystal-palace-vs-aek-larnaca,44,0,0,0,0.28,0.81,0,0,0,5,57,33,89.0,3.0,1,1,17.0,0,0.0,1,0,0,0,0,0,0,3,5,2,29.0,1,100.0,0,1,0,0,0.0,0.0,0,0,0,0.0,0,0,0,0,0.0,0.0,0.0,0,76,124,0,0,0,0.0,0.0,0.0,0.0,0.0,0.0,0.0
331,25-26-prem-fulham-vs-burnley,0,0,0,0,0.0,0.0,0,0,0,0,0,0,0.0,0.0,0,0,0.0,0,0.0,0,0,0,0,0,0,0,0,0,0,0.0,0,0.0,0,0,0,0,0.0,0.0,0,0,0,0.0,0,0,0,0,0.0,0.0,0.0,0,0,95,1,0,0,0.0,0.0,0.0,0.0,0.0,0.0,0.0
664,25-26-prem-fulham-vs-burnley,0,0,0,0,0.0,0.0,0,0,0,0,0,0,0.0,0.0,0,0,0.0,0,0.0,0,0,0,0,0,0,0,0,0,0,0.0,0,0.0,0,0,0,0,0.0,0.0,0,0,0,0.0,0,0,0,0,0.0,0.0,0.0,0,0,95,1,0,0,0.0,0.0,0.0,0.0,0.0,0.0,0.0
314,25-26-prem-fulham-vs-burnley,90,0,0,0,0.0,0.0,0,0,0,0,46,0,0.0,0.0,2,0,0.0,0,0.0,0,0,9,0,0,0,0,1,0,1,100.0,0,0.0,1,0,4,1,1.17,0.17,0,33,5,0.0,0,0,2,0,0.0,0.0,0.0,0,0,95,1,0,0,0.0,0.0,0.0,0.0,0.0,0.0,0.0
614,25-26-prem-fulham-vs-burnley,78,0,0,0,0.0,0.01,0,0,0,0,60,41,89.0,0.0,7,0,0.0,3,50.0,0,2,4,0,1,0,0,1,3,1,33.0,0,0.0,1,1,0,0,0.0,0.0,0,0,0,1.0,0,0,0,0,0.0,0.0,0.0,0,0,78,2,0,0,0.0,0.0,0.0,0.0,0.0,0.0,0.0
337,25-26-prem-fulham-vs-burnley,8,1,0,0,0.87,0.0,1,0,0,3,13,6,86.0,0.0,1,0,0.0,1,100.0,0,1,1,0,1,1,0,2,1,1,100.0,1,50.0,1,0,0,0,0.0,0.0,0,0,0,0.0,0,0,0,0,0.0,0.0,0.92,0,82,95,0,1,0,0.0,0.0,0.0,0.0,0.0,0.0,0.0
319,25-26-prem-fulham-vs-burnley,90,0,0,0,0.09,0.16,0,0,0,3,71,40,85.0,3.0,5,2,50.0,4,67.0,3,0,4,2,3,3,0,5,1,4,80.0,1,100.0,1,0,0,0,0.0,0.0,0,0,0,0.0,0,0,0,0,0.0,0.0,0.0,0,0,95,1,0,0,0.0,0.0,0.0,0.0,0.0,0.0,0.0
329,25-26-prem-fulham-vs-burnley,87,1,0,0,0.28,0.06,2,0,0,5,40,19,90.0,1.0,2,1,20.0,1,50.0,2,0,2,0,1,0,0,4,3,4,67.0,0,0.0,1,0,0,0,0.0,0.0,0,0,0,2.0,0,0,0,0,0.0,0.0,0.25,0,0,87,1,0,0,0.0,0.0,0.0,0.0,0.0,0.0,0.0
336,25-26-prem-fulham-vs-burnley,3,0,0,0,0.09,0.12,0,0,0,1,5,4,100.0,1.0,0,0,0.0,1,100.0,0,0,0,0,0,0,0,0,0,0,0.0,0,0.0,0,0,0,0,0.0,0.0,0,0,0,0.0,0,0,0,0,0.0,0.0,0.0,0,87,95,0,0,0,0.0,0.0,0.0,0.0,0.0,0.0,0.0
317,25-26-prem-fulham-vs-burnley,90,0,0,0,0.0,0.02,0,0,0,0,88,65,90.0,0.0,15,0,0.0,3,38.0,0,0,7,0,10,8,0,0,0,0,0.0,0,0.0,0,0,0,0,0.0,0.0,0,0,0,0.0,0,0,0,0,0.0,0.0,0.0,0,0,95,1,0,0,0.0,0.0,0.0,0.0,0.0,0.0,0.0
209,25-26-prem-fulham-vs-burnley,90,0,0,0,0.25,0.0,0,0,0,1,35,22,88.0,0.0,4,0,0.0,2,100.0,1,0,5,0,0,0,1,4,4,3,43.0,1,100.0,1,2,0,0,0.0,0.0,0,0,0,1.0,0,0,0,0,0.0,0.0,0.0,0,0,95,3,0,0,0.0,0.0,0.0,0.0,0.0,0.0,0.0
330,25-26-prem-fulham-vs-burnley,90,0,0,0,0.0,0.05,0,0,0,1,73,60,91.0,1.0,7,0,0.0,1,25.0,2,1,5,0,0,0,0,3,3,3,60.0,0,0.0,1,1,0,0,0.0,0.0,0,0,0,0.0,0,0,0,0,0.0,0.0,0.0,0,0,95,1,0,0,0.0,0.0,0.0,0.0,0.0,0.0,0.0
332,25-26-prem-fulham-vs-burnley,0,0,0,0,0.0,0.0,0,0,0,0,0,0,0.0,0.0,0,0,0.0,0,0.0,0,0,0,0,0,0,0,0,0,0,0.0,0,0.0,0,0,0,0,0.0,0.0,0,0,0,0.0,0,0,0,0,0.0,0.0,0.0,0,0,95,1,0,0,0.0,0.0,0.0,0.0,0.0,0.0,0.0
324,25-26-prem-fulham-vs-burnley,90,0,0,0,0.08,0.26,0,0,0,2,87,60,79.0,2.0,14,1,33.0,5,56.0,0,1,8,0,0,0,0,2,3,1,33.0,1,50.0,1,2,0,0,0.0,0.0,0,0,0,0.0,0,0,0,0,0.0,0.0,0.0,0,0,95,1,0,0,0.0,0.0,0.0,0.0,0.0,0.0,0.0
206,25-26-prem-fulham-vs-burnley,12,0,0,0,0.0,0.01,0,0,0,1,6,2,67.0,0.0,0,0,0.0,0,0.0,0,0,1,0,0,0,0,0,1,0,0.0,0,0.0,0,0,0,0,0.0,0.0,0,0,0,1.0,0,0,0,0,0.0,0.0,0.0,0,78,95,1,0,0,0.0,0.0,0.0,0.0,0.0,0.0,0.0
316,25-26-prem-fulham-vs-burnley,61,0,0,0,0.0,0.01,0,0,0,4,52,19,79.0,0.0,1,1,14.0,2,50.0,5,1,3,0,1,0,1,8,6,6,55.0,2,67.0,1,2,0,0,0.0,0.0,0,0,0,2.0,0,0,0,0,0.0,0.0,0.0,0,0,61,1,0,0,0.0,0.0,0.0,0.0,0.0,0.0,0.0
727,25-26-prem-fulham-vs-burnley,29,0,0,0,0.27,0.12,0,0,0,2,12,8,89.0,0.0,2,0,0.0,2,100.0,0,0,3,0,0,0,0,0,1,0,0.0,0,0.0,0,0,0,0,0.0,0.0,0,0,0,0.0,0,0,0,0,0.0,0.0,0.0,0,62,95,0,0,0,0.0,0.0,0.0,0.0,0.0,0.0,0.0
320,25-26-prem-fulham-vs-burnley,0,0,0,0,0.0,0.0,0,0,0,0,0,0,0.0,0.0,0,0,0.0,0,0.0,0,0,0,0,0,0,0,0,0,0,0.0,0,0.0,0,0,0,0,0.0,0.0,0,0,0,0.0,0,0,0,0,0.0,0.0,0.0,0,0,95,1,0,0,0.0,0.0,0.0,0.0,0.0,0.0,0.0
199,25-26-prem-fulham-vs-burnley,0,0,0,0,0.0,0.0,0,0,0,0,0,0,0.0,0.0,0,0,0.0,0,0.0,0,0,0,0,0,0,0,0,0,0,0.0,0,0.0,0,0,0,0,0.0,0.0,0,0,0,0.0,0,0,0,0,0.0,0.0,0.0,0,0,95,3,0,0,0.0,0.0,0.0,0.0,0.0,0.0,0.0
328,25-26-prem-fulham-vs-burnley,29,0,0,0,0.0,0.04,0,0,0,2,26,13,93.0,0.0,1,0,0.0,2,100.0,3,0,4,0,1,1,0,5,1,4,100.0,1,50.0,0,1,0,0,0.0,0.0,0,0,0,0.0,0,0,0,0,0.0,0.0,0.0,0,61,95,0,0,0,0.0,0.0,0.0,0.0,0.0,0.0,0.0
722,25-26-prem-fulham-vs-burnley,0,0,0,0,0.0,0.0,0,0,0,0,0,0,0.0,0.0,0,0,0.0,0,0.0,0,0,0,0,0,0,0,0,0,0,0.0,0,0.0,0,0,0,0,0.0,0.0,0,0,0,0.0,0,0,0,0,0.0,0.0,0.0,0,0,95,3,0,0,0.0,0.0,0.0,0.0,0.0,0.0,0.0
190,25-26-prem-fulham-vs-burnley,0,0,0,0,0.0,0.0,0,0,0,0,0,0,0.0,0.0,0,0,0.0,0,0.0,0,0,0,0,0,0,0,0,0,0,0.0,0,0.0,0,0,0,0,0.0,0.0,0,0,0,0.0,0,0,0,0,0.0,0.0,0.0,0,0,95,3,0,0,0.0,0.0,0.0,0.0,0.0,0.0,0.0
215,25-26-prem-fulham-vs-burnley,90,1,0,0,0.77,0.02,2,0,0,3,26,11,100.0,2.0,0,0,0.0,0,0.0,2,0,2,0,2,1,0,5,7,2,50.0,3,38.0,0,2,0,0,0.0,0.0,0,0,0,0.0,0,0,0,0,0.0,0.0,0.8,0,0,95,3,0,0,0.0,0.0,0.0,0.0,0.0,0.0,0.0
318,25-26-prem-fulham-vs-burnley,90,0,0,0,0.0,0.02,0,0,0,1,88,73,90.0,0.0,11,0,0.0,2,40.0,1,0,3,1,2,2,0,5,4,1,100.0,4,50.0,0,0,0,0,0.0,0.0,0,0,0,0.0,0,0,0,0,0.0,0.0,0.0,0,0,95,1,0,0,0.0,0.0,0.0,0.0,0.0,0.0,0.0
217,25-26-prem-fulham-vs-burnley,78,0,1,0,0.0,0.06,0,0,0,1,40,14,82.0,1.0,2,1,100.0,0,0.0,2,0,2,0,3,1,0,3,9,2,25.0,1,25.0,0,1,0,0,0.0,0.0,0,0,0,3.0,0,0,0,0,0.0,0.0,0.0,0,0,78,2,0,0,0.0,0.0,0.0,0.0,0.0,0.0,0.0
325,25-26-prem-fulham-vs-burnley,8,0,0,0,0.0,0.05,0,0,0,2,6,5,100.0,3.0,0,0,0.0,1,100.0,0,0,0,0,0,0,0,0,1,0,0.0,0,0.0,0,0,0,0,0.0,0.0,0,0,0,1.0,0,0,0,0,0.0,0.0,0.0,0,82,95,0,0,0,0.0,0.0,0.0,0.0,0.0,0.0,0.0
680,25-26-prem-fulham-vs-burnley,0,0,0,0,0.0,0.0,0,0,0,0,0,0,0.0,0.0,0,0,0.0,0,0.0,0,0,0,0,0,0,0,0,0,0,0.0,0,0.0,0,0,0,0,0.0,0.0,0,0,0,0.0,0,0,0,0,0.0,0.0,0.0,0,0,95,3,0,0,0.0,0.0,0.0,0.0,0.0,0.0,0.0
207,25-26-prem-fulham-vs-burnley,18,0,0,0,0.0,0.0,0,0,0,0,16,7,70.0,0.0,3,0,0.0,1,100.0,0,0,1,0,0,0,0,0,2,0,0.0,0,0.0,0,0,0,0,0.0,0.0,0,0,0,1.0,0,0,0,0,0.0,0.0,0.0,0,0,18,0,0,0,0.0,0.0,0.0,0.0,0.0,0.0,0.0
424,25-26-prem-fulham-vs-burnley,61,0,0,0,0.55,0.02,1,0,0,4,30,17,77.0,1.0,2,0,0.0,0,0.0,1,0,4,0,1,0,2,3,3,2,40.0,1,100.0,1,0,0,0,0.0,0.0,0,0,0,0.0,0,0,0,0,0.0,0.0,0.83,0,0,62,1,0,0,0.0,0.0,0.0,0.0,0.0,0.0,0.0
338,25-26-prem-fulham-vs-burnley,82,0,0,0,0.59,0.01,0,0,0,4,27,6,50.0,1.0,2,0,0.0,0,0.0,0,2,1,0,5,4,0,9,2,1,50.0,8,89.0,1,0,0,0,0.0,0.0,0,0,0,1.0,0,0,0,0,0.0,0.0,0.0,0,0,82,1,0,0,0.0,0.0,0.0,0.0,0.0,0.0,0.0
200,25-26-prem-fulham-vs-burnley,90,0,0,0,0.1,0.47,1,0,0,5,60,37,92.0,2.0,3,2,50.0,3,75.0,0,0,5,2,1,0,1,0,6,0,0.0,0,0.0,0,1,0,0,0.0,0.0,0,0,0,2.0,0,0,0,0,0.0,0.0,0.18,0,0,95,3,0,0,0.0,0.0,0.0,0.0,0.0,0.0,0.0
676,25-26-prem-fulham-vs-burnley,72,0,0,0,0.0,0.02,0,0,0,1,32,21,88.0,0.0,4,0,0.0,1,100.0,0,0,2,1,0,0,0,2,2,1,50.0,1,50.0,0,0,0,0,0.0,0.0,0,0,0,1.0,0,0,0,0,0.0,0.0,0.0,0,18,95,3,0,0,0.0,0.0,0.0,0.0,0.0,0.0,0.0
193,25-26-prem-fulham-vs-burnley,90,0,0,0,0.0,0.0,0,0,0,1,61,38,79.0,0.0,4,0,0.0,2,20.0,1,0,8,2,4,2,1,1,6,1,33.0,0,0.0,0,0,0,0,0.0,0.0,0,0,0,1.0,0,0,0,0,0.0,0.0,0.0,0,0,95,3,0,0,0.0,0.0,0.0,0.0,0.0,0.0,0.0
191,25-26-prem-fulham-vs-burnley,90,0,0,0,0.0,0.0,0,0,0,0,62,43,83.0,0.0,5,0,0.0,2,29.0,1,0,3,1,8,5,0,5,2,1,50.0,4,80.0,0,1,0,0,0.0,0.0,0,0,0,0.0,0,0,0,0,0.0,0.0,0.0,0,0,95,3,0,0,0.0,0.0,0.0,0.0,0.0,0.0,0.0
210,25-26-prem-fulham-vs-burnley,3,0,0,0,0.1,0.0,1,0,0,1,6,2,67.0,0.0,0,0,0.0,0,0.0,0,0,0,0,0,0,0,0,0,0,0.0,0,0.0,0,0,0,0,0.0,0.0,0,0,0,0.0,0,0,0,0,0.0,0.0,0.14,0,87,95,1,0,0,0.0,0.0,0.0,0.0,0.0,0.0,0.0
183,25-26-prem-fulham-vs-burnley,0,0,0,0,0.0,0.0,0,0,0,0,0,0,0.0,0.0,0,0,0.0,0,0.0,0,0,0,0,0,0,0,0,0,0,0.0,0,0.0,0,0,0,0,0.0,0.0,0,0,0,0.0,0,0,0,0,0.0,0.0,0.0,0,0,95,3,0,0,0.0,0.0,0.0,0.0,0.0,0.0,0.0
192,25-26-prem-fulham-vs-burnley,90,0,0,0,0.02,0.22,1,0,0,2,70,45,88.0,3.0,8,1,25.0,2,67.0,3,3,4,0,1,0,0,3,4,3,43.0,0,0.0,0,1,0,0,0.0,0.0,0,0,0,2.0,0,0,0,0,0.0,0.0,0.06,0,0,95,3,0,0,0.0,0.0,0.0,0.0,0.0,0.0,0.0
335,25-26-prem-fulham-vs-burnley,82,1,1,0,0.4,0.09,2,0,0,8,32,14,70.0,3.0,3,0,0.0,0,0.0,1,0,3,0,0,0,0,2,5,2,33.0,0,0.0,0,0,0,0,0.0,0.0,0,0,0,2.0,0,0,0,0,0.0,0.0,1.16,0,0,82,1,0,0,0.0,0.0,0.0,0.0,0.0,0.0,0.0
623,25-26-prem-aston-villa-vs-west-ham-united,45,0,0,0,0.0,0.01,0,0,0,0,28,24,100.0,1.0,2,0,0.0,2,100.0,0,1,1,0,2,1,0,0,3,0,0.0,0,0.0,0,2,0,0,0.0,0.0,0,0,0,0.0,0,0,0,0,0.0,0.0,0.0,0,0,46,1,0,0,0.0,0.0,0.0,0.0,0.0,0.0,0.0
47,25-26-europa-league-lille-vs-aston-villa,84,0,0,0,0.0,0.06,0,0,0,2,51,28,72.0,2.0,9,0,0.0,1,33.0,0,1,4,0,1,1,0,3,3,2,67.0,1,33.0,1,0,0,0,0.0,0.0,0,0,0,0.0,0,0,0,0,0.0,0.0,0.0,0,0,84,0,0,0,0.0,0.0,0.0,0.0,0.0,0.0,0.0
532,25-26-prem-newcastle-united-vs-sunderland,90,0,0,0,0.27,0.5,0,0,0,3,39,15,79.0,1.0,6,1,33.0,1,33.0,2,0,4,0,3,2,0,5,3,3,50.0,2,100.0,2,3,0,0,0.0,0.0,0,0,0,0.0,0,0,0,0,0.0,0.0,0.0,0,0,99,1,0,0,0.0,0.0,0.0,0.0,0.0,0.0,0.0
699,25-26-europa-league-lille-vs-aston-villa,90,0,0,0,0.07,0.17,0,0,0,2,83,48,84.0,1.0,3,0,0.0,3,75.0,7,2,9,0,2,1,1,10,5,10,71.0,0,0.0,2,2,0,0,0.0,0.0,0,0,0,0.0,0,0,0,0,0.0,0.0,0.0,0,0,90,0,0,0,0.0,0.0,0.0,0.0,0.0,0.0,0.0
158,25-26-prem-brighton-hove-albion-vs-liverpool,7,0,0,0,0.0,0.0,0,0,0,0,8,1,33.0,0.0,0,0,0.0,0,0.0,1,0,1,0,0,0,0,1,1,1,50.0,0,0.0,0,0,0,0,0.0,0.0,0,0,0,0.0,0,0,0,0,0.0,0.0,0.0,0,83,94,0,0,0,0.0,0.0,0.0,0.0,0.0,0.0,0.0
389,25-26-europa-league-lille-vs-aston-villa,6,0,0,0,0.0,0.01,0,0,0,1,8,6,86.0,0.0,1,0,0.0,0,0.0,0,0,1,0,0,0,0,0,1,0,0.0,0,0.0,0,0,0,0,0.0,0.0,0,0,0,0.0,0,0,0,0,0.0,0.0,0.0,0,84,90,0,0,0,0.0,0.0,0.0,0.0,0.0,0.0,0.0
44,25-26-europa-league-lille-vs-aston-villa,74,0,0,0,0.0,0.02,0,0,0,0,62,45,92.0,0.0,3,0,0.0,0,0.0,0,1,3,1,4,4,0,2,2,1,50.0,1,50.0,1,1,0,0,0.0,0.0,0,0,0,0.0,0,0,0,0,0.0,0.0,0.0,0,0,74,0,0,0,0.0,0.0,0.0,0.0,0.0,0.0,0.0
500,25-26-champions-league-newcastle-united-vs-barcelona,9,0,0,0,0.0,0.0,0,0,0,0,2,0,0.0,0.0,0,0,0.0,0,0.0,0,0,0,0,0,0,0,0,1,0,0.0,0,0.0,0,0,0,0,0.0,0.0,0,0,0,0.0,0,0,0,0,0.0,0.0,0.0,0,81,90,0,0,0,0.0,0.0,0.0,0.0,0.0,0.0,0.0
584,25-26-prem-tottenham-hotspur-vs-nottingham-forest,67,0,0,0,0.1,0.13,1,0,0,5,54,19,83.0,2.0,0,1,9.0,0,0.0,2,0,3,0,0,0,2,7,7,7,50.0,0,0.0,1,1,0,0,0.0,0.0,0,0,0,1.0,0,0,0,0,0.0,0.0,0.32,0,0,67,2,0,0,0.0,0.0,0.0,0.0,0.0,0.0,0.0
302,25-26-prem-everton-vs-chelsea,90,0,1,0,0.0,0.09,0,0,0,2,61,37,82.0,1.0,2,0,0.0,0,0.0,3,5,7,0,0,0,0,6,0,6,100.0,0,0.0,1,0,0,0,0.0,0.0,0,0,0,0.0,0,0,0,0,0.0,0.0,0.0,0,0,90,0,0,0,0.0,0.0,0.0,0.0,0.0,0.0,0.0
586,25-26-champions-league-atletico-madrid-vs-tottenham-hotspur,16,0,0,0,0.0,0.01,0,0,0,2,20,10,83.0,0.0,2,0,0.0,0,0.0,0,1,1,0,0,0,0,1,1,1,50.0,0,0.0,1,1,0,0,0.0,0.0,0,0,0,1.0,0,0,0,0,0.0,0.0,0.0,0,74,92,1,0,0,0.0,0.0,0.0,0.0,0.0,0.0,0.0
481,25-26-champions-league-newcastle-united-vs-barcelona,0,0,0,0,0.0,0.0,0,0,0,0,0,0,0.0,0.0,0,0,0.0,0,0.0,0,0,0,0,0,0,0,0,0,0,0.0,0,0.0,0,0,0,0,0.0,0.0,0,0,0,0.0,0,0,0,0,0.0,0.0,0.0,0,0,90,7,0,0,0.0,0.0,0.0,0.0,0.0,0.0,0.0
501,25-26-champions-league-newcastle-united-vs-barcelona,0,0,0,0,0.0,0.0,0,0,0,0,0,0,0.0,0.0,0,0,0.0,0,0.0,0,0,0,0,0,0,0,0,0,0,0.0,0,0.0,0,0,0,0,0.0,0.0,0,0,0,0.0,0,0,0,0,0.0,0.0,0.0,0,0,90,7,0,0,0.0,0.0,0.0,0.0,0.0,0.0,0.0
734,25-26-europa-league-nottingham-forest-vs-fc-midtjylland,75,0,0,0,0.08,0.54,0,0,0,1,46,18,86.0,0.0,3,3,33.0,0,0.0,2,0,7,0,2,0,3,5,7,5,50.0,0,0.0,0,1,0,0,0.0,0.0,0,0,0,0.0,0,0,0,0,0.0,0.0,0.0,0,0,75,1,0,0,0.0,0.0,0.0,0.0,0.0,0.0,0.0
526,25-26-europa-league-nottingham-forest-vs-fc-midtjylland,0,0,0,0,0.0,0.0,0,0,0,0,0,0,0.0,0.0,0,0,0.0,0,0.0,0,0,0,0,0,0,0,0,0,0,0.0,0,0.0,0,0,0,0,0.0,0.0,0,0,0,0.0,0,0,0,0,0.0,0.0,0.0,0,0,121,1,0,0,0.0,0.0,0.0,0.0,0.0,0.0,0.0
178,25-26-prem-brighton-hove-albion-vs-liverpool,83,2,0,0,1.07,0.13,2,0,0,5,26,11,69.0,2.0,2,0,0.0,0,0.0,0,0,3,0,1,1,0,1,1,1,100.0,0,0.0,1,0,0,0,0.0,0.0,0,0,0,0.0,0,0,0,0,0.0,0.0,1.8,0,0,83,1,0,0,0.0,0.0,0.0,0.0,0.0,0.0,0.0
146,25-26-prem-brighton-hove-albion-vs-liverpool,90,0,0,0,0.0,0.01,0,0,0,0,49,42,93.0,0.0,4,0,0.0,3,75.0,1,0,5,0,2,1,0,2,0,1,100.0,1,100.0,0,0,0,0,0.0,0.0,0,0,0,0.0,0,0,0,0,0.0,0.0,0.0,0,0,94,1,0,0,0.0,0.0,0.0,0.0,0.0,0.0,0.0
148,25-26-prem-brighton-hove-albion-vs-liverpool,90,0,0,0,0.02,0.04,1,0,0,1,62,30,75.0,0.0,8,1,33.0,1,33.0,0,1,2,0,3,2,0,3,3,2,67.0,1,33.0,2,0,0,0,0.0,0.0,0,0,0,0.0,0,0,0,0,0.0,0.0,0.13,0,0,94,1,0,0,0.0,0.0,0.0,0.0,0.0,0.0,0.0
291,25-26-prem-everton-vs-chelsea,90,0,0,0,0.04,0.0,1,0,0,3,49,34,85.0,0.0,5,0,0.0,2,33.0,0,0,4,2,4,2,0,3,3,1,33.0,2,67.0,1,2,0,0,0.0,0.0,0,0,0,0.0,0,0,0,0,0.0,0.0,0.03,0,0,90,0,0,0,0.0,0.0,0.0,0.0,0.0,0.0,0.0
385,25-26-prem-brighton-hove-albion-vs-liverpool,13,0,0,0,0.07,0.0,0,0,0,2,5,1,100.0,0.0,0,0,0.0,0,0.0,0,0,1,0,0,0,0,0,1,0,0.0,0,0.0,0,1,0,0,0.0,0.0,0,0,0,0.0,0,0,0,0,0.0,0.0,0.0,0,77,94,0,0,0,0.0,0.0,0.0,0.0,0.0,0.0,0.0
370,25-26-prem-brighton-hove-albion-vs-liverpool,63,0,0,0,0.0,0.04,0,0,0,4,36,19,83.0,2.0,0,0,0.0,0,0.0,1,0,1,0,2,1,0,3,1,3,75.0,0,0.0,1,1,0,0,0.0,0.0,0,0,0,0.0,0,0,0,0,0.0,0.0,0.0,0,0,63,2,0,0,0.0,0.0,0.0,0.0,0.0,0.0,0.0
295,25-26-prem-everton-vs-chelsea,90,0,0,0,0.0,0.0,0,0,0,1,62,41,89.0,0.0,3,0,0.0,3,60.0,3,0,3,0,9,5,0,6,2,4,100.0,2,50.0,0,0,0,0,0.0,0.0,0,0,0,0.0,0,0,0,0,0.0,0.0,0.0,0,0,90,0,0,0,0.0,0.0,0.0,0.0,0.0,0.0,0.0
173,25-26-prem-brighton-hove-albion-vs-liverpool,90,0,0,0,0.17,0.01,0,0,0,1,62,24,67.0,0.0,5,0,0.0,3,43.0,2,0,4,1,2,1,1,5,4,4,67.0,1,33.0,2,1,0,0,0.0,0.0,0,0,0,0.0,0,0,0,0,0.0,0.0,0.0,0,0,94,1,0,0,0.0,0.0,0.0,0.0,0.0,0.0,0.0
16,25-26-champions-league-bayer-leverkusen-vs-arsenal,90,0,0,0,0.3,0.78,4,0,0,10,58,26,84.0,5.0,2,3,43.0,0,0.0,2,1,5,0,1,1,0,2,1,2,67.0,0,0.0,0,0,0,0,0.0,0.0,0,0,0,0.0,0,0,0,0,0.0,0.0,0.98,0,0,90,0,0,0,0.0,0.0,0.0,0.0,0.0,0.0,0.0
224,25-26-prem-everton-vs-chelsea,90,0,0,0,0.08,0.04,0,0,0,4,76,60,95.0,1.0,4,0,0.0,1,100.0,1,2,2,0,2,2,1,2,6,1,25.0,1,25.0,0,2,0,0,0.0,0.0,0,0,0,0.0,0,0,0,0,0.0,0.0,0.0,0,0,90,3,0,0,0.0,0.0,0.0,0.0,0.0,0.0,0.0
292,25-26-prem-everton-vs-chelsea,90,0,0,0,0.0,0.08,0,0,0,0,70,32,74.0,3.0,4,3,60.0,3,27.0,3,0,4,0,5,4,3,4,6,3,38.0,1,50.0,0,1,0,0,0.0,0.0,0,0,0,0.0,0,0,0,0,0.0,0.0,0.0,0,0,90,0,0,0,0.0,0.0,0.0,0.0,0.0,0.0,0.0
232,25-26-prem-everton-vs-chelsea,12,0,0,0,0.0,0.0,0,0,0,0,13,11,100.0,0.0,1,0,0.0,0,0.0,2,0,1,0,0,0,0,2,0,2,100.0,0,0.0,0,0,0,0,0.0,0.0,0,0,0,0.0,0,0,0,0,0.0,0.0,0.0,0,78,90,0,0,0,0.0,0.0,0.0,0.0,0.0,0.0,0.0
288,25-26-prem-everton-vs-chelsea,0,0,0,0,0.0,0.0,0,0,0,0,0,0,0.0,0.0,0,0,0.0,0,0.0,0,0,0,0,0,0,0,0,0,0,0.0,0,0.0,0,0,0,0,0.0,0.0,0,0,0,0.0,0,0,0,0,0.0,0.0,0.0,0,0,90,0,0,0,0.0,0.0,0.0,0.0,0.0,0.0,0.0
241,25-26-prem-everton-vs-chelsea,78,0,0,0,0.09,0.05,0,0,0,2,101,80,93.0,0.0,7,0,0.0,1,100.0,3,1,5,0,1,0,1,5,4,5,56.0,0,0.0,2,1,0,0,0.0,0.0,0,0,0,0.0,0,0,0,0,0.0,0.0,0.0,0,0,78,3,0,0,0.0,0.0,0.0,0.0,0.0,0.0,0.0
237,25-26-prem-everton-vs-chelsea,90,0,0,0,0.37,0.19,3,0,0,4,118,85,90.0,2.0,12,1,17.0,3,60.0,0,0,4,0,1,1,3,3,8,3,27.0,0,0.0,1,0,0,0,0.0,0.0,0,0,0,4.0,0,0,0,0,0.0,0.0,0.98,0,0,90,3,0,0,0.0,0.0,0.0,0.0,0.0,0.0,0.0
246,25-26-prem-everton-vs-chelsea,33,0,0,0,0.0,0.02,0,0,0,0,30,20,83.0,0.0,1,0,0.0,0,0.0,1,0,0,0,1,1,1,1,2,1,50.0,0,0.0,0,0,0,0,0.0,0.0,0,0,0,0.0,0,0,0,0,0.0,0.0,0.0,0,57,90,2,0,0,0.0,0.0,0.0,0.0,0.0,0.0,0.0
672,25-26-prem-everton-vs-chelsea,90,0,0,0,0.0,0.06,0,0,0,3,107,85,93.0,2.0,14,0,0.0,1,25.0,2,1,7,0,5,4,0,6,3,2,67.0,4,67.0,0,0,0,0,0.0,0.0,0,0,0,0.0,0,0,0,0,0.0,0.0,0.0,0,0,90,3,0,0,0.0,0.0,0.0,0.0,0.0,0.0,0.0
443,25-26-prem-afc-bournemouth-vs-manchester-united,90,0,0,0,0.0,0.01,0,0,0,1,53,24,77.0,0.0,3,0,0.0,0,0.0,4,1,5,1,4,3,0,6,2,5,100.0,1,33.0,1,0,0,0,0.0,0.0,0,0,0,0.0,0,0,0,0,0.0,0.0,0.0,0,0,96,2,0,0,0.0,0.0,0.0,0.0,0.0,0.0,0.0
449,25-26-prem-afc-bournemouth-vs-manchester-united,90,1,0,0,1.16,0.25,3,0,0,4,93,52,76.0,3.0,10,2,20.0,3,50.0,2,1,5,0,1,1,1,5,4,3,50.0,2,67.0,1,0,0,0,0.0,0.0,0,0,0,2.0,0,0,0,0,0.0,0.0,1.13,0,0,96,2,1,0,0.0,0.0,0.0,0.0,0.0,0.0,0.0
98,25-26-prem-afc-bournemouth-vs-manchester-united,0,0,0,0,0.0,0.0,0,0,0,0,0,0,0.0,0.0,0,0,0.0,0,0.0,0,0,0,0,0,0,0,0,0,0,0.0,0,0.0,0,0,0,0,0.0,0.0,0,0,0,0.0,0,0,0,0,0.0,0.0,0.0,0,0,96,2,0,0,0.0,0.0,0.0,0.0,0.0,0.0,0.0
86,25-26-prem-afc-bournemouth-vs-manchester-united,17,0,0,0,0.06,0.01,0,0,0,0,15,11,92.0,0.0,0,0,0.0,0,0.0,0,0,0,0,0,0,0,0,0,0,0.0,0,0.0,0,0,0,0,0.0,0.0,0,0,0,0.0,0,0,0,0,0.0,0.0,0.0,0,73,96,0,0,0,0.0,0.0,0.0,0.0,0.0,0.0,0.0
72,25-26-prem-afc-bournemouth-vs-manchester-united,90,0,0,0,0.02,0.03,0,0,0,1,83,56,82.0,1.0,16,0,0.0,5,50.0,0,0,4,0,5,2,0,6,9,2,50.0,4,36.0,1,1,0,0,0.0,0.0,0,0,0,0.0,0,0,0,0,0.0,0.0,0.0,0,0,96,2,0,0,0.0,0.0,0.0,0.0,0.0,0.0,0.0
410,25-26-champions-league-real-madrid-vs-manchester-city,0,0,0,0,0.0,0.0,0,0,0,0,0,0,0.0,0.0,0,0,0.0,0,0.0,0,0,0,0,0,0,0,0,0,0,0.0,0,0.0,0,0,0,0,0.0,0.0,0,0,0,0.0,0,0,0,0,0.0,0.0,0.0,0,0,93,2,0,0,0.0,0.0,0.0,0.0,0.0,0.0,0.0
685,25-26-prem-afc-bournemouth-vs-manchester-united,0,0,0,0,0.0,0.0,0,0,0,0,0,0,0.0,0.0,0,0,0.0,0,0.0,0,0,0,0,0,0,0,0,0,0,0.0,0,0.0,0,0,0,0,0.0,0.0,0,0,0,0.0,0,0,0,0,0.0,0.0,0.0,0,0,96,2,0,0,0.0,0.0,0.0,0.0,0.0,0.0,0.0
459,25-26-prem-afc-bournemouth-vs-manchester-united,8,0,0,0,0.0,0.0,0,0,0,0,10,6,86.0,1.0,1,0,0.0,0,0.0,0,1,1,0,1,0,0,0,1,0,0.0,0,0.0,0,1,0,0,0.0,0.0,0,0,0,0.0,0,0,0,0,0.0,0.0,0.0,0,82,96,0,0,0,0.0,0.0,0.0,0.0,0.0,0.0,0.0
411,25-26-champions-league-real-madrid-vs-manchester-city,0,0,0,0,0.0,0.0,0,0,0,0,0,0,0.0,0.0,0,0,0.0,0,0.0,0,0,0,0,0,0,0,0,0,0,0.0,0,0.0,0,0,0,0,0.0,0.0,0,0,0,0.0,0,0,0,0,0.0,0.0,0.0,0,0,93,2,0,0,0.0,0.0,0.0,0.0,0.0,0.0,0.0
406,25-26-champions-league-real-madrid-vs-manchester-city,90,0,0,0,0.02,0.03,0,0,0,0,75,58,98.0,2.0,7,0,0.0,1,100.0,5,1,5,0,3,1,1,6,2,5,71.0,1,100.0,0,1,0,0,0.0,0.0,0,0,0,0.0,0,0,0,0,0.0,0.0,0.0,0,0,93,2,0,0,0.0,0.0,0.0,0.0,0.0,0.0,0.0
124,25-26-prem-leeds-united-vs-brentford,90,0,0,0,0.0,0.0,0,0,0,0,67,33,61.0,0.0,12,0,0.0,3,21.0,2,0,6,1,6,5,2,3,3,2,50.0,1,50.0,0,0,0,0,0.0,0.0,0,0,0,0.0,0,0,0,0,0.0,0.0,0.0,0,0,90,0,0,0,0.0,0.0,0.0,0.0,0.0,0.0,0.0
341,25-26-prem-leeds-united-vs-brentford,90,0,0,0,0.0,0.01,0,0,0,0,51,0,0.0,0.0,5,0,0.0,0,0.0,0,0,14,0,0,0,0,1,0,0,0.0,1,100.0,0,0,2,0,0.19,0.19,2,27,9,0.0,0,0,2,0,0.0,0.0,0.0,0,0,90,0,0,0,0.0,0.0,0.0,0.0,0.0,0.0,0.0
105,25-26-prem-leeds-united-vs-brentford,0,0,0,0,0.0,0.0,0,0,0,0,0,0,0.0,0.0,0,0,0.0,0,0.0,0,0,0,0,0,0,0,0,0,0,0.0,0,0.0,0,0,0,0,0.0,0.0,0,0,0,0.0,0,0,0,0,0.0,0.0,0.0,0,0,90,0,0,0,0.0,0.0,0.0,0.0,0.0,0.0,0.0
365,25-26-prem-leeds-united-vs-brentford,69,0,0,0,0.03,0.01,1,0,0,3,26,12,80.0,1.0,1,0,0.0,0,0.0,2,0,2,0,0,0,0,4,5,3,75.0,1,20.0,1,0,0,0,0.0,0.0,0,0,0,0.0,0,0,0,0,0.0,0.0,0.03,0,0,69,0,0,0,0.0,0.0,0.0,0.0,0.0,0.0,0.0
344,25-26-prem-leeds-united-vs-brentford,90,0,0,0,0.0,0.06,0,0,0,4,79,42,76.0,1.0,4,0,0.0,3,75.0,2,3,3,1,10,7,0,12,10,4,100.0,8,44.0,2,0,0,0,0.0,0.0,0,0,0,0.0,0,0,0,0,0.0,0.0,0.0,0,0,90,0,0,0,0.0,0.0,0.0,0.0,0.0,0.0,0.0
660,25-26-prem-leeds-united-vs-brentford,90,0,0,0,0.1,0.11,0,0,0,2,77,42,86.0,3.0,4,2,20.0,1,33.0,1,1,4,0,3,1,2,4,6,2,40.0,2,40.0,0,1,0,0,0.0,0.0,0,0,0,0.0,0,0,0,0,0.0,0.0,0.0,0,0,90,0,0,0,0.0,0.0,0.0,0.0,0.0,0.0,0.0
107,25-26-prem-leeds-united-vs-brentford,90,0,0,0,0.1,0.04,0,0,0,0,68,15,54.0,1.0,6,3,75.0,0,0.0,1,1,7,0,3,2,1,7,9,6,55.0,1,20.0,1,1,0,0,0.0,0.0,0,0,0,0.0,0,0,0,0,0.0,0.0,0.0,0,0,90,0,0,0,0.0,0.0,0.0,0.0,0.0,0.0,0.0
246,25-26-champions-league-paris-saint-germain-vs-chelsea,90,0,0,0,0.0,0.05,0,0,0,1,66,44,92.0,1.0,7,0,0.0,0,0.0,4,5,2,0,0,0,0,6,4,6,75.0,0,0.0,1,2,0,0,0.0,0.0,0,0,0,1.0,0,0,0,0,0.0,0.0,0.0,0,0,90,3,0,0,0.0,0.0,0.0,0.0,0.0,0.0,0.0
110,25-26-prem-leeds-united-vs-brentford,90,0,0,0,0.0,0.06,0,0,0,2,56,11,58.0,1.0,2,0,0.0,1,25.0,0,1,5,0,4,3,0,4,8,2,25.0,2,50.0,1,0,0,0,0.0,0.0,0,0,0,3.0,0,0,0,0,0.0,0.0,0.0,0,0,90,0,0,0,0.0,0.0,0.0,0.0,0.0,0.0,0.0
233,25-26-champions-league-paris-saint-germain-vs-chelsea,45,0,0,0,0.0,0.03,0,0,0,3,35,22,96.0,0.0,0,0,0.0,0,0.0,1,1,3,0,0,0,0,3,3,1,25.0,2,100.0,0,0,0,0,0.0,0.0,0,0,0,0.0,0,0,0,0,0.0,0.0,0.0,0,46,90,1,0,0,0.0,0.0,0.0,0.0,0.0,0.0,0.0
595,25-26-champions-league-atletico-madrid-vs-tottenham-hotspur,9,0,0,0,0.0,0.02,0,0,0,1,8,6,100.0,0.0,1,0,0.0,0,0.0,0,0,1,0,0,0,0,0,1,0,0.0,0,0.0,0,0,0,0,0.0,0.0,0,0,0,0.0,0,0,0,0,0.0,0.0,0.0,0,81,92,0,0,0,0.0,0.0,0.0,0.0,0.0,0.0,0.0
6,25-26-champions-league-bayer-leverkusen-vs-arsenal,90,0,0,0,0.0,0.04,0,0,0,1,67,52,90.0,0.0,7,0,0.0,4,50.0,0,1,3,0,7,6,0,3,1,0,0.0,3,75.0,0,0,0,0,0.0,0.0,0,0,0,0.0,0,0,0,0,0.0,0.0,0.0,0,0,90,0,0,0,0.0,0.0,0.0,0.0,0.0,0.0,0.0
242,25-26-prem-everton-vs-chelsea,89,0,0,0,0.23,0.02,1,0,0,6,60,28,78.0,0.0,7,0,0.0,0,0.0,4,0,5,0,1,1,1,9,6,8,57.0,1,100.0,1,0,0,0,0.0,0.0,0,0,0,5.0,0,0,0,0,0.0,0.0,0.12,0,0,89,0,0,0,0.0,0.0,0.0,0.0,0.0,0.0,0.0
230,25-26-prem-everton-vs-chelsea,90,0,0,0,0.05,0.01,0,0,0,2,99,73,89.0,1.0,7,0,0.0,0,0.0,1,0,3,1,9,4,1,6,6,1,33.0,5,56.0,0,1,0,0,0.0,0.0,0,0,0,0.0,0,0,0,0,0.0,0.0,0.0,0,0,90,3,0,0,0.0,0.0,0.0,0.0,0.0,0.0,0.0
84,25-26-prem-afc-bournemouth-vs-manchester-united,90,0,0,0,0.26,0.06,1,0,0,3,75,50,94.0,2.0,14,0,0.0,2,100.0,0,0,6,2,1,1,0,4,4,3,43.0,1,100.0,3,0,0,0,0.0,0.0,0,0,0,2.0,0,0,0,0,0.0,0.0,0.2,0,0,96,2,0,0,0.0,0.0,0.0,0.0,0.0,0.0,0.0
450,25-26-prem-afc-bournemouth-vs-manchester-united,82,0,0,0,0.07,0.21,1,0,0,7,54,29,81.0,1.0,2,1,33.0,1,100.0,1,1,7,1,1,1,0,6,3,3,50.0,3,100.0,1,1,0,0,0.0,0.0,0,0,0,0.0,0,0,0,0,0.0,0.0,0.1,0,0,82,2,0,0,0.0,0.0,0.0,0.0,0.0,0.0,0.0
452,25-26-prem-afc-bournemouth-vs-manchester-united,89,0,0,0,0.27,0.03,1,0,0,5,47,33,97.0,0.0,1,0,0.0,1,100.0,1,1,8,0,0,0,2,3,3,3,50.0,0,0.0,0,0,0,0,0.0,0.0,0,0,0,0.0,0,0,0,0,0.0,0.0,0.14,0,0,96,2,0,0,0.0,0.0,0.0,0.0,0.0,0.0,0.0
444,25-26-prem-afc-bournemouth-vs-manchester-united,90,0,0,0,0.2,0.0,0,0,0,2,28,13,72.0,0.0,1,0,0.0,0,0.0,1,2,2,0,4,1,0,5,3,1,33.0,4,80.0,0,2,0,0,0.0,0.0,0,0,0,0.0,0,0,0,0,0.0,0.0,0.0,0,0,96,2,0,0,0.0,0.0,0.0,0.0,0.0,0.0,0.0
446,25-26-prem-afc-bournemouth-vs-manchester-united,0,0,0,0,0.0,0.0,0,0,0,0,0,0,0.0,0.0,0,0,0.0,0,0.0,0,0,0,0,0,0,0,0,0,0,0.0,0,0.0,0,0,0,0,0.0,0.0,0,0,0,0.0,0,0,0,0,0.0,0.0,0.0,0,0,96,2,0,0,0.0,0.0,0.0,0.0,0.0,0.0,0.0
447,25-26-prem-afc-bournemouth-vs-manchester-united,8,0,0,0,0.0,0.0,0,0,0,0,3,2,100.0,0.0,0,0,0.0,0,0.0,0,0,1,0,1,1,0,0,0,0,0.0,0,0.0,0,0,0,0,0.0,0.0,0,0,0,0.0,0,0,0,0,0.0,0.0,0.0,0,82,96,0,0,0,0.0,0.0,0.0,0.0,0.0,0.0,0.0
721,25-26-prem-afc-bournemouth-vs-manchester-united,0,0,0,0,0.0,0.0,0,0,0,0,0,0,0.0,0.0,0,0,0.0,0,0.0,0,0,0,0,0,0,0,0,0,0,0.0,0,0.0,0,0,0,0,0.0,0.0,0,0,0,0.0,0,0,0,0,0.0,0.0,0.0,0,0,96,2,0,0,0.0,0.0,0.0,0.0,0.0,0.0,0.0
665,25-26-prem-leeds-united-vs-brentford,0,0,0,0,0.0,0.0,0,0,0,0,0,0,0.0,0.0,0,0,0.0,0,0.0,0,0,0,0,0,0,0,0,0,0,0.0,0,0.0,0,0,0,0,0.0,0.0,0,0,0,0.0,0,0,0,0,0.0,0.0,0.0,0,0,90,0,0,0,0.0,0.0,0.0,0.0,0.0,0.0,0.0
126,25-26-prem-leeds-united-vs-brentford,90,0,0,0,0.09,0.07,0,0,0,3,56,21,57.0,0.0,10,1,50.0,2,20.0,1,2,4,2,3,1,0,3,1,2,100.0,1,50.0,1,0,0,0,0.0,0.0,0,0,0,0.0,0,0,0,0,0.0,0.0,0.0,0,0,90,0,0,0,0.0,0.0,0.0,0.0,0.0,0.0,0.0
706,25-26-prem-leeds-united-vs-brentford,90,0,0,0,0.08,0.06,0,0,0,5,74,31,72.0,3.0,6,0,0.0,1,20.0,3,0,5,0,6,1,1,4,5,3,60.0,1,25.0,0,1,0,0,0.0,0.0,0,0,0,0.0,0,0,0,0,0.0,0.0,0.0,0,0,90,0,0,0,0.0,0.0,0.0,0.0,0.0,0.0,0.0
343,25-26-prem-leeds-united-vs-brentford,83,0,0,0,0.05,0.18,0,0,0,1,81,52,83.0,1.0,8,0,0.0,4,57.0,1,1,2,0,7,3,0,10,6,3,75.0,7,58.0,2,1,0,0,0.0,0.0,0,0,0,0.0,0,0,0,0,0.0,0.0,0.0,0,0,83,0,0,0,0.0,0.0,0.0,0.0,0.0,0.0,0.0
493,25-26-prem-leeds-united-vs-brentford,0,0,0,0,0.0,0.0,0,0,0,0,0,0,0.0,0.0,0,0,0.0,0,0.0,0,0,0,0,0,0,0,0,0,0,0.0,0,0.0,0,0,0,0,0.0,0.0,0,0,0,0.0,0,0,0,0,0.0,0.0,0.0,0,0,90,0,0,0,0.0,0.0,0.0,0.0,0.0,0.0,0.0
698,25-26-prem-leeds-united-vs-brentford,21,0,0,0,0.02,0.0,1,0,0,0,4,1,100.0,0.0,0,0,0.0,0,0.0,0,0,0,0,0,0,0,0,1,0,0.0,0,0.0,0,0,0,0,0.0,0.0,0,0,0,0.0,0,0,0,0,0.0,0.0,0.03,0,69,90,0,0,0,0.0,0.0,0.0,0.0,0.0,0.0,0.0
113,25-26-prem-leeds-united-vs-brentford,90,0,0,0,0.0,0.01,0,0,0,4,42,26,79.0,0.0,2,0,0.0,0,0.0,0,0,3,1,5,3,0,8,3,0,0.0,8,80.0,0,1,0,0,0.0,0.0,0,0,0,0.0,0,0,0,0,0.0,0.0,0.0,0,0,90,0,0,0,0.0,0.0,0.0,0.0,0.0,0.0,0.0
350,25-26-prem-leeds-united-vs-brentford,68,0,0,0,0.04,0.01,0,0,0,3,30,7,64.0,1.0,1,0,0.0,0,0.0,1,0,4,0,0,0,1,4,11,4,44.0,0,0.0,2,0,0,0,0.0,0.0,0,0,0,3.0,0,0,0,0,0.0,0.0,0.0,0,0,68,0,0,0,0.0,0.0,0.0,0.0,0.0,0.0,0.0
372,25-26-champions-league-galatasaray-vs-liverpool,0,0,0,0,0.0,0.0,0,0,0,0,0,0,0.0,0.0,0,0,0.0,0,0.0,0,0,0,0,0,0,0,0,0,0,0.0,0,0.0,0,0,0,0,0.0,0.0,0,0,0,0.0,0,0,0,0,0.0,0.0,0.0,0,0,90,0,0,0,0.0,0.0,0.0,0.0,0.0,0.0,0.0
106,25-26-prem-leeds-united-vs-brentford,90,0,0,0,0.04,0.03,1,0,0,3,64,32,70.0,0.0,5,0,0.0,2,18.0,1,1,5,1,6,3,0,7,4,1,50.0,6,67.0,0,0,0,0,0.0,0.0,0,0,0,1.0,0,0,0,0,0.0,0.0,0.07,0,0,90,0,0,0,0.0,0.0,0.0,0.0,0.0,0.0,0.0
807,25-26-prem-afc-bournemouth-vs-manchester-united,87,0,0,0,0.41,0.15,1,0,0,2,42,22,81.0,1.0,0,1,33.0,0,0.0,1,1,3,0,1,1,0,2,4,1,50.0,1,25.0,0,1,0,0,0.0,0.0,0,0,0,0.0,0,0,0,0,0.0,0.0,0.05,0,0,87,2,0,0,0.0,0.0,0.0,0.0,0.0,0.0,0.0
250,25-26-champions-league-paris-saint-germain-vs-chelsea,31,0,0,0,0.18,0.02,3,0,0,1,14,6,86.0,1.0,0,0,0.0,0,0.0,0,1,2,0,0,0,0,1,1,1,50.0,0,0.0,1,0,0,0,0.0,0.0,0,0,0,1.0,0,0,0,0,0.0,0.0,0.46,0,59,90,1,0,0,0.0,0.0,0.0,0.0,0.0,0.0,0.0
310,25-26-prem-everton-vs-chelsea,9,0,0,0,0.0,0.0,0,0,0,1,7,1,50.0,0.0,0,0,0.0,0,0.0,0,0,0,0,1,1,0,0,4,0,0.0,0,0.0,0,0,0,0,0.0,0.0,0,0,0,2.0,0,0,0,0,0.0,0.0,0.0,0,81,90,0,0,0,0.0,0.0,0.0,0.0,0.0,0.0,0.0
157,25-26-prem-brighton-hove-albion-vs-liverpool,14,0,0,0,0.1,0.29,1,0,0,5,19,4,50.0,0.0,0,0,0.0,0,0.0,0,1,0,0,0,0,0,3,4,3,43.0,0,0.0,1,2,0,0,0.0,0.0,0,0,0,1.0,0,0,0,0,0.0,0.0,0.16,0,76,94,0,0,0,0.0,0.0,0.0,0.0,0.0,0.0,0.0
160,25-26-prem-brighton-hove-albion-vs-liverpool,76,0,0,0,0.23,0.39,1,0,0,6,40,18,86.0,2.0,0,2,40.0,0,0.0,0,2,4,0,0,0,2,3,7,3,30.0,0,0.0,1,2,0,0,0.0,0.0,0,0,0,3.0,0,0,0,0,0.0,0.0,0.16,0,0,76,1,0,0,0.0,0.0,0.0,0.0,0.0,0.0,0.0
691,25-26-prem-leeds-united-vs-brentford,90,0,0,0,0.14,0.0,1,0,0,4,23,7,58.0,0.0,1,0,0.0,0,0.0,0,0,4,0,2,2,1,5,7,0,0.0,5,50.0,0,0,0,0,0.0,0.0,0,0,0,0.0,0,0,0,0,0.0,0.0,0.65,0,0,90,0,0,0,0.0,0.0,0.0,0.0,0.0,0.0,0.0
261,25-26-conference-league-crystal-palace-vs-aek-larnaca,76,0,0,0,0.1,0.09,0,0,0,2,89,61,92.0,0.0,10,1,100.0,1,33.0,0,2,3,1,4,1,0,3,6,2,50.0,1,20.0,1,1,0,0,0.0,0.0,0,0,0,1.0,0,0,0,0,0.0,0.0,0.0,0,0,76,1,0,0,0.0,0.0,0.0,0.0,0.0,0.0,0.0
233,25-26-prem-everton-vs-chelsea,0,0,0,0,0.0,0.0,0,0,0,0,0,0,0.0,0.0,0,0,0.0,0,0.0,0,0,0,0,0,0,0,0,0,0,0.0,0,0.0,0,0,0,0,0.0,0.0,0,0,0,0.0,0,0,0,0,0.0,0.0,0.0,0,0,90,3,0,0,0.0,0.0,0.0,0.0,0.0,0.0,0.0
448,25-26-prem-afc-bournemouth-vs-manchester-united,0,0,0,0,0.0,0.0,0,0,0,0,0,0,0.0,0.0,0,0,0.0,0,0.0,0,0,0,0,0,0,0,0,0,0,0.0,0,0.0,0,0,0,0,0.0,0.0,0,0,0,0.0,0,0,0,0,0.0,0.0,0.0,0,0,96,2,0,0,0.0,0.0,0.0,0.0,0.0,0.0,0.0
431,25-26-prem-afc-bournemouth-vs-manchester-united,0,0,0,0,0.0,0.0,0,0,0,0,0,0,0.0,0.0,0,0,0.0,0,0.0,0,0,0,0,0,0,0,0,0,0,0.0,0,0.0,0,0,0,0,0.0,0.0,0,0,0,0.0,0,0,0,0,0.0,0.0,0.0,0,0,96,2,0,0,0.0,0.0,0.0,0.0,0.0,0.0,0.0
226,25-26-champions-league-paris-saint-germain-vs-chelsea,86,0,0,0,0.01,0.14,0,0,0,3,62,49,98.0,2.0,4,0,0.0,0,0.0,0,2,4,0,1,0,1,6,3,3,60.0,3,75.0,1,0,0,0,0.0,0.0,0,0,0,0.0,0,0,0,0,0.0,0.0,0.0,0,0,90,3,0,0,0.0,0.0,0.0,0.0,0.0,0.0,0.0
244,25-26-champions-league-paris-saint-germain-vs-chelsea,30,0,0,0,0.0,0.02,0,0,0,0,13,10,91.0,1.0,2,0,0.0,1,100.0,0,0,2,0,0,0,0,1,0,1,100.0,0,0.0,1,0,0,0,0.0,0.0,0,0,0,0.0,0,0,0,0,0.0,0.0,0.0,0,59,90,1,0,0,0.0,0.0,0.0,0.0,0.0,0.0,0.0
453,25-26-champions-league-paris-saint-germain-vs-chelsea,31,0,0,0,0.26,0.0,3,0,0,4,16,4,50.0,1.0,0,0,0.0,0,0.0,0,0,4,0,0,0,0,1,1,1,50.0,0,0.0,0,0,0,0,0.0,0.0,0,0,0,1.0,0,0,0,0,0.0,0.0,0.55,0,59,90,1,0,0,0.0,0.0,0.0,0.0,0.0,0.0,0.0
671,25-26-prem-aston-villa-vs-west-ham-united,45,0,0,0,0.0,0.08,0,0,0,4,14,10,91.0,0.0,0,0,0.0,0,0.0,0,0,2,0,0,0,0,1,2,0,0.0,1,50.0,0,0,0,0,0.0,0.0,0,0,0,1.0,0,0,0,0,0.0,0.0,0.0,0,46,90,1,0,0,0.0,0.0,0.0,0.0,0.0,0.0,0.0
33,25-26-prem-aston-villa-vs-west-ham-united,0,0,0,0,0.0,0.0,0,0,0,0,0,0,0.0,0.0,0,0,0.0,0,0.0,0,0,0,0,0,0,0,0,0,0,0.0,0,0.0,0,0,0,0,0.0,0.0,0,0,0,0.0,0,0,0,0,0.0,0.0,0.0,0,0,90,0,0,0,0.0,0.0,0.0,0.0,0.0,0.0,0.0
37,25-26-prem-aston-villa-vs-west-ham-united,90,0,0,0,0.07,0.26,0,0,0,4,72,38,81.0,2.0,4,3,43.0,1,20.0,2,0,4,1,4,3,0,8,2,2,67.0,6,86.0,0,0,0,0,0.0,0.0,0,0,0,1.0,0,0,0,0,0.0,0.0,0.0,0,0,90,0,0,0,0.0,0.0,0.0,0.0,0.0,0.0,0.0
600,25-26-prem-aston-villa-vs-west-ham-united,0,0,0,0,0.0,0.0,0,0,0,0,0,0,0.0,0.0,0,0,0.0,0,0.0,0,0,0,0,0,0,0,0,0,0,0.0,0,0.0,0,0,0,0,0.0,0.0,0,0,0,0.0,0,0,0,0,0.0,0.0,0.0,0,0,90,2,0,0,0.0,0.0,0.0,0.0,0.0,0.0,0.0
55,25-26-prem-aston-villa-vs-west-ham-united,67,0,0,0,0.04,0.4,1,0,0,2,53,37,88.0,1.0,6,0,0.0,1,50.0,0,0,4,0,2,2,0,3,2,2,50.0,1,100.0,0,1,0,0,0.0,0.0,0,0,0,0.0,0,0,0,0,0.0,0.0,0.11,0,0,67,0,0,0,0.0,0.0,0.0,0.0,0.0,0.0,0.0
54,25-26-prem-aston-villa-vs-west-ham-united,67,1,0,0,0.04,0.03,1,0,0,1,39,27,87.0,2.0,3,0,0.0,1,100.0,0,0,1,0,0,0,1,2,2,1,33.0,1,100.0,1,0,0,0,0.0,0.0,0,0,0,0.0,0,0,0,0,0.0,0.0,0.42,0,0,67,0,0,0,0.0,0.0,0.0,0.0,0.0,0.0,0.0
624,25-26-prem-aston-villa-vs-west-ham-united,90,0,0,0,0.13,0.17,0,0,0,2,44,15,75.0,2.0,2,2,25.0,2,50.0,1,1,3,1,1,0,1,2,8,2,29.0,0,0.0,0,0,0,0,0.0,0.0,0,0,0,2.0,0,0,0,0,0.0,0.0,0.0,0,0,90,2,0,0,0.0,0.0,0.0,0.0,0.0,0.0,0.0
64,25-26-prem-aston-villa-vs-west-ham-united,87,1,0,0,0.64,0.04,2,0,0,4,33,15,88.0,1.0,1,1,100.0,0,0.0,1,0,2,0,1,0,1,4,5,4,57.0,0,0.0,2,0,0,0,0.0,0.0,0,0,0,1.0,0,0,0,0,0.0,0.0,0.76,0,0,87,0,0,0,0.0,0.0,0.0,0.0,0.0,0.0,0.0
49,25-26-prem-aston-villa-vs-west-ham-united,23,0,0,0,0.0,0.06,0,0,0,3,16,3,43.0,1.0,0,0,0.0,0,0.0,1,0,2,0,0,0,2,2,5,2,29.0,0,0.0,1,0,0,0,0.0,0.0,0,0,0,3.0,0,0,0,0,0.0,0.0,0.0,0,67,90,0,0,0,0.0,0.0,0.0,0.0,0.0,0.0,0.0
48,25-26-prem-aston-villa-vs-west-ham-united,23,0,0,0,0.0,0.0,0,0,0,0,17,12,92.0,1.0,0,0,0.0,1,100.0,2,1,4,0,0,0,0,2,1,2,100.0,0,0.0,0,0,0,0,0.0,0.0,0,0,0,0.0,0,0,0,0,0.0,0.0,0.0,0,67,90,0,0,0,0.0,0.0,0.0,0.0,0.0,0.0,0.0
659,25-26-prem-aston-villa-vs-west-ham-united,0,0,0,0,0.0,0.0,0,0,0,0,0,0,0.0,0.0,0,0,0.0,0,0.0,0,0,0,0,0,0,0,0,0,0,0.0,0,0.0,0,0,0,0,0.0,0.0,0,0,0,0.0,0,0,0,0,0.0,0.0,0.0,0,0,90,2,0,0,0.0,0.0,0.0,0.0,0.0,0.0,0.0
808,25-26-prem-aston-villa-vs-west-ham-united,3,0,0,0,0.02,0.0,0,0,0,0,1,0,0.0,0.0,0,0,0.0,0,0.0,0,0,0,0,0,0,0,0,0,0,0.0,0,0.0,0,0,0,0,0.0,0.0,0,0,0,0.0,0,0,0,0,0.0,0.0,0.0,0,87,90,0,0,0,0.0,0.0,0.0,0.0,0.0,0.0,0.0
456,25-26-prem-aston-villa-vs-west-ham-united,67,0,1,0,0.01,0.28,0,0,0,6,34,22,85.0,3.0,1,0,0.0,0,0.0,0,0,2,0,0,0,2,1,3,1,25.0,0,0.0,0,0,0,0,0.0,0.0,0,0,0,1.0,0,0,0,0,0.0,0.0,0.0,0,0,67,0,0,0,0.0,0.0,0.0,0.0,0.0,0.0,0.0
605,25-26-prem-aston-villa-vs-west-ham-united,0,0,0,0,0.0,0.0,0,0,0,0,0,0,0.0,0.0,0,0,0.0,0,0.0,0,0,0,0,0,0,0,0,0,0,0.0,0,0.0,0,0,0,0,0.0,0.0,0,0,0,0.0,0,0,0,0,0.0,0.0,0.0,0,0,90,2,0,0,0.0,0.0,0.0,0.0,0.0,0.0,0.0
47,25-26-prem-aston-villa-vs-west-ham-united,77,0,0,0,0.46,0.15,3,0,0,8,46,25,86.0,4.0,4,0,0.0,1,100.0,0,0,1,0,0,0,0,2,4,1,33.0,1,33.0,1,1,0,0,0.0,0.0,0,0,0,0.0,0,0,0,0,0.0,0.0,0.14,0,0,77,0,0,0,0.0,0.0,0.0,0.0,0.0,0.0,0.0
610,25-26-prem-aston-villa-vs-west-ham-united,83,0,0,0,0.0,0.0,0,0,0,0,31,14,74.0,0.0,4,0,0.0,0,0.0,1,1,2,1,0,0,0,1,0,1,100.0,0,0.0,0,0,0,0,0.0,0.0,0,0,0,0.0,0,0,0,0,0.0,0.0,0.0,0,0,83,2,0,0,0.0,0.0,0.0,0.0,0.0,0.0,0.0
699,25-26-prem-aston-villa-vs-west-ham-united,23,0,0,0,0.0,0.01,0,0,0,0,24,18,90.0,0.0,4,0,0.0,0,0.0,0,0,0,0,1,1,0,2,1,1,50.0,1,100.0,0,0,0,0,0.0,0.0,0,0,0,0.0,0,0,0,0,0.0,0.0,0.0,0,67,90,0,0,0,0.0,0.0,0.0,0.0,0.0,0.0,0.0
608,25-26-prem-aston-villa-vs-west-ham-united,0,0,0,0,0.0,0.0,0,0,0,0,0,0,0.0,0.0,0,0,0.0,0,0.0,0,0,0,0,0,0,0,0,0,0,0.0,0,0.0,0,0,0,0,0.0,0.0,0,0,0,0.0,0,0,0,0,0.0,0.0,0.0,0,0,90,2,0,0,0.0,0.0,0.0,0.0,0.0,0.0,0.0
87,25-26-prem-afc-bournemouth-vs-manchester-united,73,1,0,0,0.1,0.03,1,0,0,2,50,26,70.0,0.0,9,0,0.0,2,40.0,2,3,2,0,0,0,0,5,2,4,80.0,1,50.0,0,0,0,0,0.0,0.0,0,0,0,1.0,0,0,0,0,0.0,0.0,0.31,0,0,73,2,0,0,0.0,0.0,0.0,0.0,0.0,0.0,0.0
11,25-26-champions-league-bayer-leverkusen-vs-arsenal,69,0,0,0,0.29,0.11,0,0,0,3,33,20,87.0,1.0,5,1,100.0,0,0.0,0,1,1,0,0,0,1,0,2,0,0.0,0,0.0,0,0,0,0,0.0,0.0,0,0,0,0.0,0,0,0,0,0.0,0.0,0.0,0,0,69,0,0,0,0.0,0.0,0.0,0.0,0.0,0.0,0.0
708,25-26-prem-aston-villa-vs-west-ham-united,90,0,0,0,0.03,0.24,0,0,0,2,56,38,90.0,1.0,5,1,50.0,3,60.0,3,0,1,1,0,0,1,5,5,5,50.0,0,0.0,1,2,0,0,0.0,0.0,0,0,0,2.0,0,0,0,0,0.0,0.0,0.0,0,0,90,2,0,0,0.0,0.0,0.0,0.0,0.0,0.0,0.0
718,25-26-prem-aston-villa-vs-west-ham-united,7,0,0,0,0.0,0.0,0,0,0,0,8,6,86.0,0.0,0,0,0.0,1,100.0,0,0,0,0,0,0,1,0,2,0,0.0,0,0.0,0,0,0,0,0.0,0.0,0,0,0,0.0,0,0,0,0,0.0,0.0,0.0,0,83,90,0,0,0,0.0,0.0,0.0,0.0,0.0,0.0,0.0
529,25-26-prem-newcastle-united-vs-sunderland,0,0,0,0,0.0,0.0,0,0,0,0,0,0,0.0,0.0,0,0,0.0,0,0.0,0,0,0,0,0,0,0,0,0,0,0.0,0,0.0,0,0,0,0,0.0,0.0,0,0,0,0.0,0,0,0,0,0.0,0.0,0.0,0,0,99,1,0,0,0.0,0.0,0.0,0.0,0.0,0.0,0.0
476,25-26-prem-newcastle-united-vs-sunderland,90,0,0,0,0.18,0.0,1,0,0,4,76,41,80.0,0.0,5,0,0.0,2,29.0,0,0,0,1,16,11,0,7,3,0,0.0,7,70.0,0,0,0,0,0.0,0.0,0,0,0,0.0,0,0,0,0,0.0,0.0,0.16,0,0,99,2,0,0,0.0,0.0,0.0,0.0,0.0,0.0,0.0
41,25-26-prem-aston-villa-vs-west-ham-united,90,0,0,0,0.0,0.02,0,0,0,0,88,75,94.0,0.0,18,0,0.0,3,43.0,1,0,4,1,3,1,1,2,1,1,50.0,1,100.0,0,0,0,0,0.0,0.0,0,0,0,0.0,0,0,0,0,0.0,0.0,0.0,0,0,90,0,0,0,0.0,0.0,0.0,0.0,0.0,0.0,0.0
668,25-26-prem-newcastle-united-vs-sunderland,90,0,0,0,0.06,0.03,0,0,0,0,54,26,72.0,1.0,3,1,25.0,2,29.0,1,2,5,1,3,2,0,4,4,2,40.0,2,67.0,1,2,0,0,0.0,0.0,0,0,0,0.0,0,0,0,0,0.0,0.0,0.0,0,0,99,1,0,0,0.0,0.0,0.0,0.0,0.0,0.0,0.0
469,25-26-prem-newcastle-united-vs-sunderland,0,0,0,0,0.0,0.0,0,0,0,0,0,0,0.0,0.0,0,0,0.0,0,0.0,0,0,0,0,0,0,0,0,0,0,0.0,0,0.0,0,0,0,0,0.0,0.0,0,0,0,0.0,0,0,0,0,0.0,0.0,0.0,0,0,99,2,0,0,0.0,0.0,0.0,0.0,0.0,0.0,0.0
539,25-26-prem-newcastle-united-vs-sunderland,90,0,0,0,0.0,0.0,0,0,0,0,44,16,73.0,0.0,2,0,0.0,1,20.0,0,1,0,1,3,3,1,2,6,1,33.0,1,20.0,1,1,0,0,0.0,0.0,0,0,0,0.0,0,0,0,0,0.0,0.0,0.0,0,0,99,1,0,0,0.0,0.0,0.0,0.0,0.0,0.0,0.0
489,25-26-prem-newcastle-united-vs-sunderland,25,0,0,0,0.04,0.01,1,0,0,0,18,6,67.0,0.0,1,0,0.0,0,0.0,0,0,1,1,0,0,0,1,1,1,50.0,0,0.0,0,1,0,0,0.0,0.0,0,0,0,0.0,0,0,0,0,0.0,0.0,0.01,0,65,99,1,0,0,0.0,0.0,0.0,0.0,0.0,0.0,0.0
490,25-26-prem-newcastle-united-vs-sunderland,90,0,0,0,0.05,0.01,0,0,0,0,51,30,83.0,0.0,3,0,0.0,2,100.0,2,4,4,0,2,2,0,5,3,2,50.0,3,75.0,0,1,0,0,0.0,0.0,0,0,0,2.0,0,0,0,0,0.0,0.0,0.0,0,0,99,2,0,0,0.0,0.0,0.0,0.0,0.0,0.0,0.0
541,25-26-prem-newcastle-united-vs-sunderland,1,0,0,0,0.0,0.0,0,0,0,0,2,0,0.0,0.0,0,0,0.0,0,0.0,0,0,0,0,1,0,0,0,1,0,0.0,0,0.0,0,1,0,0,0.0,0.0,0,0,0,0.0,0,0,0,0,0.0,0.0,0.0,0,93,99,0,0,0,0.0,0.0,0.0,0.0,0.0,0.0,0.0
560,25-26-prem-newcastle-united-vs-sunderland,0,0,0,0,0.0,0.0,0,0,0,0,0,0,0.0,0.0,0,0,0.0,0,0.0,0,0,0,0,0,0,0,0,0,0,0.0,0,0.0,0,0,0,0,0.0,0.0,0,0,0,0.0,0,0,0,0,0.0,0.0,0.0,0,0,99,1,0,0,0.0,0.0,0.0,0.0,0.0,0.0,0.0
485,25-26-prem-newcastle-united-vs-sunderland,89,1,0,0,0.48,0.03,1,0,0,4,30,13,100.0,1.0,0,0,0.0,1,100.0,1,0,3,0,2,1,0,2,3,2,50.0,0,0.0,0,0,0,0,0.0,0.0,0,0,0,1.0,0,0,0,0,0.0,0.0,0.36,0,0,89,1,0,0,0.0,0.0,0.0,0.0,0.0,0.0,0.0
52,25-26-prem-newcastle-united-vs-sunderland,90,0,0,0,0.03,0.02,0,0,0,0,58,45,92.0,0.0,3,0,0.0,2,67.0,1,1,7,1,1,0,1,4,3,3,50.0,1,100.0,2,1,0,0,0.0,0.0,0,0,0,1.0,0,0,0,0,0.0,0.0,0.0,0,0,99,2,0,0,0.0,0.0,0.0,0.0,0.0,0.0,0.0
547,25-26-prem-newcastle-united-vs-sunderland,5,0,0,0,0.0,0.48,0,0,0,1,14,5,83.0,1.0,1,0,0.0,1,100.0,2,0,1,0,2,1,0,2,4,2,50.0,0,0.0,0,1,0,0,0.0,0.0,0,0,0,1.0,0,0,0,0,0.0,0.0,0.0,0,85,99,0,0,0,0.0,0.0,0.0,0.0,0.0,0.0,0.0
486,25-26-prem-newcastle-united-vs-sunderland,65,0,0,0,0.09,0.0,0,0,0,2,26,13,76.0,0.0,1,0,0.0,0,0.0,1,0,1,0,0,0,1,4,3,4,67.0,0,0.0,3,1,0,0,0.0,0.0,0,0,0,0.0,0,0,0,0,0.0,0.0,0.0,0,0,65,1,0,0,0.0,0.0,0.0,0.0,0.0,0.0,0.0
369,25-26-prem-brighton-hove-albion-vs-liverpool,0,0,0,0,0.0,0.0,0,0,0,0,0,0,0.0,0.0,0,0,0.0,0,0.0,0,0,0,0,0,0,0,0,0,0,0.0,0,0.0,0,0,0,0,0.0,0.0,0,0,0,0.0,0,0,0,0,0.0,0.0,0.0,0,0,94,2,0,0,0.0,0.0,0.0,0.0,0.0,0.0,0.0
143,25-26-prem-brighton-hove-albion-vs-liverpool,0,0,0,0,0.0,0.0,0,0,0,0,0,0,0.0,0.0,0,0,0.0,0,0.0,0,0,0,0,0,0,0,0,0,0,0.0,0,0.0,0,0,0,0,0.0,0.0,0,0,0,0.0,0,0,0,0,0.0,0.0,0.0,0,0,94,1,0,0,0.0,0.0,0.0,0.0,0.0,0.0,0.0
502,25-26-prem-tottenham-hotspur-vs-nottingham-forest,90,0,0,0,0.0,0.0,0,0,0,0,31,0,0.0,0.0,4,0,0.0,0,0.0,0,0,4,0,1,0,0,0,0,0,0.0,0,0.0,0,0,3,0,1.22,1.22,0,10,7,0.0,0,0,1,0,0.0,0.0,0.0,0,0,92,0,0,0,0.0,0.0,0.0,0.0,0.0,0.0,0.0
565,25-26-prem-tottenham-hotspur-vs-nottingham-forest,90,0,0,0,0.0,0.0,0,0,0,0,36,0,0.0,0.0,5,0,0.0,0,0.0,0,0,11,0,1,0,0,0,0,0,0.0,0,0.0,0,0,4,3,2.17,-0.83,2,16,2,0.0,0,0,3,0,0.0,0.0,0.0,0,0,92,3,0,0,0.0,0.0,0.0,0.0,0.0,0.0,0.0
596,25-26-prem-tottenham-hotspur-vs-nottingham-forest,90,0,0,0,0.16,0.04,2,0,0,3,30,14,82.0,0.0,1,0,0.0,0,0.0,0,0,8,0,0,0,1,5,6,3,43.0,2,50.0,1,0,0,0,0.0,0.0,0,0,0,1.0,0,0,0,0,0.0,0.0,0.9,0,0,92,3,0,0,0.0,0.0,0.0,0.0,0.0,0.0,0.0
570,25-26-prem-tottenham-hotspur-vs-nottingham-forest,90,0,0,0,0.1,0.01,0,0,0,3,92,57,79.0,0.0,11,0,0.0,0,0.0,1,5,1,0,5,4,1,13,5,2,67.0,11,73.0,1,0,0,0,0.0,0.0,0,0,0,0.0,0,0,0,0,0.0,0.0,0.0,0,0,92,3,0,0,0.0,0.0,0.0,0.0,0.0,0.0,0.0
505,25-26-prem-tottenham-hotspur-vs-nottingham-forest,90,0,0,0,0.0,0.02,0,0,0,0,47,23,79.0,0.0,5,0,0.0,1,17.0,1,0,5,3,12,6,2,6,3,1,33.0,5,83.0,0,0,0,0,0.0,0.0,0,0,0,0.0,0,0,0,0,0.0,0.0,0.0,0,0,92,0,0,0,0.0,0.0,0.0,0.0,0.0,0.0,0.0
522,25-26-prem-tottenham-hotspur-vs-nottingham-forest,20,0,0,0,0.0,0.0,0,0,0,0,14,1,12.0,0.0,1,0,0.0,0,0.0,3,0,0,0,0,0,0,4,2,3,75.0,1,50.0,0,0,0,0,0.0,0.0,0,0,0,1.0,0,0,0,0,0.0,0.0,0.0,0,70,92,0,0,0,0.0,0.0,0.0,0.0,0.0,0.0,0.0
569,25-26-prem-tottenham-hotspur-vs-nottingham-forest,90,0,0,0,0.02,0.04,0,0,0,3,84,59,87.0,1.0,9,0,0.0,4,67.0,2,0,6,0,4,3,0,11,3,5,71.0,6,86.0,2,1,0,0,0.0,0.0,0,0,0,1.0,0,0,0,0,0.0,0.0,0.0,0,0,92,3,0,0,0.0,0.0,0.0,0.0,0.0,0.0,0.0
515,25-26-prem-tottenham-hotspur-vs-nottingham-forest,89,1,0,0,0.53,0.0,1,0,0,1,38,16,80.0,0.0,1,0,0.0,2,50.0,1,1,1,0,2,1,1,6,10,3,30.0,3,50.0,2,1,0,0,0.0,0.0,0,0,0,2.0,0,0,0,0,0.0,0.0,0.53,0,0,92,0,0,0,0.0,0.0,0.0,0.0,0.0,0.0,0.0
521,25-26-prem-tottenham-hotspur-vs-nottingham-forest,90,0,0,0,0.0,0.0,0,0,0,0,59,32,84.0,0.0,3,0,0.0,2,50.0,4,0,5,3,4,2,3,5,12,5,38.0,0,0.0,1,3,0,0,0.0,0.0,0,0,0,0.0,0,0,0,0,0.0,0.0,0.0,0,0,92,0,0,0,0.0,0.0,0.0,0.0,0.0,0.0,0.0
726,25-26-prem-tottenham-hotspur-vs-nottingham-forest,23,0,0,0,0.16,0.0,0,0,0,1,5,2,67.0,0.0,0,0,0.0,0,0.0,0,0,0,0,0,0,0,0,2,0,0.0,0,0.0,0,1,0,0,0.0,0.0,0,0,0,0.0,0,0,0,0,0.0,0.0,0.0,0,67,92,1,0,0,0.0,0.0,0.0,0.0,0.0,0.0,0.0
519,25-26-prem-tottenham-hotspur-vs-nottingham-forest,1,0,0,0,0.0,0.0,0,0,0,0,6,3,60.0,0.0,2,0,0.0,0,0.0,0,0,0,0,0,0,1,0,1,0,0.0,0,0.0,0,0,0,0,0.0,0.0,0,0,0,0.0,0,0,0,0,0.0,0.0,0.0,0,92,92,0,0,0,0.0,0.0,0.0,0.0,0.0,0.0,0.0
516,25-26-prem-tottenham-hotspur-vs-nottingham-forest,70,0,1,0,0.0,0.37,0,0,0,3,28,21,91.0,2.0,1,0,0.0,0,0.0,0,0,1,0,1,0,1,2,1,2,67.0,0,0.0,1,0,0,0,0.0,0.0,0,0,0,0.0,0,0,0,0,0.0,0.0,0.0,0,0,70,0,0,0,0.0,0.0,0.0,0.0,0.0,0.0,0.0
573,25-26-prem-tottenham-hotspur-vs-nottingham-forest,45,0,0,0,0.0,0.0,0,0,0,0,31,13,81.0,0.0,3,0,0.0,0,0.0,4,0,2,0,0,0,0,4,4,4,57.0,0,0.0,0,1,0,0,0.0,0.0,0,0,0,0.0,0,0,0,0,0.0,0.0,0.0,0,0,46,1,0,0,0.0,0.0,0.0,0.0,0.0,0.0,0.0
593,25-26-prem-tottenham-hotspur-vs-nottingham-forest,90,0,0,0,0.11,0.03,0,0,0,1,73,48,83.0,2.0,6,0,0.0,1,25.0,3,1,3,0,2,0,0,8,5,6,86.0,2,33.0,0,2,0,0,0.0,0.0,0,0,0,0.0,0,0,0,0,0.0,0.0,0.0,0,0,92,3,0,0,0.0,0.0,0.0,0.0,0.0,0.0,0.0
426,25-26-prem-tottenham-hotspur-vs-nottingham-forest,1,0,0,0,0.0,0.0,0,0,0,0,1,0,0.0,0.0,1,0,0.0,0,0.0,0,0,0,0,0,0,0,0,0,0,0.0,0,0.0,0,0,0,0,0.0,0.0,0,0,0,0.0,0,0,0,0,0.0,0.0,0.0,0,92,92,0,0,0,0.0,0.0,0.0,0.0,0.0,0.0,0.0
572,25-26-prem-tottenham-hotspur-vs-nottingham-forest,0,0,0,0,0.0,0.0,0,0,0,0,0,0,0.0,0.0,0,0,0.0,0,0.0,0,0,0,0,0,0,0,0,0,0,0.0,0,0.0,0,0,0,0,0.0,0.0,0,0,0,0.0,0,0,0,0,0.0,0.0,0.0,0,0,92,3,0,0,0.0,0.0,0.0,0.0,0.0,0.0,0.0
693,25-26-prem-tottenham-hotspur-vs-nottingham-forest,80,0,0,0,0.08,0.01,1,0,0,1,36,17,94.0,0.0,5,0,0.0,2,100.0,0,0,6,0,0,0,2,8,5,6,60.0,2,67.0,3,0,0,0,0.0,0.0,0,0,0,1.0,0,0,0,0,0.0,0.0,0.02,0,0,80,0,0,0,0.0,0.0,0.0,0.0,0.0,0.0,0.0
517,25-26-europa-league-nottingham-forest-vs-fc-midtjylland,45,0,0,0,0.0,0.06,0,0,0,0,55,24,75.0,1.0,5,1,25.0,1,50.0,3,0,4,0,0,0,0,8,4,6,60.0,2,100.0,3,1,0,0,0.0,0.0,0,0,0,1.0,0,0,0,0,0.0,0.0,0.0,0,75,121,0,0,0,0.0,0.0,0.0,0.0,0.0,0.0,0.0
458,25-26-prem-afc-bournemouth-vs-manchester-united,90,0,0,0,0.0,0.1,0,0,0,0,54,41,89.0,1.0,4,0,0.0,0,0.0,1,0,5,1,1,1,1,3,6,3,43.0,0,0.0,2,0,0,0,0.0,0.0,0,0,0,2.0,0,0,0,0,0.0,0.0,0.0,0,0,96,2,0,0,0.0,0.0,0.0,0.0,0.0,0.0,0.0
466,25-26-prem-afc-bournemouth-vs-manchester-united,0,0,0,0,0.0,0.0,0,0,0,0,0,0,0.0,0.0,0,0,0.0,0,0.0,0,0,0,0,0,0,0,0,0,0,0.0,0,0.0,0,0,0,0,0.0,0.0,0,0,0,0.0,0,0,0,0,0.0,0.0,0.0,0,0,96,2,0,0,0.0,0.0,0.0,0.0,0.0,0.0,0.0
391,25-26-prem-afc-bournemouth-vs-manchester-united,3,0,0,0,0.0,0.01,0,0,0,2,8,2,50.0,0.0,0,0,0.0,0,0.0,0,0,1,0,0,0,0,0,4,0,0.0,0,0.0,0,2,0,0,0.0,0.0,0,0,0,0.0,0,0,0,0,0.0,0.0,0.0,0,87,96,0,0,0,0.0,0.0,0.0,0.0,0.0,0.0,0.0
77,25-26-prem-afc-bournemouth-vs-manchester-united,90,0,0,0,0.0,0.02,0,0,0,1,81,58,89.0,1.0,8,0,0.0,3,50.0,1,2,9,1,3,1,0,4,3,2,100.0,2,40.0,1,0,0,0,0.0,0.0,0,0,0,0.0,0,0,0,0,0.0,0.0,0.0,0,0,96,2,0,0,0.0,0.0,0.0,0.0,0.0,0.0,0.0
151,25-26-prem-brighton-hove-albion-vs-liverpool,90,0,0,0,0.05,0.02,1,0,0,1,55,37,97.0,0.0,6,1,100.0,1,100.0,1,0,2,1,8,3,0,4,3,2,100.0,2,40.0,1,0,0,0,0.0,0.0,0,0,0,0.0,0,0,0,0,0.0,0.0,0.0,0,0,94,1,0,0,0.0,0.0,0.0,0.0,0.0,0.0,0.0
39,25-26-prem-aston-villa-vs-west-ham-united,0,0,0,0,0.0,0.0,0,0,0,0,0,0,0.0,0.0,0,0,0.0,0,0.0,0,0,0,0,0,0,0,0,0,0,0.0,0,0.0,0,0,0,0,0.0,0.0,0,0,0,0.0,0,0,0,0,0.0,0.0,0.0,0,0,90,0,0,0,0.0,0.0,0.0,0.0,0.0,0.0,0.0
421,25-26-champions-league-real-madrid-vs-manchester-city,74,0,0,0,0.25,0.09,1,0,0,3,71,52,91.0,2.0,11,0,0.0,4,57.0,1,0,6,0,0,0,0,4,1,4,100.0,0,0.0,0,0,0,0,0.0,0.0,0,0,0,0.0,0,0,0,0,0.0,0.0,0.12,0,0,74,1,0,0,0.0,0.0,0.0,0.0,0.0,0.0,0.0
380,25-26-prem-brighton-hove-albion-vs-liverpool,0,0,0,0,0.0,0.0,0,0,0,0,0,0,0.0,0.0,0,0,0.0,0,0.0,0,0,0,0,0,0,0,0,0,0,0.0,0,0.0,0,0,0,0,0.0,0.0,0,0,0,0.0,0,0,0,0,0.0,0.0,0.0,0,0,94,2,0,0,0.0,0.0,0.0,0.0,0.0,0.0,0.0
430,25-26-champions-league-real-madrid-vs-manchester-city,56,1,0,0,1.14,0.0,5,0,0,9,16,2,33.0,0.0,0,0,0.0,0,0.0,0,0,1,1,1,1,0,2,0,0,0.0,2,100.0,0,0,0,0,0.0,0.0,0,0,0,0.0,0,0,0,0,0.0,0.0,1.7,0,0,57,1,0,0,0.0,0.0,0.0,0.0,0.0,0.0,0.0
683,25-26-prem-newcastle-united-vs-sunderland,90,0,0,0,0.0,0.02,0,0,0,0,42,24,80.0,1.0,8,0,0.0,2,33.0,1,0,4,0,9,4,0,4,8,2,33.0,2,33.0,0,3,0,0,0.0,0.0,0,0,0,1.0,0,0,0,0,0.0,0.0,0.0,0,0,99,1,0,0,0.0,0.0,0.0,0.0,0.0,0.0,0.0
561,25-26-prem-newcastle-united-vs-sunderland,1,0,0,0,0.0,0.0,0,0,0,0,4,0,0.0,0.0,0,0,0.0,0,0.0,0,0,0,0,0,0,1,1,2,1,33.0,0,0.0,0,0,0,0,0.0,0.0,0,0,0,0.0,0,0,0,0,0.0,0.0,0.0,0,93,99,0,0,0,0.0,0.0,0.0,0.0,0.0,0.0,0.0
501,25-26-prem-newcastle-united-vs-sunderland,0,0,0,0,0.0,0.0,0,0,0,0,0,0,0.0,0.0,0,0,0.0,0,0.0,0,0,0,0,0,0,0,0,0,0,0.0,0,0.0,0,0,0,0,0.0,0.0,0,0,0,0.0,0,0,0,0,0.0,0.0,0.0,0,0,99,2,0,0,0.0,0.0,0.0,0.0,0.0,0.0,0.0
574,25-26-prem-tottenham-hotspur-vs-nottingham-forest,45,0,0,0,0.0,0.14,0,0,0,2,34,21,91.0,1.0,3,1,50.0,0,0.0,1,0,2,0,0,0,1,4,6,3,33.0,1,100.0,1,2,0,0,0.0,0.0,0,0,0,1.0,0,0,0,0,0.0,0.0,0.0,0,46,92,2,0,0,0.0,0.0,0.0,0.0,0.0,0.0,0.0
511,25-26-prem-tottenham-hotspur-vs-nottingham-forest,0,0,0,0,0.0,0.0,0,0,0,0,0,0,0.0,0.0,0,0,0.0,0,0.0,0,0,0,0,0,0,0,0,0,0,0.0,0,0.0,0,0,0,0,0.0,0.0,0,0,0,0.0,0,0,0,0,0.0,0.0,0.0,0,0,92,0,0,0,0.0,0.0,0.0,0.0,0.0,0.0,0.0
508,25-26-prem-tottenham-hotspur-vs-nottingham-forest,90,0,2,0,0.07,0.39,2,0,0,3,55,24,89.0,2.0,6,2,40.0,0,0.0,1,4,2,0,2,2,0,3,4,2,50.0,1,33.0,1,2,0,0,0.0,0.0,0,0,0,0.0,0,0,0,0,0.0,0.0,0.07,0,0,92,0,0,0,0.0,0.0,0.0,0.0,0.0,0.0,0.0
526,25-26-prem-tottenham-hotspur-vs-nottingham-forest,71,1,0,0,0.14,0.01,2,0,0,4,19,5,50.0,0.0,1,0,0.0,0,0.0,0,0,0,0,5,5,0,2,11,0,0.0,2,18.0,0,1,0,0,0.0,0.0,0,0,0,1.0,0,0,0,0,0.0,0.0,0.72,0,0,71,0,0,0,0.0,0.0,0.0,0.0,0.0,0.0,0.0
326,25-26-prem-aston-villa-vs-west-ham-united,45,0,0,0,0.0,0.01,0,0,0,1,22,6,86.0,0.0,0,1,20.0,0,0.0,0,0,2,0,0,0,1,4,5,4,50.0,0,0.0,0,0,0,0,0.0,0.0,0,0,0,1.0,0,0,0,0,0.0,0.0,0.0,0,46,90,1,0,0,0.0,0.0,0.0,0.0,0.0,0.0,0.0
517,25-26-prem-tottenham-hotspur-vs-nottingham-forest,89,0,0,0,0.0,0.08,0,0,0,1,78,38,79.0,3.0,7,1,50.0,2,22.0,6,0,9,0,1,1,1,9,11,8,44.0,1,50.0,2,2,0,0,0.0,0.0,0,0,0,4.0,0,0,0,0,0.0,0.0,0.0,0,0,92,0,0,0,0.0,0.0,0.0,0.0,0.0,0.0,0.0
506,25-26-prem-tottenham-hotspur-vs-nottingham-forest,90,0,0,0,0.0,0.0,0,0,0,0,60,33,72.0,0.0,7,0,0.0,4,36.0,2,2,4,0,8,4,0,3,1,2,100.0,1,50.0,0,0,0,0,0.0,0.0,0,0,0,0.0,0,0,0,0,0.0,0.0,0.0,0,0,92,0,0,0,0.0,0.0,0.0,0.0,0.0,0.0,0.0
679,25-26-prem-aston-villa-vs-west-ham-united,90,0,0,0,0.0,0.0,0,0,0,0,41,0,0.0,0.0,4,0,0.0,0,0.0,0,0,7,0,1,0,0,1,0,0,0.0,1,100.0,0,0,4,2,1.42,-0.58,0,18,5,0.0,1,0,2,0,0.0,0.0,0.0,0,0,90,2,0,0,0.0,0.0,0.0,0.0,0.0,0.0,0.0
59,25-26-prem-aston-villa-vs-west-ham-united,90,0,0,0,0.17,0.23,0,0,0,3,67,42,95.0,1.0,8,0,0.0,3,100.0,7,3,5,1,4,3,0,8,5,7,88.0,1,20.0,0,0,0,0,0.0,0.0,0,0,0,1.0,0,0,0,0,0.0,0.0,0.0,0,0,90,0,0,0,0.0,0.0,0.0,0.0,0.0,0.0,0.0
694,25-26-prem-newcastle-united-vs-sunderland,0,0,0,0,0.0,0.0,0,0,0,0,0,0,0.0,0.0,0,0,0.0,0,0.0,0,0,0,0,0,0,0,0,0,0,0.0,0,0.0,0,0,0,0,0.0,0.0,0,0,0,0.0,0,0,0,0,0.0,0.0,0.0,0,0,99,1,0,0,0.0,0.0,0.0,0.0,0.0,0.0,0.0
40,25-26-prem-aston-villa-vs-west-ham-united,0,0,0,0,0.0,0.0,0,0,0,0,0,0,0.0,0.0,0,0,0.0,0,0.0,0,0,0,0,0,0,0,0,0,0,0.0,0,0.0,0,0,0,0,0.0,0.0,0,0,0,0.0,0,0,0,0,0.0,0.0,0.0,0,0,90,0,0,0,0.0,0.0,0.0,0.0,0.0,0.0,0.0
135,25-26-prem-newcastle-united-vs-sunderland,1,0,0,0,0.0,0.0,0,0,0,1,4,2,100.0,0.0,0,0,0.0,0,0.0,1,0,0,0,0,0,0,1,1,1,50.0,0,0.0,0,0,0,0,0.0,0.0,0,0,0,1.0,0,0,0,0,0.0,0.0,0.0,0,89,99,1,0,0,0.0,0.0,0.0,0.0,0.0,0.0,0.0
674,25-26-prem-newcastle-united-vs-sunderland,90,0,0,0,0.0,0.01,0,0,0,0,59,0,0.0,0.0,10,0,0.0,0,0.0,0,0,7,0,2,0,0,2,0,1,100.0,1,100.0,1,0,4,2,2.54,0.54,1,32,5,0.0,1,0,3,0,0.0,0.0,0.0,0,0,99,2,0,0,0.0,0.0,0.0,0.0,0.0,0.0,0.0
487,25-26-prem-newcastle-united-vs-sunderland,76,0,0,0,0.05,0.01,0,0,0,2,28,14,82.0,1.0,1,0,0.0,0,0.0,0,0,3,1,1,0,0,1,5,1,20.0,0,0.0,1,1,0,0,0.0,0.0,0,0,0,0.0,0,0,0,0,0.0,0.0,0.0,0,0,76,1,0,0,0.0,0.0,0.0,0.0,0.0,0.0,0.0
507,25-26-prem-tottenham-hotspur-vs-nottingham-forest,90,0,0,0,0.0,0.01,0,0,0,0,56,28,82.0,0.0,4,0,0.0,1,25.0,3,2,1,0,3,2,2,5,5,4,50.0,1,50.0,0,2,0,0,0.0,0.0,0,0,0,1.0,0,0,0,0,0.0,0.0,0.0,0,0,92,0,0,0,0.0,0.0,0.0,0.0,0.0,0.0,0.0
603,25-26-prem-aston-villa-vs-west-ham-united,90,0,0,0,0.0,0.12,0,0,0,1,56,28,80.0,1.0,6,1,50.0,3,43.0,2,1,5,1,2,1,0,4,3,4,57.0,0,0.0,0,1,0,0,0.0,0.0,0,0,0,0.0,0,0,0,0,0.0,0.0,0.0,0,0,90,2,0,0,0.0,0.0,0.0,0.0,0.0,0.0,0.0
300,25-26-prem-everton-vs-chelsea,78,0,0,0,0.0,0.07,0,0,0,1,32,20,83.0,2.0,4,2,100.0,1,100.0,0,0,3,0,0,0,1,0,2,0,0.0,0,0.0,0,0,0,0,0.0,0.0,0,0,0,0.0,0,0,0,0,0.0,0.0,0.0,0,0,78,0,0,0,0.0,0.0,0.0,0.0,0.0,0.0,0.0
552,25-26-prem-newcastle-united-vs-sunderland,90,0,0,0,0.17,0.07,1,0,0,3,27,12,75.0,0.0,4,0,0.0,0,0.0,1,0,1,1,1,0,0,3,5,2,40.0,1,33.0,0,1,0,0,0.0,0.0,0,0,0,0.0,0,0,0,0,0.0,0.0,0.07,0,0,99,1,0,0,0.0,0.0,0.0,0.0,0.0,0.0,0.0
481,25-26-prem-newcastle-united-vs-sunderland,0,0,0,0,0.0,0.0,0,0,0,0,0,0,0.0,0.0,0,0,0.0,0,0.0,0,0,0,0,0,0,0,0,0,0,0.0,0,0.0,0,0,0,0,0.0,0.0,0,0,0,0.0,0,0,0,0,0.0,0.0,0.0,0,0,99,2,0,0,0.0,0.0,0.0,0.0,0.0,0.0,0.0
422,25-26-champions-league-real-madrid-vs-manchester-city,0,0,0,0,0.0,0.0,0,0,0,0,0,0,0.0,0.0,0,0,0.0,0,0.0,0,0,0,0,0,0,0,0,0,0,0.0,0,0.0,0,0,0,0,0.0,0.0,0,0,0,0.0,0,0,0,0,0.0,0.0,0.0,0,0,93,2,0,0,0.0,0.0,0.0,0.0,0.0,0.0,0.0
409,25-26-champions-league-real-madrid-vs-manchester-city,0,0,0,0,0.0,0.0,0,0,0,0,0,0,0.0,0.0,0,0,0.0,0,0.0,0,0,0,0,0,0,0,0,0,0,0.0,0,0.0,0,0,0,0,0.0,0.0,0,0,0,0.0,0,0,0,0,0.0,0.0,0.0,0,0,93,2,0,0,0.0,0.0,0.0,0.0,0.0,0.0,0.0
44,25-26-prem-aston-villa-vs-west-ham-united,0,0,0,0,0.0,0.0,0,0,0,0,0,0,0.0,0.0,0,0,0.0,0,0.0,0,0,0,0,0,0,0,0,0,0,0.0,0,0.0,0,0,0,0,0.0,0.0,0,0,0,0.0,0,0,0,0,0.0,0.0,0.0,0,0,90,0,0,0,0.0,0.0,0.0,0.0,0.0,0.0,0.0
232,25-26-champions-league-paris-saint-germain-vs-chelsea,19,0,0,0,0.0,0.0,0,0,0,0,7,4,100.0,0.0,0,0,0.0,0,0.0,0,1,2,0,1,0,0,2,0,1,100.0,1,100.0,0,0,0,0,0.0,0.0,0,0,0,0.0,0,0,0,0,0.0,0.0,0.0,0,71,90,0,0,0,0.0,0.0,0.0,0.0,0.0,0.0,0.0
575,25-26-prem-tottenham-hotspur-vs-nottingham-forest,45,0,0,0,0.0,0.0,0,0,0,1,21,12,80.0,0.0,2,0,0.0,0,0.0,0,0,2,0,1,1,0,2,1,0,0.0,2,67.0,0,0,0,0,0.0,0.0,0,0,0,0.0,0,0,0,0,0.0,0.0,0.0,0,0,46,1,0,0,0.0,0.0,0.0,0.0,0.0,0.0,0.0
38,25-26-prem-aston-villa-vs-west-ham-united,90,0,0,0,0.23,0.01,0,0,0,3,73,66,99.0,1.0,2,0,0.0,7,100.0,0,0,1,2,1,0,0,0,3,0,0.0,0,0.0,0,0,0,0,0.0,0.0,0,0,0,0.0,0,0,0,0,0.0,0.0,0.0,0,0,90,0,0,0,0.0,0.0,0.0,0.0,0.0,0.0,0.0
606,25-26-prem-aston-villa-vs-west-ham-united,90,0,0,0,0.0,0.16,0,0,0,0,64,38,83.0,1.0,7,1,100.0,5,62.0,3,4,4,2,6,5,0,6,1,3,100.0,3,75.0,0,0,0,0,0.0,0.0,0,0,0,0.0,0,0,0,0,0.0,0.0,0.0,0,0,90,2,0,0,0.0,0.0,0.0,0.0,0.0,0.0,0.0
494,25-26-prem-newcastle-united-vs-sunderland,25,0,0,0,0.0,0.01,0,0,0,1,15,7,88.0,2.0,2,0,0.0,1,50.0,1,0,3,0,2,1,1,2,1,1,50.0,1,100.0,0,0,0,0,0.0,0.0,0,0,0,0.0,0,0,0,0,0.0,0.0,0.0,0,65,99,1,0,0,0.0,0.0,0.0,0.0,0.0,0.0,0.0
724,25-26-prem-newcastle-united-vs-sunderland,90,0,0,0,0.0,0.03,0,0,0,2,52,22,73.0,0.0,5,1,25.0,0,0.0,3,0,4,1,6,2,0,5,2,3,60.0,2,100.0,0,2,0,0,0.0,0.0,0,0,0,0.0,0,0,0,0,0.0,0.0,0.0,0,0,99,1,0,0,0.0,0.0,0.0,0.0,0.0,0.0,0.0
730,25-26-prem-newcastle-united-vs-sunderland,89,1,0,0,1.06,0.05,2,0,0,11,31,12,75.0,2.0,0,0,0.0,0,0.0,0,0,4,0,0,0,0,4,11,1,12.0,3,43.0,0,3,0,0,0.0,0.0,0,0,0,3.0,0,0,0,0,0.0,0.0,1.18,0,0,93,1,0,0,0.0,0.0,0.0,0.0,0.0,0.0,0.0
717,25-26-prem-tottenham-hotspur-vs-nottingham-forest,23,0,0,0,0.0,0.02,0,0,0,0,19,5,56.0,0.0,1,0,0.0,0,0.0,2,1,1,0,0,0,0,6,1,5,100.0,1,50.0,2,0,0,0,0.0,0.0,0,0,0,0.0,0,0,0,0,0.0,0.0,0.0,0,67,92,1,0,0,0.0,0.0,0.0,0.0,0.0,0.0,0.0
535,25-26-prem-newcastle-united-vs-sunderland,0,0,0,0,0.0,0.0,0,0,0,0,0,0,0.0,0.0,0,0,0.0,0,0.0,0,0,0,0,0,0,0,0,0,0,0.0,0,0.0,0,0,0,0,0.0,0.0,0,0,0,0.0,0,0,0,0,0.0,0.0,0.0,0,0,99,1,0,0,0.0,0.0,0.0,0.0,0.0,0.0,0.0
684,25-26-prem-newcastle-united-vs-sunderland,36,0,0,0,0.0,0.0,0,0,0,2,30,16,84.0,0.0,2,0,0.0,0,0.0,2,0,1,1,3,2,1,5,4,3,50.0,2,67.0,1,1,0,0,0.0,0.0,0,0,0,1.0,0,0,0,0,0.0,0.0,0.0,0,54,99,2,0,0,0.0,0.0,0.0,0.0,0.0,0.0,0.0
473,25-26-prem-newcastle-united-vs-sunderland,90,0,0,0,0.08,0.45,1,0,0,2,73,32,76.0,3.0,8,4,67.0,1,17.0,0,0,5,1,2,0,0,3,5,3,38.0,0,0.0,2,0,0,0,0.0,0.0,0,0,0,1.0,0,0,0,0,0.0,0.0,0.01,0,0,99,2,0,0,0.0,0.0,0.0,0.0,0.0,0.0,0.0
500,25-26-prem-newcastle-united-vs-sunderland,14,0,0,0,0.0,0.01,0,0,0,0,7,2,67.0,0.0,0,0,0.0,0,0.0,0,1,4,0,0,0,0,2,1,2,100.0,0,0.0,2,0,0,0,0.0,0.0,0,0,0,0.0,0,0,0,0,0.0,0.0,0.0,0,76,99,1,0,0,0.0,0.0,0.0,0.0,0.0,0.0,0.0
373,25-26-champions-league-galatasaray-vs-liverpool,90,0,0,0,0.0,0.02,0,0,0,1,66,56,89.0,0.0,12,0,0.0,6,60.0,0,0,5,0,3,2,0,2,2,0,0.0,2,67.0,0,2,0,0,0.0,0.0,0,0,0,0.0,0,0,0,0,0.0,0.0,0.0,0,0,90,0,0,0,0.0,0.0,0.0,0.0,0.0,0.0,0.0
381,25-26-champions-league-galatasaray-vs-liverpool,74,1,1,0,2.24,0.5,6,0,0,13,40,18,95.0,2.0,2,1,33.0,1,100.0,1,0,0,0,0,0,1,2,8,2,22.0,0,0.0,0,1,0,0,0.0,0.0,0,0,0,0.0,0,0,0,0,0.0,0.0,2.27,0,0,74,0,0,1,0.0,0.0,0.0,0.0,0.0,0.0,0.0
553,25-26-prem-newcastle-united-vs-sunderland,89,1,0,0,0.54,0.05,2,0,0,3,31,13,76.0,1.0,1,0,0.0,0,0.0,0,0,2,0,1,0,2,0,5,0,0.0,0,0.0,0,1,0,0,0.0,0.0,0,0,0,0.0,0,0,0,0,0.0,0.0,1.19,0,0,93,1,0,0,0.0,0.0,0.0,0.0,0.0,0.0,0.0
390,25-26-champions-league-galatasaray-vs-liverpool,89,1,0,0,0.2,0.33,1,0,0,1,55,37,88.0,0.0,6,0,0.0,1,25.0,1,3,10,0,0,0,2,2,5,1,17.0,1,100.0,0,0,0,0,0.0,0.0,0,0,0,0.0,0,0,0,0,0.0,0.0,0.74,0,0,89,0,0,0,0.0,0.0,0.0,0.0,0.0,0.0,0.0
370,25-26-champions-league-galatasaray-vs-liverpool,67,0,0,0,0.0,0.13,0,0,0,4,46,15,79.0,0.0,5,1,20.0,0,0.0,0,0,1,0,1,0,0,1,7,1,20.0,0,0.0,1,2,0,0,0.0,0.0,0,0,0,0.0,0,0,0,0,0.0,0.0,0.0,0,0,67,0,0,0,0.0,0.0,0.0,0.0,0.0,0.0,0.0
382,25-26-champions-league-galatasaray-vs-liverpool,89,0,1,0,0.64,1.06,2,0,0,10,85,51,81.0,8.0,7,0,0.0,1,33.0,2,0,4,0,0,0,1,6,8,6,55.0,0,0.0,0,2,0,0,0.0,0.0,0,0,0,1.0,0,0,0,0,0.0,0.0,0.38,0,0,89,0,0,0,0.0,0.0,0.0,0.0,0.0,0.0,0.0
19,25-26-champions-league-bayer-leverkusen-vs-arsenal,21,0,0,0,0.0,0.0,0,0,0,0,8,3,100.0,1.0,0,0,0.0,0,0.0,0,0,0,0,1,0,1,1,2,1,33.0,0,0.0,1,0,0,0,0.0,0.0,0,0,0,1.0,0,0,0,0,0.0,0.0,0.0,0,69,90,0,0,0,0.0,0.0,0.0,0.0,0.0,0.0,0.0
18,25-26-champions-league-bayer-leverkusen-vs-arsenal,0,0,0,0,0.0,0.0,0,0,0,0,0,0,0.0,0.0,0,0,0.0,0,0.0,0,0,0,0,0,0,0,0,0,0,0.0,0,0.0,0,0,0,0,0.0,0.0,0,0,0,0.0,0,0,0,0,0.0,0.0,0.0,0,0,90,0,0,0,0.0,0.0,0.0,0.0,0.0,0.0,0.0
7,25-26-champions-league-bayer-leverkusen-vs-arsenal,0,0,0,0,0.0,0.0,0,0,0,0,0,0,0.0,0.0,0,0,0.0,0,0.0,0,0,0,0,0,0,0,0,0,0,0.0,0,0.0,0,0,0,0,0.0,0.0,0,0,0,0.0,0,0,0,0,0.0,0.0,0.0,0,0,90,0,0,0,0.0,0.0,0.0,0.0,0.0,0.0,0.0
725,25-26-champions-league-bayer-leverkusen-vs-arsenal,90,0,0,0,0.0,0.85,0,0,0,1,46,16,80.0,1.0,4,0,0.0,1,33.0,2,1,2,0,6,5,1,5,6,3,43.0,2,50.0,0,0,0,0,0.0,0.0,0,0,0,1.0,0,0,0,0,0.0,0.0,0.0,0,0,90,0,0,0,0.0,0.0,0.0,0.0,0.0,0.0,0.0
662,25-26-champions-league-bayer-leverkusen-vs-arsenal,21,0,0,0,0.0,0.0,0,0,0,2,12,5,71.0,0.0,1,0,0.0,0,0.0,0,0,0,0,2,0,1,1,2,0,0.0,1,50.0,0,0,0,0,0.0,0.0,0,0,0,0.0,0,0,0,0,0.0,0.0,0.0,0,69,90,0,0,0,0.0,0.0,0.0,0.0,0.0,0.0,0.0
10,25-26-champions-league-bayer-leverkusen-vs-arsenal,1,0,0,0,0.0,0.0,0,0,0,0,4,2,100.0,0.0,0,0,0.0,0,0.0,0,0,0,0,0,0,0,0,1,0,0.0,0,0.0,0,0,0,0,0.0,0.0,0,0,0,1.0,0,0,0,0,0.0,0.0,0.0,0,90,90,0,0,0,0.0,0.0,0.0,0.0,0.0,0.0,0.0
700,25-26-champions-league-bayer-leverkusen-vs-arsenal,0,0,0,0,0.0,0.0,0,0,0,0,0,0,0.0,0.0,0,0,0.0,0,0.0,0,0,0,0,0,0,0,0,0,0,0.0,0,0.0,0,0,0,0,0.0,0.0,0,0,0,0.0,0,0,0,0,0.0,0.0,0.0,0,0,90,0,0,0,0.0,0.0,0.0,0.0,0.0,0.0,0.0
565,25-26-champions-league-atletico-madrid-vs-tottenham-hotspur,90,0,0,0,0.0,0.0,0,0,0,0,36,0,0.0,0.0,4,0,0.0,0,0.0,0,0,5,0,2,0,0,0,0,0,0.0,0,0.0,0,0,5,2,1.93,-0.07,0,20,6,0.0,0,0,2,0,0.0,0.0,0.0,0,0,92,2,0,0,0.0,0.0,0.0,0.0,0.0,0.0,0.0
570,25-26-champions-league-atletico-madrid-vs-tottenham-hotspur,9,0,0,0,0.0,0.0,0,0,0,0,18,11,79.0,0.0,0,0,0.0,1,50.0,0,0,0,0,1,1,0,4,2,1,33.0,3,100.0,1,1,0,0,0.0,0.0,0,0,0,1.0,0,0,0,0,0.0,0.0,0.0,0,81,92,0,0,0,0.0,0.0,0.0,0.0,0.0,0.0,0.0
569,25-26-champions-league-atletico-madrid-vs-tottenham-hotspur,81,0,0,0,0.0,0.29,0,0,0,1,48,30,83.0,1.0,4,0,0.0,2,67.0,1,2,4,2,4,3,0,4,1,1,50.0,3,100.0,0,1,0,0,0.0,0.0,0,0,0,0.0,0,0,0,0,0.0,0.0,0.0,0,0,81,2,0,0,0.0,0.0,0.0,0.0,0.0,0.0,0.0
726,25-26-champions-league-atletico-madrid-vs-tottenham-hotspur,90,1,0,0,0.42,0.07,1,0,0,6,26,9,64.0,0.0,2,0,0.0,0,0.0,1,1,1,1,1,1,0,2,4,1,25.0,1,50.0,0,3,0,0,0.0,0.0,0,0,0,0.0,0,0,0,0,0.0,0.0,0.93,0,0,92,2,0,0,0.0,0.0,0.0,0.0,0.0,0.0,0.0
405,25-26-champions-league-real-madrid-vs-manchester-city,45,0,0,0,0.0,0.01,0,0,0,2,25,21,91.0,1.0,1,0,0.0,0,0.0,1,0,1,0,1,1,0,3,0,1,100.0,2,100.0,0,0,0,0,0.0,0.0,0,0,0,0.0,0,0,0,0,0.0,0.0,0.0,0,46,93,1,0,0,0.0,0.0,0.0,0.0,0.0,0.0,0.0
416,25-26-champions-league-real-madrid-vs-manchester-city,20,0,0,0,0.0,0.01,0,0,0,0,27,23,96.0,1.0,1,0,0.0,0,0.0,0,0,2,0,0,0,0,1,0,0,0.0,1,100.0,0,1,0,0,0.0,0.0,0,0,0,0.0,0,0,0,0,0.0,0.0,0.0,0,0,93,2,0,0,0.0,0.0,0.0,0.0,0.0,0.0,0.0
551,25-26-prem-newcastle-united-vs-sunderland,90,0,0,0,0.18,0.56,1,0,0,5,39,16,76.0,3.0,4,3,100.0,2,67.0,4,1,5,0,1,1,0,5,0,5,100.0,0,0.0,0,0,0,0,0.0,0.0,0,0,0,0.0,0,0,0,0,0.0,0.0,0.1,0,0,99,1,0,0,0.0,0.0,0.0,0.0,0.0,0.0,0.0
236,25-26-champions-league-paris-saint-germain-vs-chelsea,90,0,0,0,0.1,0.28,0,0,0,6,69,36,80.0,3.0,1,0,0.0,0,0.0,0,0,3,0,0,0,0,3,7,3,38.0,0,0.0,0,0,0,0,0.0,0.0,0,0,0,0.0,0,0,0,0,0.0,0.0,0.0,0,0,90,3,0,0,0.0,0.0,0.0,0.0,0.0,0.0,0.0
36,25-26-prem-aston-villa-vs-west-ham-united,90,0,0,0,0.06,0.24,0,0,0,1,69,42,93.0,0.0,8,1,20.0,1,100.0,3,0,0,0,1,1,2,4,3,4,57.0,0,0.0,0,1,0,0,0.0,0.0,0,0,0,0.0,0,0,0,0,0.0,0.0,0.0,0,0,90,0,0,0,0.0,0.0,0.0,0.0,0.0,0.0,0.0
224,25-26-champions-league-paris-saint-germain-vs-chelsea,71,0,0,0,0.0,0.23,0,0,0,1,38,22,92.0,1.0,2,1,33.0,1,100.0,0,0,2,0,1,0,0,2,1,2,67.0,0,0.0,2,0,0,0,0.0,0.0,0,0,0,1.0,0,0,0,0,0.0,0.0,0.0,0,0,71,3,0,0,0.0,0.0,0.0,0.0,0.0,0.0,0.0
372,25-26-prem-brighton-hove-albion-vs-liverpool,14,0,0,0,0.0,0.01,0,0,0,1,15,8,89.0,0.0,0,0,0.0,1,100.0,0,0,0,0,2,1,0,0,0,0,0.0,0,0.0,0,0,0,0,0.0,0.0,0,0,0,0.0,0,0,0,0,0.0,0.0,0.0,0,76,94,0,0,0,0.0,0.0,0.0,0.0,0.0,0.0,0.0
376,25-26-prem-brighton-hove-albion-vs-liverpool,0,0,0,0,0.0,0.0,0,0,0,0,0,0,0.0,0.0,0,0,0.0,0,0.0,0,0,0,0,0,0,0,0,0,0,0.0,0,0.0,0,0,0,0,0.0,0.0,0,0,0,0.0,0,0,0,0,0.0,0.0,0.0,0,0,94,2,0,0,0.0,0.0,0.0,0.0,0.0,0.0,0.0
67,25-26-prem-afc-bournemouth-vs-manchester-united,90,0,0,0,0.0,0.0,0,0,0,0,31,0,0.0,0.0,1,0,0.0,0,0.0,0,0,6,0,2,0,0,0,0,0,0.0,0,0.0,0,0,4,2,1.37,0.37,1,15,2,0.0,1,0,3,0,0.0,0.0,0.0,0,0,96,2,0,0,0.0,0.0,0.0,0.0,0.0,0.0,0.0
263,25-26-conference-league-crystal-palace-vs-aek-larnaca,0,0,0,0,0.0,0.0,0,0,0,0,0,0,0.0,0.0,0,0,0.0,0,0.0,0,0,0,0,0,0,0,0,0,0,0.0,0,0.0,0,0,0,0,0.0,0.0,0,0,0,0.0,0,0,0,0,0.0,0.0,0.0,0,0,124,1,0,0,0.0,0.0,0.0,0.0,0.0,0.0,0.0
270,25-26-conference-league-crystal-palace-vs-aek-larnaca,1,0,0,0,0.0,0.0,0,0,0,0,4,3,100.0,0.0,0,0,0.0,0,0.0,1,0,1,0,0,0,0,1,0,1,100.0,0,0.0,0,0,0,0,0.0,0.0,0,0,0,0.0,0,0,0,0,0.0,0.0,0.0,0,119,124,0,0,0,0.0,0.0,0.0,0.0,0.0,0.0,0.0
568,25-26-prem-tottenham-hotspur-vs-nottingham-forest,90,0,0,0,0.0,0.25,0,0,0,1,68,32,82.0,3.0,4,3,27.0,4,67.0,2,0,1,0,1,0,1,4,6,4,44.0,0,0.0,1,1,0,0,0.0,0.0,0,0,0,3.0,0,0,0,0,0.0,0.0,0.0,0,0,92,3,0,0,0.0,0.0,0.0,0.0,0.0,0.0,0.0
796,25-26-prem-tottenham-hotspur-vs-nottingham-forest,6,0,0,0,0.0,0.0,0,0,0,0,6,2,40.0,0.0,0,0,0.0,0,0.0,0,0,0,0,0,0,0,1,1,0,0.0,1,100.0,0,1,0,0,0.0,0.0,0,0,0,0.0,0,0,0,0,0.0,0.0,0.0,0,84,92,1,0,0,0.0,0.0,0.0,0.0,0.0,0.0,0.0
287,25-26-prem-everton-vs-chelsea,90,0,0,0,0.0,0.0,0,0,0,0,40,0,0.0,0.0,7,0,0.0,0,0.0,0,0,5,0,2,0,0,0,0,0,0.0,0,0.0,0,0,4,0,1.07,1.07,0,22,8,0.0,0,0,4,0,0.0,0.0,0.0,0,0,90,0,0,0,0.0,0.0,0.0,0.0,0.0,0.0,0.0
557,25-26-prem-newcastle-united-vs-sunderland,0,0,0,0,0.0,0.0,0,0,0,0,0,0,0.0,0.0,0,0,0.0,0,0.0,0,0,0,0,0,0,0,0,0,0,0.0,0,0.0,0,0,0,0,0.0,0.0,0,0,0,0.0,0,0,0,0,0.0,0.0,0.0,0,0,99,1,0,0,0.0,0.0,0.0,0.0,0.0,0.0,0.0
33,25-26-europa-league-lille-vs-aston-villa,0,0,0,0,0.0,0.0,0,0,0,0,0,0,0.0,0.0,0,0,0.0,0,0.0,0,0,0,0,0,0,0,0,0,0,0.0,0,0.0,0,0,0,0,0.0,0.0,0,0,0,0.0,0,0,0,0,0.0,0.0,0.0,0,0,90,0,0,0,0.0,0.0,0.0,0.0,0.0,0.0,0.0
37,25-26-europa-league-lille-vs-aston-villa,0,0,0,0,0.0,0.0,0,0,0,0,0,0,0.0,0.0,0,0,0.0,0,0.0,0,0,0,0,0,0,0,0,0,0,0.0,0,0.0,0,0,0,0,0.0,0.0,0,0,0,0.0,0,0,0,0,0.0,0.0,0.0,0,0,90,0,0,0,0.0,0.0,0.0,0.0,0.0,0.0,0.0
753,25-26-champions-league-newcastle-united-vs-barcelona,0,0,0,0,0.0,0.0,0,0,0,0,0,0,0.0,0.0,0,0,0.0,0,0.0,0,0,0,0,0,0,0,0,0,0,0.0,0,0.0,0,0,0,0,0.0,0.0,0,0,0,0.0,0,0,0,0,0.0,0.0,0.0,0,0,90,7,0,0,0.0,0.0,0.0,0.0,0.0,0.0,0.0
396,25-26-champions-league-galatasaray-vs-liverpool,1,0,0,0,0.0,0.0,0,0,0,0,6,6,100.0,0.0,1,0,0.0,1,100.0,0,0,0,0,0,0,0,0,0,0,0.0,0,0.0,0,0,0,0,0.0,0.0,0,0,0,0.0,0,0,0,0,0.0,0.0,0.0,0,89,90,0,0,0,0.0,0.0,0.0,0.0,0.0,0.0,0.0
135,25-26-champions-league-newcastle-united-vs-barcelona,0,0,0,0,0.0,0.0,0,0,0,0,0,0,0.0,0.0,0,0,0.0,0,0.0,0,0,0,0,0,0,0,0,0,0,0.0,0,0.0,0,0,0,0,0.0,0.0,0,0,0,0.0,0,0,0,0,0.0,0.0,0.0,0,0,90,7,0,0,0.0,0.0,0.0,0.0,0.0,0.0,0.0
502,25-26-europa-league-nottingham-forest-vs-fc-midtjylland,0,0,0,0,0.0,0.0,0,0,0,0,0,0,0.0,0.0,0,0,0.0,0,0.0,0,0,0,0,0,0,0,0,0,0,0.0,0,0.0,0,0,0,0,0.0,0.0,0,0,0,0.0,0,0,0,0,0.0,0.0,0.0,0,0,121,1,0,0,0.0,0.0,0.0,0.0,0.0,0.0,0.0
507,25-26-europa-league-nottingham-forest-vs-fc-midtjylland,45,0,0,0,0.16,0.21,1,0,0,2,31,13,81.0,1.0,3,0,0.0,1,100.0,1,1,0,0,2,1,0,2,3,2,67.0,0,0.0,1,1,0,0,0.0,0.0,0,0,0,0.0,0,0,0,0,0.0,0.0,0.2,0,75,121,0,0,0,0.0,0.0,0.0,0.0,0.0,0.0,0.0
574,25-26-champions-league-atletico-madrid-vs-tottenham-hotspur,24,0,0,0,0.0,0.01,0,0,0,0,18,13,100.0,0.0,1,0,0.0,0,0.0,1,0,0,0,0,0,0,1,3,1,25.0,0,0.0,0,2,0,0,0.0,0.0,0,0,0,0.0,0,0,0,0,0.0,0.0,0.0,0,66,92,1,0,0,0.0,0.0,0.0,0.0,0.0,0.0,0.0
575,25-26-champions-league-atletico-madrid-vs-tottenham-hotspur,90,0,0,0,0.05,0.0,0,0,0,2,50,36,90.0,0.0,3,0,0.0,2,50.0,1,2,3,0,3,3,1,4,2,2,50.0,2,100.0,0,1,0,0,0.0,0.0,0,0,0,0.0,0,0,0,0,0.0,0.0,0.0,0,0,92,2,0,0,0.0,0.0,0.0,0.0,0.0,0.0,0.0
593,25-26-champions-league-atletico-madrid-vs-tottenham-hotspur,90,0,0,0,0.1,0.02,0,0,0,1,68,45,88.0,0.0,9,0,0.0,0,0.0,1,3,8,2,2,2,2,2,3,2,40.0,0,0.0,1,0,0,0,0.0,0.0,0,0,0,0.0,0,0,0,0,0.0,0.0,0.0,0,0,92,2,0,0,0.0,0.0,0.0,0.0,0.0,0.0,0.0
469,25-26-champions-league-newcastle-united-vs-barcelona,0,0,0,0,0.0,0.0,0,0,0,0,0,0,0.0,0.0,0,0,0.0,0,0.0,0,0,0,0,0,0,0,0,0,0,0.0,0,0.0,0,0,0,0,0.0,0.0,0,0,0,0.0,0,0,0,0,0.0,0.0,0.0,0,0,90,7,0,0,0.0,0.0,0.0,0.0,0.0,0.0,0.0
24,25-26-champions-league-bayer-leverkusen-vs-arsenal,22,0,0,0,0.02,0.01,1,0,0,2,15,8,80.0,0.0,2,0,0.0,0,0.0,2,0,1,0,0,0,1,3,1,2,67.0,1,100.0,0,0,0,0,0.0,0.0,0,0,0,0.0,0,0,0,0,0.0,0.0,0.05,0,68,90,0,0,0,0.0,0.0,0.0,0.0,0.0,0.0,0.0
2,25-26-champions-league-bayer-leverkusen-vs-arsenal,0,0,0,0,0.0,0.0,0,0,0,0,0,0,0.0,0.0,0,0,0.0,0,0.0,0,0,0,0,0,0,0,0,0,0,0.0,0,0.0,0,0,0,0,0.0,0.0,0,0,0,0.0,0,0,0,0,0.0,0.0,0.0,0,0,90,0,0,0,0.0,0.0,0.0,0.0,0.0,0.0,0.0
717,25-26-champions-league-atletico-madrid-vs-tottenham-hotspur,90,2,0,0,0.95,0.11,2,0,0,3,77,41,89.0,5.0,5,0,0.0,3,75.0,2,1,9,1,1,0,0,9,5,8,62.0,1,100.0,2,1,0,0,0.0,0.0,0,0,0,3.0,0,0,0,0,0.0,0.0,1.22,0,0,92,2,1,0,0.0,0.0,0.0,0.0,0.0,0.0,0.0
376,25-26-champions-league-galatasaray-vs-liverpool,0,0,0,0,0.0,0.0,0,0,0,0,0,0,0.0,0.0,0,0,0.0,0,0.0,0,0,0,0,0,0,0,0,0,0,0.0,0,0.0,0,0,0,0,0.0,0.0,0,0,0,0.0,0,0,0,0,0.0,0.0,0.0,0,0,90,0,0,0,0.0,0.0,0.0,0.0,0.0,0.0,0.0
369,25-26-champions-league-galatasaray-vs-liverpool,0,0,0,0,0.0,0.0,0,0,0,0,0,0,0.0,0.0,0,0,0.0,0,0.0,0,0,0,0,0,0,0,0,0,0,0.0,0,0.0,0,0,0,0,0.0,0.0,0,0,0,0.0,0,0,0,0,0.0,0.0,0.0,0,0,90,0,0,0,0.0,0.0,0.0,0.0,0.0,0.0,0.0
414,25-26-champions-league-real-madrid-vs-manchester-city,0,0,0,0,0.0,0.0,0,0,0,0,0,0,0.0,0.0,0,0,0.0,0,0.0,0,0,0,0,0,0,0,0,0,0,0.0,0,0.0,0,0,0,0,0.0,0.0,0,0,0,0.0,0,0,0,0,0.0,0.0,0.0,0,0,93,2,0,0,0.0,0.0,0.0,0.0,0.0,0.0,0.0
413,25-26-champions-league-real-madrid-vs-manchester-city,34,0,0,0,0.0,0.0,0,0,0,1,10,6,100.0,0.0,1,0,0.0,0,0.0,0,0,1,0,0,0,1,3,1,3,75.0,0,0.0,3,0,0,0,0.0,0.0,0,0,0,0.0,0,0,0,0,0.0,0.0,0.0,0,57,93,1,0,0,0.0,0.0,0.0,0.0,0.0,0.0,0.0
544,25-26-prem-newcastle-united-vs-sunderland,85,0,0,0,0.24,0.02,1,0,0,2,26,12,80.0,0.0,3,0,0.0,0,0.0,3,0,2,0,0,0,0,5,2,5,71.0,0,0.0,2,1,0,0,0.0,0.0,0,0,0,1.0,0,0,0,0,0.0,0.0,0.0,0,0,85,1,0,0,0.0,0.0,0.0,0.0,0.0,0.0,0.0
572,25-26-champions-league-atletico-madrid-vs-tottenham-hotspur,66,0,0,0,0.16,0.09,1,0,0,2,40,18,69.0,1.0,4,0,0.0,0,0.0,0,1,2,0,0,0,0,1,3,0,0.0,1,50.0,0,1,0,0,0.0,0.0,0,0,0,0.0,0,0,0,0,0.0,0.0,0.22,0,0,66,1,0,0,0.0,0.0,0.0,0.0,0.0,0.0,0.0
669,25-26-prem-tottenham-hotspur-vs-nottingham-forest,10,0,0,0,0.0,0.0,0,0,0,0,6,1,100.0,0.0,0,0,0.0,0,0.0,0,0,1,0,0,0,0,3,1,3,75.0,0,0.0,3,1,0,0,0.0,0.0,0,0,0,0.0,0,0,0,0,0.0,0.0,0.0,0,80,92,0,0,0,0.0,0.0,0.0,0.0,0.0,0.0,0.0
272,25-26-conference-league-crystal-palace-vs-aek-larnaca,44,0,0,0,0.0,0.01,0,0,0,0,49,39,93.0,0.0,5,0,0.0,1,100.0,0,0,4,0,1,0,1,1,4,1,33.0,0,0.0,1,1,0,0,0.0,0.0,0,0,0,0.0,0,0,0,0,0.0,0.0,0.0,0,76,124,0,0,0,0.0,0.0,0.0,0.0,0.0,0.0,0.0
255,25-26-conference-league-crystal-palace-vs-aek-larnaca,0,0,0,0,0.0,0.0,0,0,0,0,0,0,0.0,0.0,0,0,0.0,0,0.0,0,0,0,0,0,0,0,0,0,0,0.0,0,0.0,0,0,0,0,0.0,0.0,0,0,0,0.0,0,0,0,0,0.0,0.0,0.0,0,0,124,1,0,0,0.0,0.0,0.0,0.0,0.0,0.0,0.0
271,25-26-conference-league-crystal-palace-vs-aek-larnaca,120,0,1,0,0.03,0.62,0,0,0,3,116,92,91.0,5.0,14,4,67.0,4,57.0,1,0,5,0,0,0,2,2,4,2,33.0,0,0.0,0,2,0,0,0.0,0.0,0,0,0,0.0,0,0,0,0,0.0,0.0,0.0,0,0,124,1,0,0,0.0,0.0,0.0,0.0,0.0,0.0,0.0
259,25-26-conference-league-crystal-palace-vs-aek-larnaca,0,0,0,0,0.0,0.0,0,0,0,0,0,0,0.0,0.0,0,0,0.0,0,0.0,0,0,0,0,0,0,0,0,0,0,0.0,0,0.0,0,0,0,0,0.0,0.0,0,0,0,0.0,0,0,0,0,0.0,0.0,0.0,0,0,124,1,0,0,0.0,0.0,0.0,0.0,0.0,0.0,0.0
719,25-26-europa-league-lille-vs-aston-villa,90,0,0,0,0.0,0.01,0,0,0,0,63,59,97.0,0.0,2,0,0.0,2,50.0,0,0,2,0,1,0,0,1,0,0,0.0,1,100.0,0,0,0,0,0.0,0.0,0,0,0,0.0,0,0,0,0,0.0,0.0,0.0,0,0,90,0,0,0,0.0,0.0,0.0,0.0,0.0,0.0,0.0
54,25-26-europa-league-lille-vs-aston-villa,74,1,0,0,0.53,0.1,1,0,0,2,37,22,96.0,1.0,4,1,33.0,1,100.0,0,0,2,0,1,1,1,2,4,2,33.0,0,0.0,1,1,0,0,0.0,0.0,0,0,0,1.0,0,0,0,0,0.0,0.0,0.85,0,0,74,0,0,0,0.0,0.0,0.0,0.0,0.0,0.0,0.0
505,25-26-europa-league-nottingham-forest-vs-fc-midtjylland,61,0,1,0,0.0,0.35,0,0,0,2,36,16,73.0,2.0,5,0,0.0,3,50.0,2,2,1,0,3,0,0,9,2,6,86.0,3,75.0,4,1,0,0,0.0,0.0,0,0,0,0.0,0,0,0,0,0.0,0.0,0.0,0,0,61,0,0,0,0.0,0.0,0.0,0.0,0.0,0.0,0.0
40,25-26-europa-league-lille-vs-aston-villa,0,0,0,0,0.0,0.0,0,0,0,0,0,0,0.0,0.0,0,0,0.0,0,0.0,0,0,0,0,0,0,0,0,0,0,0.0,0,0.0,0,0,0,0,0.0,0.0,0,0,0,0.0,0,0,0,0,0.0,0.0,0.0,0,0,90,0,0,0,0.0,0.0,0.0,0.0,0.0,0.0,0.0
64,25-26-europa-league-lille-vs-aston-villa,34,0,1,0,0.12,0.18,0,0,0,5,19,3,30.0,1.0,1,0,0.0,0,0.0,1,0,3,0,0,0,0,6,4,3,75.0,3,50.0,1,2,0,0,0.0,0.0,0,0,0,1.0,0,0,0,0,0.0,0.0,0.0,0,56,90,0,0,0,0.0,0.0,0.0,0.0,0.0,0.0,0.0
489,25-26-champions-league-newcastle-united-vs-barcelona,26,0,0,0,0.0,0.03,0,0,0,0,8,3,100.0,1.0,0,1,100.0,0,0.0,1,0,1,0,0,0,0,1,2,1,50.0,0,0.0,0,1,0,0,0.0,0.0,0,0,0,0.0,0,0,0,0,0.0,0.0,0.0,0,64,90,1,0,0,0.0,0.0,0.0,0.0,0.0,0.0,0.0
166,25-26-prem-brighton-hove-albion-vs-liverpool,7,0,0,0,0.07,0.05,0,0,0,5,8,1,50.0,1.0,0,0,0.0,0,0.0,0,0,0,0,0,0,0,1,0,1,100.0,0,0.0,0,0,0,0,0.0,0.0,0,0,0,0.0,0,0,0,0,0.0,0.0,0.0,0,83,94,0,0,0,0.0,0.0,0.0,0.0,0.0,0.0,0.0
490,25-26-champions-league-newcastle-united-vs-barcelona,64,0,0,0,0.0,0.01,0,0,0,0,32,16,76.0,0.0,3,0,0.0,0,0.0,3,2,5,0,0,0,0,6,6,4,50.0,2,50.0,1,3,0,0,0.0,0.0,0,0,0,0.0,0,0,0,0,0.0,0.0,0.0,0,0,64,6,0,0,0.0,0.0,0.0,0.0,0.0,0.0,0.0
584,25-26-champions-league-atletico-madrid-vs-tottenham-hotspur,81,0,1,0,0.52,0.19,5,0,0,5,56,14,74.0,1.0,1,3,25.0,0,0.0,1,0,3,0,0,0,1,7,13,5,29.0,2,67.0,0,0,0,0,0.0,0.0,0,0,0,4.0,0,0,0,0,0.0,0.0,0.92,0,0,81,2,0,0,0.0,0.0,0.0,0.0,0.0,0.0,0.0
591,25-26-champions-league-atletico-madrid-vs-tottenham-hotspur,81,0,1,0,0.0,0.04,0,0,0,2,57,38,88.0,2.0,5,1,100.0,2,67.0,0,1,9,1,1,1,2,2,6,2,29.0,0,0.0,0,1,0,0,0.0,0.0,0,0,0,1.0,0,0,0,0,0.0,0.0,0.0,0,0,81,2,0,0,0.0,0.0,0.0,0.0,0.0,0.0,0.0
31,25-26-champions-league-bayer-leverkusen-vs-arsenal,0,0,0,0,0.0,0.0,0,0,0,0,0,0,0.0,0.0,0,0,0.0,0,0.0,0,0,0,0,0,0,0,0,0,0,0.0,0,0.0,0,0,0,0,0.0,0.0,0,0,0,0.0,0,0,0,0,0.0,0.0,0.0,0,0,90,0,0,0,0.0,0.0,0.0,0.0,0.0,0.0,0.0
21,25-26-champions-league-bayer-leverkusen-vs-arsenal,90,1,0,0,0.08,0.05,2,0,0,1,70,44,85.0,2.0,6,2,50.0,4,100.0,2,3,3,1,2,1,1,4,2,2,67.0,2,67.0,0,0,0,0,0.0,0.0,0,0,0,0.0,0,0,0,0,0.0,0.0,0.47,0,0,90,0,0,0,0.0,0.0,0.0,0.0,0.0,0.0,0.0
82,25-26-champions-league-real-madrid-vs-manchester-city,33,0,0,0,0.04,0.06,0,0,0,3,19,12,100.0,0.0,1,0,0.0,0,0.0,1,0,0,0,0,0,1,2,2,2,50.0,0,0.0,1,1,0,0,0.0,0.0,0,0,0,0.0,0,0,0,0,0.0,0.0,0.0,0,57,93,1,0,0,0.0,0.0,0.0,0.0,0.0,0.0,0.0
402,25-26-champions-league-real-madrid-vs-manchester-city,90,0,0,0,0.04,0.09,1,0,0,1,62,42,95.0,1.0,4,1,100.0,0,0.0,4,0,3,0,0,0,0,6,3,6,75.0,0,0.0,0,0,0,0,0.0,0.0,0,0,0,0.0,0,0,0,0,0.0,0.0,0.03,0,0,93,2,0,0,0.0,0.0,0.0,0.0,0.0,0.0,0.0
374,25-26-champions-league-galatasaray-vs-liverpool,90,0,0,0,0.15,0.04,0,0,0,1,66,44,85.0,0.0,13,0,0.0,5,56.0,0,0,5,1,5,3,0,4,3,2,40.0,2,100.0,2,2,0,0,0.0,0.0,0,0,0,1.0,0,0,0,0,0.0,0.0,0.0,0,0,90,0,0,0,0.0,0.0,0.0,0.0,0.0,0.0,0.0
386,25-26-champions-league-galatasaray-vs-liverpool,90,0,1,0,0.45,0.12,2,0,0,3,80,53,84.0,4.0,14,0,0.0,3,75.0,2,1,4,0,0,0,0,7,5,4,44.0,3,100.0,0,3,0,0,0.0,0.0,0,0,0,2.0,0,0,0,0,0.0,0.0,0.47,0,0,90,0,0,0,0.0,0.0,0.0,0.0,0.0,0.0,0.0
746,25-26-champions-league-galatasaray-vs-liverpool,0,0,0,0,0.0,0.0,0,0,0,0,0,0,0.0,0.0,0,0,0.0,0,0.0,0,0,0,0,0,0,0,0,0,0,0.0,0,0.0,0,0,0,0,0.0,0.0,0,0,0,0.0,0,0,0,0,0.0,0.0,0.0,0,0,90,0,0,0,0.0,0.0,0.0,0.0,0.0,0.0,0.0
38,25-26-europa-league-lille-vs-aston-villa,0,0,0,0,0.0,0.0,0,0,0,0,0,0,0.0,0.0,0,0,0.0,0,0.0,0,0,0,0,0,0,0,0,0,0,0.0,0,0.0,0,0,0,0,0.0,0.0,0,0,0,0.0,0,0,0,0,0.0,0.0,0.0,0,0,90,0,0,0,0.0,0.0,0.0,0.0,0.0,0.0,0.0
36,25-26-europa-league-lille-vs-aston-villa,16,0,0,0,0.0,0.0,0,0,0,0,7,4,100.0,0.0,1,0,0.0,1,100.0,0,0,0,0,0,0,1,1,2,0,0.0,1,100.0,0,1,0,0,0.0,0.0,0,0,0,0.0,0,0,0,0,0.0,0.0,0.0,0,74,90,0,0,0,0.0,0.0,0.0,0.0,0.0,0.0,0.0
182,25-26-champions-league-real-madrid-vs-manchester-city,0,0,0,0,0.0,0.0,0,0,0,0,0,0,0.0,0.0,0,0,0.0,0,0.0,0,0,0,0,0,0,0,0,0,0,0.0,0,0.0,0,0,0,0,0.0,0.0,0,0,0,0.0,0,0,0,0,0.0,0.0,0.0,0,0,93,2,0,0,0.0,0.0,0.0,0.0,0.0,0.0,0.0
423,25-26-champions-league-real-madrid-vs-manchester-city,16,0,0,0,0.0,0.01,0,0,0,0,12,12,100.0,0.0,0,0,0.0,1,100.0,0,0,1,0,0,0,1,0,1,0,0.0,0,0.0,0,0,0,0,0.0,0.0,0,0,0,0.0,0,0,0,0,0.0,0.0,0.0,0,74,93,1,0,0,0.0,0.0,0.0,0.0,0.0,0.0,0.0
119,25-26-prem-afc-bournemouth-vs-manchester-united,71,0,0,0,0.02,0.01,0,0,0,3,39,13,59.0,1.0,2,0,0.0,0,0.0,2,0,0,0,4,3,0,5,4,3,75.0,2,40.0,1,0,0,0,0.0,0.0,0,0,0,1.0,0,0,0,0,0.0,0.0,0.0,0,0,71,1,0,0,0.0,0.0,0.0,0.0,0.0,0.0,0.0
241,25-26-champions-league-paris-saint-germain-vs-chelsea,90,0,0,0,0.08,0.04,0,0,0,1,68,48,87.0,1.0,6,0,0.0,0,0.0,3,1,7,0,0,0,0,8,3,7,70.0,1,100.0,1,3,0,0,0.0,0.0,0,0,0,0.0,0,0,0,0,0.0,0.0,0.0,0,0,90,3,0,0,0.0,0.0,0.0,0.0,0.0,0.0,0.0
237,25-26-champions-league-paris-saint-germain-vs-chelsea,60,0,0,0,0.04,0.14,0,0,0,2,46,31,86.0,1.0,1,0,0.0,0,0.0,2,0,1,0,0,0,1,2,6,2,33.0,0,0.0,0,1,0,0,0.0,0.0,0,0,0,2.0,0,0,0,0,0.0,0.0,0.0,0,0,59,2,0,0,0.0,0.0,0.0,0.0,0.0,0.0,0.0
476,25-26-champions-league-newcastle-united-vs-barcelona,90,0,0,0,0.05,0.01,1,0,0,3,36,17,77.0,0.0,3,0,0.0,2,40.0,0,0,1,1,6,2,1,4,6,0,0.0,4,67.0,0,2,0,0,0.0,0.0,0,0,0,1.0,0,0,0,0,0.0,0.0,0.05,0,0,90,7,0,0,0.0,0.0,0.0,0.0,0.0,0.0,0.0
478,25-26-champions-league-newcastle-united-vs-barcelona,45,0,0,0,0.0,0.11,0,0,0,1,30,17,71.0,0.0,6,0,0.0,1,50.0,0,1,3,0,0,0,2,0,4,0,0.0,0,0.0,0,1,0,0,0.0,0.0,0,0,0,0.0,0,0,0,0,0.0,0.0,0.0,0,0,46,2,0,0,0.0,0.0,0.0,0.0,0.0,0.0,0.0
385,25-26-champions-league-galatasaray-vs-liverpool,1,0,0,0,0.04,0.01,0,0,0,2,6,2,67.0,0.0,0,0,0.0,0,0.0,0,0,1,0,0,0,0,1,1,1,50.0,0,0.0,0,0,0,0,0.0,0.0,0,0,0,0.0,0,0,0,0,0.0,0.0,0.0,0,89,90,0,0,0,0.0,0.0,0.0,0.0,0.0,0.0,0.0
384,25-26-champions-league-galatasaray-vs-liverpool,16,0,0,0,0.0,0.01,0,0,0,1,4,3,100.0,0.0,0,0,0.0,0,0.0,0,0,0,0,0,0,0,0,0,0,0.0,0,0.0,0,0,0,0,0.0,0.0,0,0,0,0.0,0,0,0,0,0.0,0.0,0.0,0,74,90,0,0,0,0.0,0.0,0.0,0.0,0.0,0.0,0.0
527,25-26-prem-tottenham-hotspur-vs-nottingham-forest,19,1,0,0,0.52,0.0,1,0,0,3,6,0,0.0,0.0,0,0,0.0,0,0.0,0,0,0,0,1,1,0,1,5,0,0.0,1,20.0,0,1,0,0,0.0,0.0,0,0,0,0.0,0,0,0,0,0.0,0.0,0.83,0,71,92,0,0,0,0.0,0.0,0.0,0.0,0.0,0.0,0.0
597,25-26-prem-tottenham-hotspur-vs-nottingham-forest,67,0,0,0,0.1,0.0,0,0,0,4,22,5,50.0,0.0,1,0,0.0,0,0.0,0,0,2,0,0,0,0,3,6,2,40.0,1,25.0,2,1,0,0,0.0,0.0,0,0,0,1.0,0,0,0,0,0.0,0.0,0.0,0,0,67,2,0,0,0.0,0.0,0.0,0.0,0.0,0.0,0.0
366,25-26-champions-league-galatasaray-vs-liverpool,90,0,0,0,0.0,0.0,0,0,0,0,34,0,0.0,0.0,3,0,0.0,0,0.0,0,0,7,0,1,0,0,1,0,0,0.0,1,100.0,0,0,1,0,0.02,0.02,0,16,6,0.0,0,0,1,0,0.0,0.0,0.0,0,0,90,0,0,0,0.0,0.0,0.0,0.0,0.0,0.0,0.0
371,25-26-champions-league-galatasaray-vs-liverpool,90,0,0,0,0.0,0.07,0,0,0,3,60,30,94.0,1.0,4,1,50.0,1,100.0,2,3,4,0,1,1,1,6,9,5,42.0,1,33.0,2,2,0,0,0.0,0.0,0,0,0,2.0,0,0,0,0,0.0,0.0,0.0,0,0,90,0,0,0,0.0,0.0,0.0,0.0,0.0,0.0,0.0
478,25-26-prem-newcastle-united-vs-sunderland,65,0,0,0,0.0,0.11,0,0,0,0,49,28,85.0,2.0,6,2,25.0,1,25.0,0,0,2,0,1,1,0,2,1,2,67.0,0,0.0,1,1,0,0,0.0,0.0,0,0,0,0.0,0,0,0,0,0.0,0.0,0.0,0,0,65,1,0,0,0.0,0.0,0.0,0.0,0.0,0.0,0.0
387,25-26-prem-brighton-hove-albion-vs-liverpool,90,0,0,0,0.1,0.18,0,0,0,1,89,41,77.0,2.0,8,4,36.0,5,45.0,1,3,8,0,6,2,1,6,3,5,62.0,1,100.0,3,2,0,0,0.0,0.0,0,0,0,0.0,0,0,0,0,0.0,0.0,0.0,0,0,94,2,0,0,0.0,0.0,0.0,0.0,0.0,0.0,0.0
415,25-26-champions-league-real-madrid-vs-manchester-city,0,0,0,0,0.0,0.0,0,0,0,0,0,0,0.0,0.0,0,0,0.0,0,0.0,0,0,0,0,0,0,0,0,0,0,0.0,0,0.0,0,0,0,0,0.0,0.0,0,0,0,0.0,0,0,0,0,0.0,0.0,0.0,0,0,93,2,0,0,0.0,0.0,0.0,0.0,0.0,0.0,0.0
785,25-26-prem-aston-villa-vs-west-ham-united,90,0,0,0,0.21,0.01,0,0,0,2,27,10,91.0,1.0,0,0,0.0,0,0.0,2,2,4,0,1,0,1,5,7,4,50.0,1,25.0,1,1,0,0,0.0,0.0,0,0,0,2.0,0,0,0,0,0.0,0.0,0.0,0,0,90,2,0,0,0.0,0.0,0.0,0.0,0.0,0.0,0.0
475,25-26-prem-newcastle-united-vs-sunderland,54,0,0,0,0.14,0.08,0,0,0,3,38,24,92.0,1.0,0,0,0.0,4,67.0,2,0,0,0,3,3,0,7,1,5,100.0,2,67.0,3,0,0,0,0.0,0.0,0,0,0,0.0,0,0,0,0,0.0,0.0,0.0,0,0,54,0,0,0,0.0,0.0,0.0,0.0,0.0,0.0,0.0
714,25-26-prem-newcastle-united-vs-sunderland,65,0,1,0,0.14,0.05,0,0,0,1,26,14,70.0,2.0,6,0,0.0,0,0.0,1,0,2,0,2,1,0,2,5,2,50.0,0,0.0,1,1,0,0,0.0,0.0,0,0,0,0.0,0,0,0,0,0.0,0.0,0.0,0,0,65,1,0,0,0.0,0.0,0.0,0.0,0.0,0.0,0.0
477,25-26-prem-newcastle-united-vs-sunderland,25,0,0,0,0.01,0.05,0,0,0,0,24,9,82.0,0.0,1,1,33.0,0,0.0,1,0,2,0,1,1,1,3,1,3,75.0,0,0.0,2,0,0,0,0.0,0.0,0,0,0,0.0,0,0,0,0,0.0,0.0,0.0,0,65,99,1,0,0,0.0,0.0,0.0,0.0,0.0,0.0,0.0
378,25-26-champions-league-galatasaray-vs-liverpool,0,0,0,0,0.0,0.0,0,0,0,0,0,0,0.0,0.0,0,0,0.0,0,0.0,0,0,0,0,0,0,0,0,0,0,0.0,0,0.0,0,0,0,0,0.0,0.0,0,0,0,0.0,0,0,0,0,0.0,0.0,0.0,0,0,90,0,0,0,0.0,0.0,0.0,0.0,0.0,0.0,0.0
494,25-26-champions-league-newcastle-united-vs-barcelona,35,0,0,0,0.0,0.12,0,0,0,0,15,9,90.0,1.0,0,0,0.0,1,100.0,1,0,3,0,0,0,1,1,3,1,25.0,0,0.0,0,2,0,0,0.0,0.0,0,0,0,0.0,0,0,0,0,0.0,0.0,0.0,0,55,90,3,0,0,0.0,0.0,0.0,0.0,0.0,0.0,0.0
736,25-26-champions-league-real-madrid-vs-manchester-city,90,0,0,0,0.0,0.0,0,0,0,0,30,0,0.0,0.0,1,0,0.0,0,0.0,0,0,5,0,1,0,0,0,0,0,0.0,0,0.0,0,0,4,2,2.48,0.48,0,17,1,0.0,0,0,2,0,0.0,0.0,0.0,0,0,93,2,0,0,0.0,0.0,0.0,0.0,0.0,0.0,0.0
367,25-26-champions-league-galatasaray-vs-liverpool,0,0,0,0,0.0,0.0,0,0,0,0,0,0,0.0,0.0,0,0,0.0,0,0.0,0,0,0,0,0,0,0,0,0,0,0.0,0,0.0,0,0,0,0,0.0,0.0,0,0,0,0.0,0,0,0,0,0.0,0.0,0.0,0,0,90,0,0,0,0.0,0.0,0.0,0.0,0.0,0.0,0.0
49,25-26-europa-league-lille-vs-aston-villa,6,1,0,0,0.71,0.2,1,0,0,2,7,2,67.0,0.0,0,0,0.0,0,0.0,0,0,0,0,0,0,0,1,1,1,50.0,0,0.0,0,0,0,0,0.0,0.0,0,0,0,1.0,0,0,0,0,0.0,0.0,0.99,0,84,90,0,0,0,0.0,0.0,0.0,0.0,0.0,0.0,0.0
260,25-26-champions-league-real-madrid-vs-manchester-city,45,0,0,0,0.07,0.02,0,0,0,0,30,27,100.0,0.0,4,0,0.0,2,100.0,0,1,4,0,0,0,0,1,0,1,100.0,0,0.0,1,0,0,0,0.0,0.0,0,0,0,0.0,0,0,0,0,0.0,0.0,0.0,0,46,93,1,0,0,0.0,0.0,0.0,0.0,0.0,0.0,0.0
388,25-26-champions-league-galatasaray-vs-liverpool,23,0,0,0,0.0,0.0,0,0,0,0,25,19,100.0,0.0,0,0,0.0,1,100.0,0,0,3,0,1,1,0,1,0,1,100.0,0,0.0,0,0,0,0,0.0,0.0,0,0,0,0.0,0,0,0,0,0.0,0.0,0.0,0,67,90,0,0,0,0.0,0.0,0.0,0.0,0.0,0.0,0.0
734,25-26-prem-tottenham-hotspur-vs-nottingham-forest,0,0,0,0,0.0,0.0,0,0,0,0,0,0,0.0,0.0,0,0,0.0,0,0.0,0,0,0,0,0,0,0,0,0,0,0.0,0,0.0,0,0,0,0,0.0,0.0,0,0,0,0.0,0,0,0,0,0.0,0.0,0.0,0,0,92,0,0,0,0.0,0.0,0.0,0.0,0.0,0.0,0.0
220,25-26-champions-league-paris-saint-germain-vs-chelsea,90,0,0,0,0.0,0.03,0,0,0,0,37,0,0.0,1.0,11,0,0.0,0,0.0,0,0,6,0,1,0,0,0,0,0,0.0,0,0.0,0,0,2,3,1.71,-1.29,0,15,10,0.0,0,0,2,0,0.0,0.0,0.0,0,0,90,3,0,0,0.0,0.0,0.0,0.0,0.0,0.0,0.0
427,25-26-champions-league-real-madrid-vs-manchester-city,45,0,0,0,0.09,0.1,0,0,0,4,46,31,97.0,1.0,5,1,25.0,2,100.0,1,0,0,0,1,1,0,2,3,1,25.0,1,100.0,0,1,0,0,0.0,0.0,0,0,0,1.0,0,0,0,0,0.0,0.0,0.0,0,0,46,1,0,0,0.0,0.0,0.0,0.0,0.0,0.0,0.0
418,25-26-champions-league-real-madrid-vs-manchester-city,90,0,0,0,0.07,0.57,0,0,0,12,61,21,75.0,5.0,1,1,20.0,0,0.0,1,0,4,0,0,0,0,8,11,8,42.0,0,0.0,0,0,0,0,0.0,0.0,0,0,0,4.0,0,0,0,0,0.0,0.0,0.0,0,0,93,2,0,0,0.0,0.0,0.0,0.0,0.0,0.0,0.0
407,25-26-champions-league-real-madrid-vs-manchester-city,57,0,0,0,0.0,0.01,0,0,0,1,39,30,97.0,0.0,3,0,0.0,0,0.0,0,0,4,0,0,0,2,2,4,2,33.0,0,0.0,1,1,0,0,0.0,0.0,0,0,0,1.0,0,0,0,0,0.0,0.0,0.0,0,0,57,1,0,0,0.0,0.0,0.0,0.0,0.0,0.0,0.0
417,25-26-champions-league-real-madrid-vs-manchester-city,90,0,0,0,0.24,0.15,1,0,0,11,92,63,88.0,0.0,6,0,0.0,1,50.0,1,0,3,0,0,0,0,4,1,4,80.0,0,0.0,1,1,0,0,0.0,0.0,0,0,0,0.0,0,0,0,0,0.0,0.0,0.08,0,0,93,2,0,0,0.0,0.0,0.0,0.0,0.0,0.0,0.0
20,25-26-champions-league-bayer-leverkusen-vs-arsenal,69,0,1,0,0.35,0.03,3,0,0,6,45,22,88.0,2.0,2,0,0.0,0,0.0,2,0,6,0,0,0,1,3,6,3,33.0,0,0.0,0,0,0,0,0.0,0.0,0,0,0,1.0,0,0,0,0,0.0,0.0,0.69,0,0,69,0,0,0,0.0,0.0,0.0,0.0,0.0,0.0,0.0
387,25-26-champions-league-galatasaray-vs-liverpool,90,1,0,0,0.35,0.29,2,0,0,5,93,56,80.0,2.0,13,2,67.0,4,40.0,3,0,8,0,0,0,4,7,4,5,56.0,2,100.0,2,0,0,0,0.0,0.0,0,0,0,0.0,0,0,0,0,0.0,0.0,0.84,0,0,90,0,0,0,0.0,0.0,0.0,0.0,0.0,0.0,0.0
