player_id,match_id,minutes_played,goals,assists,total_shots,xg,xa,shots_on_target,successful_dribbles,big_chances_missed,touches_opposition_box,touches,accurate_passes,accurate_passes_percent,chances_created,final_third_passes,accurate_crosses,accurate_crosses_percent,accurate_long_balls,accurate_long_balls_percent,tackles_won,interceptions,recoveries,blocks,clearances,headed_clearances,dribbled_past,duels_won,duels_lost,ground_duels_won,ground_duels_won_percent,aerial_duels_won,aerial_duels_won_percent,was_fouled,fouls_committed,saves,goals_conceded,xgot_faced,goals_prevented,sweeper_actions,gk_accurate_passes,gk_accurate_long_balls,dispossessed,high_claim,corners,saves_inside_box,offsides,successful_dribbles_percent,tackles_won_percent,xgot,tackles,start_min,finish_min,team_goals_conceded,penalties_scored,penalties_missed,top_speed,distance_covered,walking_distance,running_distance,sprinting_distance,number_of_sprints,defensive_contributions
271,25-26-prem-crystal-palace-vs-newcastle-united,14,0,0,0,0.0,0.01,0,0,0,1,10,4,57.0,0.0,2,0,0.0,0,0.0,0,0,2,0,0,0,0,0,0,0,0.0,0,0.0,0,0,0,0,0.0,0.0,0,0,0,0.0,0,0,0,0,0.0,0.0,0.0,0,76,96,0,0,0,0.0,0.0,0.0,0.0,0.0,0.0,0.0
437,25-26-prem-manchester-united-vs-leeds-united,56,0,0,0,0.0,0.06,0,0,0,0,60,49,91.0,0.0,8,0,0.0,3,75.0,1,1,4,2,1,1,0,2,2,1,50.0,1,50.0,0,1,0,0,0.0,0.0,0,0,0,0.0,0,0,0,0,0.0,0.0,0.0,0,0,90,2,0,0,0.0,0.0,0.0,0.0,0.0,0.0,0.0
494,25-26-prem-crystal-palace-vs-newcastle-united,0,0,0,0,0.0,0.0,0,0,0,0,0,0,0.0,0.0,0,0,0.0,0,0.0,0,0,0,0,0,0,0,0,0,0,0.0,0,0.0,0,0,0,0,0.0,0.0,0,0,0,0.0,0,0,0,0,0.0,0.0,0.0,0,0,96,2,0,0,0.0,0.0,0.0,0.0,0.0,0.0,0.0
473,25-26-prem-crystal-palace-vs-newcastle-united,90,0,0,0,0.04,0.07,1,0,0,2,89,54,86.0,1.0,7,1,50.0,3,50.0,0,1,6,1,2,1,0,3,4,2,40.0,1,50.0,2,0,0,0,0.0,0.0,0,0,0,1.0,0,0,0,0,0.0,0.0,0.05,0,0,96,2,0,0,0.0,0.0,0.0,0.0,0.0,0.0,0.0
500,25-26-prem-crystal-palace-vs-newcastle-united,84,1,0,0,0.94,0.01,2,0,0,2,29,7,78.0,0.0,0,0,0.0,0,0.0,1,0,2,0,0,0,0,5,9,5,42.0,0,0.0,4,3,0,0,0.0,0.0,0,0,0,5.0,0,0,0,0,0.0,0.0,1.17,0,0,84,1,0,0,0.0,0.0,0.0,0.0,0.0,0.0,0.0
273,25-26-prem-crystal-palace-vs-newcastle-united,26,0,0,0,0.0,0.01,0,0,0,0,12,6,75.0,0.0,2,0,0.0,1,100.0,0,0,1,0,3,2,1,0,2,0,0.0,0,0.0,0,0,0,0,0.0,0.0,0,0,0,0.0,0,0,0,0,0.0,0.0,0.0,0,64,96,0,0,0,0.0,0.0,0.0,0.0,0.0,0.0,0.0
497,25-26-prem-crystal-palace-vs-newcastle-united,90,0,1,0,0.0,0.01,0,0,0,0,53,38,86.0,1.0,4,0,0.0,0,0.0,1,0,3,0,0,0,1,5,1,2,67.0,3,100.0,0,0,0,0,0.0,0.0,0,0,0,0.0,0,0,0,0,0.0,0.0,0.0,0,0,96,2,0,0,0.0,0.0,0.0,0.0,0.0,0.0,0.0
276,25-26-prem-crystal-palace-vs-newcastle-united,0,0,0,0,0.0,0.0,0,0,0,0,0,0,0.0,0.0,0,0,0.0,0,0.0,0,0,0,0,0,0,0,0,0,0,0.0,0,0.0,0,0,0,0,0.0,0.0,0,0,0,0.0,0,0,0,0,0.0,0.0,0.0,0,0,96,1,0,0,0.0,0.0,0.0,0.0,0.0,0.0,0.0
723,25-26-prem-crystal-palace-vs-newcastle-united,90,0,0,0,0.37,0.05,0,0,0,1,80,49,86.0,0.0,14,0,0.0,7,54.0,2,1,5,2,7,4,0,5,4,2,67.0,3,50.0,0,0,0,0,0.0,0.0,0,0,0,1.0,0,0,0,0,0.0,0.0,0.0,0,0,96,1,0,0,0.0,0.0,0.0,0.0,0.0,0.0,0.0
329,25-26-prem-liverpool-vs-fulham,80,0,0,0,0.04,0.2,0,0,0,3,27,9,82.0,2.0,1,4,57.0,1,100.0,0,1,1,1,2,0,3,2,4,1,20.0,1,100.0,1,0,0,0,0.0,0.0,0,0,0,0.0,0,0,0,0,0.0,0.0,0.0,0,0,80,2,0,0,0.0,0.0,0.0,0.0,0.0,0.0,0.0
246,25-26-prem-chelsea-vs-manchester-city,67,0,0,0,0.05,0.02,0,0,0,1,43,29,85.0,1.0,2,0,0.0,1,33.0,1,1,2,2,1,0,1,2,2,2,50.0,0,0.0,1,1,0,0,0.0,0.0,0,0,0,0.0,0,0,0,0,0.0,0.0,0.0,0,0,67,2,0,0,0.0,0.0,0.0,0.0,0.0,0.0,0.0
328,25-26-prem-liverpool-vs-fulham,21,0,0,0,0.0,0.0,0,0,0,1,16,6,67.0,0.0,2,0,0.0,0,0.0,1,0,1,1,0,0,0,1,1,1,100.0,0,0.0,0,0,0,0,0.0,0.0,0,0,0,0.0,0,0,0,0,0.0,0.0,0.0,0,69,90,0,0,0,0.0,0.0,0.0,0.0,0.0,0.0,0.0
385,25-26-prem-liverpool-vs-fulham,0,0,0,0,0.0,0.0,0,0,0,0,0,0,0.0,0.0,0,0,0.0,0,0.0,0,0,0,0,0,0,0,0,0,0,0.0,0,0.0,0,0,0,0,0.0,0.0,0,0,0,0.0,0,0,0,0,0.0,0.0,0.0,0,0,90,0,0,0,0.0,0.0,0.0,0.0,0.0,0.0,0.0
387,25-26-prem-liverpool-vs-fulham,90,0,0,0,0.02,0.05,0,0,0,2,89,62,93.0,2.0,4,0,0.0,10,91.0,2,4,5,0,4,3,0,5,3,4,67.0,1,50.0,0,1,0,0,0.0,0.0,0,0,0,0.0,0,0,0,0,0.0,0.0,0.0,0,0,90,0,0,0,0.0,0.0,0.0,0.0,0.0,0.0,0.0
318,25-26-prem-liverpool-vs-fulham,90,0,0,0,0.0,0.0,0,0,0,1,61,41,98.0,0.0,4,0,0.0,0,0.0,5,2,1,0,6,2,0,7,1,7,88.0,0,0.0,1,1,0,0,0.0,0.0,0,0,0,0.0,0,0,0,0,0.0,0.0,0.0,0,0,90,2,0,0,0.0,0.0,0.0,0.0,0.0,0.0,0.0
325,25-26-prem-liverpool-vs-fulham,45,0,0,0,0.22,0.01,0,0,0,6,33,16,84.0,0.0,0,0,0.0,0,0.0,2,1,0,0,1,0,1,3,4,3,43.0,0,0.0,0,0,0,0,0.0,0.0,0,0,0,3.0,0,0,0,0,0.0,0.0,0.0,0,46,90,0,0,0,0.0,0.0,0.0,0.0,0.0,0.0,0.0
424,25-26-prem-liverpool-vs-fulham,45,0,0,0,0.09,0.04,1,0,0,3,22,8,67.0,1.0,1,1,100.0,0,0.0,1,0,1,0,0,0,0,3,2,3,100.0,0,0.0,1,0,0,0,0.0,0.0,0,0,0,0.0,0,0,0,0,0.0,0.0,0.13,0,0,46,2,0,0,0.0,0.0,0.0,0.0,0.0,0.0,0.0
338,25-26-prem-liverpool-vs-fulham,80,0,0,0,0.27,0.06,0,0,0,6,26,7,54.0,2.0,2,0,0.0,0,0.0,0,0,3,0,1,1,1,7,5,0,0.0,7,88.0,1,1,0,0,0.0,0.0,0,0,0,1.0,0,0,0,0,0.0,0.0,0.0,0,0,80,2,0,0,0.0,0.0,0.0,0.0,0.0,0.0,0.0
382,25-26-prem-liverpool-vs-fulham,68,0,1,0,0.3,0.24,0,0,0,6,55,45,96.0,3.0,3,0,0.0,1,100.0,0,0,5,1,1,1,0,1,3,0,0.0,1,100.0,0,1,0,0,0.0,0.0,0,0,0,2.0,0,0,0,0,0.0,0.0,0.0,0,0,68,0,0,0,0.0,0.0,0.0,0.0,0.0,0.0,0.0
335,25-26-prem-liverpool-vs-fulham,45,0,0,0,0.0,0.01,0,0,0,1,17,7,64.0,0.0,0,0,0.0,1,100.0,0,1,2,0,1,1,0,1,1,1,50.0,0,0.0,1,0,0,0,0.0,0.0,0,0,0,0.0,0,0,0,0,0.0,0.0,0.0,0,0,46,2,0,0,0.0,0.0,0.0,0.0,0.0,0.0,0.0
396,25-26-prem-liverpool-vs-fulham,1,0,0,0,0.0,0.0,0,0,0,0,2,1,100.0,0.0,0,0,0.0,0,0.0,0,0,0,0,0,0,0,0,0,0,0.0,0,0.0,0,0,0,0,0.0,0.0,0,0,0,0.0,0,0,0,0,0.0,0.0,0.0,0,90,90,0,0,0,0.0,0.0,0.0,0.0,0.0,0.0,0.0
59,25-26-europa-league-aston-villa-vs-bologna,80,0,0,0,0.0,0.01,0,0,0,1,41,26,76.0,0.0,3,0,0.0,0,0.0,3,0,6,2,1,1,0,6,1,4,100.0,2,67.0,1,1,0,0,0.0,0.0,0,0,0,0.0,0,0,0,0,0.0,0.0,0.0,0,0,80,0,0,0,0.0,0.0,0.0,0.0,0.0,0.0,0.0
431,25-26-prem-manchester-united-vs-leeds-united,0,0,0,0,0.0,0.0,0,0,0,0,0,0,0.0,0.0,0,0,0.0,0,0.0,0,0,0,0,0,0,0,0,0,0,0.0,0,0.0,0,0,0,0,0.0,0.0,0,0,0,0.0,0,0,0,0,0.0,0.0,0.0,0,0,90,2,0,0,0.0,0.0,0.0,0.0,0.0,0.0,0.0
698,25-26-prem-manchester-united-vs-leeds-united,74,2,0,0,0.16,0.04,2,0,0,3,33,16,80.0,0.0,2,0,0.0,1,100.0,0,0,0,1,2,1,0,1,5,1,17.0,0,0.0,0,2,0,0,0.0,0.0,0,0,0,1.0,0,0,0,0,0.0,0.0,0.8,0,0,74,1,0,0,0.0,0.0,0.0,0.0,0.0,0.0,0.0
345,25-26-prem-manchester-united-vs-leeds-united,0,0,0,0,0.0,0.0,0,0,0,0,0,0,0.0,0.0,0,0,0.0,0,0.0,0,0,0,0,0,0,0,0,0,0,0.0,0,0.0,0,0,0,0,0.0,0.0,0,0,0,0.0,0,0,0,0,0.0,0.0,0.0,0,0,90,1,0,0,0.0,0.0,0.0,0.0,0.0,0.0,0.0
119,25-26-prem-manchester-united-vs-leeds-united,20,0,0,0,0.07,0.19,0,0,0,4,15,7,100.0,1.0,0,1,50.0,1,100.0,0,0,1,0,0,0,1,0,4,0,0.0,0,0.0,0,1,0,0,0.0,0.0,0,0,0,1.0,0,0,0,0,0.0,0.0,0.0,0,70,90,0,0,0,0.0,0.0,0.0,0.0,0.0,0.0,0.0
466,25-26-prem-manchester-united-vs-leeds-united,0,0,0,0,0.0,0.0,0,0,0,0,0,0,0.0,0.0,0,0,0.0,0,0.0,0,0,0,0,0,0,0,0,0,0,0.0,0,0.0,0,0,0,0,0.0,0.0,0,0,0,0.0,0,0,0,0,0.0,0.0,0.0,0,0,90,2,0,0,0.0,0.0,0.0,0.0,0.0,0.0,0.0
350,25-26-prem-manchester-united-vs-leeds-united,86,0,1,0,0.1,0.03,0,0,0,2,45,28,88.0,2.0,3,0,0.0,1,100.0,1,0,5,0,1,0,3,5,11,3,27.0,2,40.0,1,1,0,0,0.0,0.0,0,0,0,4.0,0,0,0,0,0.0,0.0,0.0,0,0,86,1,0,0,0.0,0.0,0.0,0.0,0.0,0.0,0.0
168,25-26-prem-manchester-united-vs-leeds-united,0,0,0,0,0.0,0.0,0,0,0,0,0,0,0.0,0.0,0,0,0.0,0,0.0,0,0,0,0,0,0,0,0,0,0,0.0,0,0.0,0,0,0,0,0.0,0.0,0,0,0,0.0,0,0,0,0,0.0,0.0,0.0,0,0,90,1,0,0,0.0,0.0,0.0,0.0,0.0,0.0,0.0
566,25-26-prem-sunderland-vs-tottenham-hotspur,0,0,0,0,0.0,0.0,0,0,0,0,0,0,0.0,0.0,0,0,0.0,0,0.0,0,0,0,0,0,0,0,0,0,0,0.0,0,0.0,0,0,0,0,0.0,0.0,0,0,0,0.0,0,0,0,0,0.0,0.0,0.0,0,0,98,1,0,0,0.0,0.0,0.0,0.0,0.0,0.0,0.0
724,25-26-prem-sunderland-vs-tottenham-hotspur,0,0,0,0,0.0,0.0,0,0,0,0,0,0,0.0,0.0,0,0,0.0,0,0.0,0,0,0,0,0,0,0,0,0,0,0.0,0,0.0,0,0,0,0,0.0,0.0,0,0,0,0.0,0,0,0,0,0.0,0.0,0.0,0,0,98,0,0,0,0.0,0.0,0.0,0.0,0.0,0.0,0.0
574,25-26-prem-sunderland-vs-tottenham-hotspur,90,0,0,0,0.0,0.04,0,0,0,1,54,25,76.0,1.0,3,1,20.0,0,0.0,1,1,4,0,3,1,0,4,1,3,75.0,1,100.0,2,1,0,0,0.0,0.0,0,0,0,0.0,0,0,0,0,0.0,0.0,0.0,0,0,98,1,0,0,0.0,0.0,0.0,0.0,0.0,0.0,0.0
532,25-26-prem-sunderland-vs-tottenham-hotspur,8,0,0,0,0.0,0.12,0,0,0,0,6,2,100.0,1.0,3,1,100.0,0,0.0,2,0,0,0,0,0,0,2,1,2,67.0,0,0.0,0,1,0,0,0.0,0.0,0,0,0,0.0,0,0,0,0,0.0,0.0,0.0,0,82,98,0,0,0,0.0,0.0,0.0,0.0,0.0,0.0,0.0
575,25-26-prem-sunderland-vs-tottenham-hotspur,90,0,0,0,0.0,0.0,0,0,0,0,71,57,98.0,0.0,1,0,0.0,2,67.0,0,0,3,2,5,3,0,2,1,2,67.0,0,0.0,2,1,0,0,0.0,0.0,0,0,0,0.0,0,0,0,0,0.0,0.0,0.0,0,0,98,1,0,0,0.0,0.0,0.0,0.0,0.0,0.0,0.0
593,25-26-prem-sunderland-vs-tottenham-hotspur,29,0,0,0,0.0,0.01,0,0,0,0,22,15,88.0,0.0,1,0,0.0,0,0.0,0,0,2,0,0,0,1,2,1,1,50.0,1,100.0,0,0,0,0,0.0,0.0,0,0,0,0.0,0,0,0,0,0.0,0.0,0.0,0,62,98,0,0,0,0.0,0.0,0.0,0.0,0.0,0.0,0.0
535,25-26-prem-sunderland-vs-tottenham-hotspur,0,0,0,0,0.0,0.0,0,0,0,0,0,0,0.0,0.0,0,0,0.0,0,0.0,0,0,0,0,0,0,0,0,0,0,0.0,0,0.0,0,0,0,0,0.0,0.0,0,0,0,0.0,0,0,0,0,0.0,0.0,0.0,0,0,98,0,0,0,0.0,0.0,0.0,0.0,0.0,0.0,0.0
670,25-26-prem-sunderland-vs-tottenham-hotspur,90,0,0,0,0.0,0.0,0,0,0,0,43,0,0.0,0.0,9,0,0.0,0,0.0,0,0,13,0,0,0,0,0,0,0,0.0,0,0.0,0,0,7,0,1.82,1.82,0,17,8,0.0,0,0,6,0,0.0,0.0,0.0,0,0,98,0,0,0,0.0,0.0,0.0,0.0,0.0,0.0,0.0
717,25-26-prem-sunderland-vs-tottenham-hotspur,5,0,0,0,0.0,0.01,0,0,0,1,9,7,100.0,0.0,1,0,0.0,0,0.0,0,0,0,0,0,0,0,1,0,1,100.0,0,0.0,1,0,0,0,0.0,0.0,0,0,0,0.0,0,0,0,0,0.0,0.0,0.0,0,85,98,0,0,0,0.0,0.0,0.0,0.0,0.0,0.0,0.0
572,25-26-prem-sunderland-vs-tottenham-hotspur,0,0,0,0,0.0,0.0,0,0,0,0,0,0,0.0,0.0,0,0,0.0,0,0.0,0,0,0,0,0,0,0,0,0,0,0.0,0,0.0,0,0,0,0,0.0,0.0,0,0,0,0.0,0,0,0,0,0.0,0.0,0.0,0,0,98,1,0,0,0.0,0.0,0.0,0.0,0.0,0.0,0.0
584,25-26-prem-sunderland-vs-tottenham-hotspur,29,0,0,0,0.0,0.08,0,0,0,2,24,7,88.0,1.0,0,1,33.0,0,0.0,0,0,1,0,0,0,0,1,5,1,17.0,0,0.0,1,0,0,0,0.0,0.0,0,0,0,4.0,0,0,0,0,0.0,0.0,0.0,0,62,98,0,0,0,0.0,0.0,0.0,0.0,0.0,0.0,0.0
591,25-26-prem-sunderland-vs-tottenham-hotspur,61,0,0,0,0.0,0.0,0,0,0,0,23,18,90.0,0.0,2,0,0.0,0,0.0,0,3,2,0,0,0,0,0,0,0,0.0,0,0.0,0,0,0,0,0.0,0.0,0,0,0,0.0,0,0,0,0,0.0,0.0,0.0,0,0,62,1,0,0,0.0,0.0,0.0,0.0,0.0,0.0,0.0
552,25-26-prem-sunderland-vs-tottenham-hotspur,90,0,0,0,0.16,0.04,0,0,0,4,54,30,77.0,2.0,1,0,0.0,1,33.0,3,2,4,0,2,0,2,5,3,5,62.0,0,0.0,0,1,0,0,0.0,0.0,0,0,0,0.0,0,0,0,0,0.0,0.0,0.0,0,0,98,0,0,0,0.0,0.0,0.0,0.0,0.0,0.0,0.0
557,25-26-prem-sunderland-vs-tottenham-hotspur,0,0,0,0,0.0,0.0,0,0,0,0,0,0,0.0,0.0,0,0,0.0,0,0.0,0,0,0,0,0,0,0,0,0,0,0.0,0,0.0,0,0,0,0,0.0,0.0,0,0,0,0.0,0,0,0,0,0.0,0.0,0.0,0,0,98,0,0,0,0.0,0.0,0.0,0.0,0.0,0.0,0.0
553,25-26-prem-sunderland-vs-tottenham-hotspur,8,0,0,0,0.0,0.0,0,0,0,0,7,3,100.0,0.0,0,0,0.0,0,0.0,1,0,1,0,1,0,0,1,0,1,100.0,0,0.0,0,0,0,0,0.0,0.0,0,0,0,0.0,0,0,0,0,0.0,0.0,0.0,0,82,98,0,0,0,0.0,0.0,0.0,0.0,0.0,0.0,0.0
586,25-26-prem-sunderland-vs-tottenham-hotspur,61,0,0,0,0.0,0.03,0,0,0,1,19,7,70.0,0.0,0,0,0.0,0,0.0,0,0,2,0,1,0,3,0,12,0,0.0,0,0.0,0,4,0,0,0.0,0.0,0,0,0,2.0,0,0,0,0,0.0,0.0,0.0,0,0,62,1,0,0,0.0,0.0,0.0,0.0,0.0,0.0,0.0
561,25-26-prem-sunderland-vs-tottenham-hotspur,0,0,0,0,0.0,0.0,0,0,0,0,0,0,0.0,0.0,0,0,0.0,0,0.0,0,0,0,0,0,0,0,0,0,0,0.0,0,0.0,0,0,0,0,0.0,0.0,0,0,0,0.0,0,0,0,0,0.0,0.0,0.0,0,0,98,0,0,0,0.0,0.0,0.0,0.0,0.0,0.0,0.0
190,25-26-prem-burnley-vs-brighton-hove-albion,90,0,0,0,0.0,0.01,0,0,0,0,59,38,86.0,0.0,4,0,0.0,3,43.0,1,1,2,2,4,1,0,4,3,2,50.0,2,67.0,1,0,0,0,0.0,0.0,0,0,0,1.0,0,0,0,0,0.0,0.0,0.0,0,0,90,2,0,0,0.0,0.0,0.0,0.0,0.0,0.0,0.0
173,25-26-prem-burnley-vs-brighton-hove-albion,90,2,0,0,0.25,0.0,2,0,0,1,55,21,75.0,0.0,5,0,0.0,3,60.0,6,0,4,1,3,2,3,9,5,8,62.0,1,100.0,0,0,0,0,0.0,0.0,0,0,0,2.0,0,0,0,0,0.0,0.0,1.27,0,0,90,0,0,0,0.0,0.0,0.0,0.0,0.0,0.0,0.0
151,25-26-prem-burnley-vs-brighton-hove-albion,90,0,0,0,0.0,0.11,0,0,0,0,71,52,85.0,1.0,11,1,50.0,2,29.0,2,2,3,0,2,1,0,5,4,4,80.0,1,25.0,2,1,0,0,0.0,0.0,0,0,0,0.0,0,0,0,0,0.0,0.0,0.0,0,0,90,0,0,0,0.0,0.0,0.0,0.0,0.0,0.0,0.0
680,25-26-prem-burnley-vs-brighton-hove-albion,8,0,0,0,0.0,0.0,0,0,0,0,10,4,67.0,0.0,1,0,0.0,0,0.0,0,0,0,0,0,0,0,1,2,1,33.0,0,0.0,0,0,0,0,0.0,0.0,0,0,0,0.0,0,0,0,0,0.0,0.0,0.0,0,82,90,1,0,0,0.0,0.0,0.0,0.0,0.0,0.0,0.0
139,25-26-prem-burnley-vs-brighton-hove-albion,90,0,0,0,0.0,0.0,0,0,0,0,52,0,0.0,0.0,4,0,0.0,0,0.0,0,0,7,0,0,0,0,0,0,0,0.0,0,0.0,0,0,4,0,1.09,1.09,0,41,5,0.0,1,0,4,0,0.0,0.0,0.0,0,0,90,0,0,0,0.0,0.0,0.0,0.0,0.0,0.0,0.0
145,25-26-prem-burnley-vs-brighton-hove-albion,0,0,0,0,0.0,0.0,0,0,0,0,0,0,0.0,0.0,0,0,0.0,0,0.0,0,0,0,0,0,0,0,0,0,0,0.0,0,0.0,0,0,0,0,0.0,0.0,0,0,0,0.0,0,0,0,0,0.0,0.0,0.0,0,0,90,0,0,0,0.0,0.0,0.0,0.0,0.0,0.0,0.0
166,25-26-prem-burnley-vs-brighton-hove-albion,90,0,1,0,0.0,0.02,0,0,0,3,61,36,78.0,2.0,7,0,0.0,1,33.0,4,0,9,1,3,1,0,8,3,8,80.0,0,0.0,1,1,0,0,0.0,0.0,0,0,0,0.0,0,0,0,0,0.0,0.0,0.0,0,0,90,0,0,0,0.0,0.0,0.0,0.0,0.0,0.0,0.0
200,25-26-prem-burnley-vs-brighton-hove-albion,90,0,0,0,0.34,0.03,1,0,0,2,70,34,85.0,1.0,1,0,0.0,0,0.0,2,0,2,0,0,0,0,6,10,6,38.0,0,0.0,1,0,0,0,0.0,0.0,0,0,0,4.0,0,0,0,0,0.0,0.0,0.46,0,0,90,2,0,0,0.0,0.0,0.0,0.0,0.0,0.0,0.0
195,25-26-prem-burnley-vs-brighton-hove-albion,8,0,0,0,0.0,0.0,0,0,0,0,8,4,100.0,0.0,0,0,0.0,0,0.0,0,1,1,0,1,0,0,0,1,0,0.0,0,0.0,0,0,0,0,0.0,0.0,0,0,0,1.0,0,0,0,0,0.0,0.0,0.0,0,82,90,1,0,0,0.0,0.0,0.0,0.0,0.0,0.0,0.0
183,25-26-prem-burnley-vs-brighton-hove-albion,0,0,0,0,0.0,0.0,0,0,0,0,0,0,0.0,0.0,0,0,0.0,0,0.0,0,0,0,0,0,0,0,0,0,0,0.0,0,0.0,0,0,0,0,0.0,0.0,0,0,0,0.0,0,0,0,0,0.0,0.0,0.0,0,0,90,2,0,0,0.0,0.0,0.0,0.0,0.0,0.0,0.0
181,25-26-prem-burnley-vs-brighton-hove-albion,0,0,0,0,0.0,0.0,0,0,0,0,0,0,0.0,0.0,0,0,0.0,0,0.0,0,0,0,0,0,0,0,0,0,0,0.0,0,0.0,0,0,0,0,0.0,0.0,0,0,0,0.0,0,0,0,0,0.0,0.0,0.0,0,0,90,0,0,0,0.0,0.0,0.0,0.0,0.0,0.0,0.0
697,25-26-prem-arsenal-vs-afc-bournemouth,0,0,0,0,0.0,0.0,0,0,0,0,0,0,0.0,0.0,0,0,0.0,0,0.0,0,0,0,0,0,0,0,0,0,0,0.0,0,0.0,0,0,0,0,0.0,0.0,0,0,0,0.0,0,0,0,0,0.0,0.0,0.0,0,0,96,1,0,0,0.0,0.0,0.0,0.0,0.0,0.0,0.0
708,25-26-prem-west-ham-united-vs-wolverhampton-wanderers,85,0,0,0,0.0,0.22,0,0,0,0,53,42,89.0,3.0,7,0,0.0,7,100.0,1,0,3,0,0,0,0,1,4,1,20.0,0,0.0,0,3,0,0,0.0,0.0,0,0,0,0.0,0,0,0,0,0.0,0.0,0.0,0,0,85,0,0,0,0.0,0.0,0.0,0.0,0.0,0.0,0.0
700,25-26-prem-arsenal-vs-afc-bournemouth,36,0,0,0,0.0,0.1,0,0,0,5,17,6,75.0,1.0,0,1,20.0,0,0.0,0,0,0,0,0,0,0,1,3,1,33.0,0,0.0,1,1,0,0,0.0,0.0,0,0,0,0.0,0,0,0,0,0.0,0.0,0.0,0,54,96,1,0,0,0.0,0.0,0.0,0.0,0.0,0.0,0.0
718,25-26-prem-west-ham-united-vs-wolverhampton-wanderers,5,0,0,0,0.0,0.0,0,0,0,0,7,6,100.0,0.0,0,0,0.0,1,100.0,0,0,2,0,0,0,1,0,1,0,0.0,0,0.0,0,0,0,0,0.0,0.0,0,0,0,0.0,0,0,0,0,0.0,0.0,0.0,0,85,90,0,0,0,0.0,0.0,0.0,0.0,0.0,0.0,0.0
759,25-26-prem-arsenal-vs-afc-bournemouth,0,0,0,0,0.0,0.0,0,0,0,0,0,0,0.0,0.0,0,0,0.0,0,0.0,0,0,0,0,0,0,0,0,0,0,0.0,0,0.0,0,0,0,0,0.0,0.0,0,0,0,0.0,0,0,0,0,0.0,0.0,0.0,0,0,96,2,0,0,0.0,0.0,0.0,0.0,0.0,0.0,0.0
311,25-26-prem-brentford-vs-everton,74,1,0,0,0.57,0.01,1,0,0,3,29,11,73.0,1.0,2,0,0.0,0,0.0,0,0,0,0,2,2,0,2,7,0,0.0,2,67.0,0,1,0,0,0.0,0.0,0,0,0,4.0,0,0,0,0,0.0,0.0,0.99,0,0,74,1,0,0,0.0,0.0,0.0,0.0,0.0,0.0,0.0
603,25-26-prem-west-ham-united-vs-wolverhampton-wanderers,90,0,0,0,0.03,0.05,0,0,0,0,78,36,78.0,2.0,11,2,50.0,3,27.0,1,0,8,0,3,2,0,2,4,2,40.0,0,0.0,1,0,0,0,0.0,0.0,0,0,0,2.0,0,0,0,0,0.0,0.0,0.0,0,0,90,0,0,0,0.0,0.0,0.0,0.0,0.0,0.0,0.0
651,25-26-prem-west-ham-united-vs-wolverhampton-wanderers,5,0,0,0,0.06,0.0,0,0,0,2,8,3,75.0,0.0,0,0,0.0,0,0.0,0,0,1,0,0,0,0,1,1,1,50.0,0,0.0,0,0,0,0,0.0,0.0,0,0,0,1.0,0,0,0,0,0.0,0.0,0.0,0,85,90,0,0,0,0.0,0.0,0.0,0.0,0.0,0.0,0.0
129,25-26-prem-brentford-vs-everton,90,0,0,0,0.0,0.02,0,0,0,0,86,62,87.0,0.0,9,0,0.0,1,17.0,3,0,8,0,2,1,0,6,2,4,80.0,2,67.0,1,0,0,0,0.0,0.0,0,0,0,1.0,0,0,0,0,0.0,0.0,0.0,0,0,91,2,0,0,0.0,0.0,0.0,0.0,0.0,0.0,0.0
304,25-26-prem-brentford-vs-everton,16,0,0,0,0.0,0.0,0,0,0,0,10,3,50.0,0.0,1,0,0.0,0,0.0,2,0,0,0,0,0,0,2,0,2,100.0,0,0.0,0,0,0,0,0.0,0.0,0,0,0,0.0,0,0,0,0,0.0,0.0,0.0,0,74,91,1,0,0,0.0,0.0,0.0,0.0,0.0,0.0,0.0
47,25-26-prem-nottingham-forest-vs-aston-villa,78,0,0,0,0.18,0.03,0,0,0,4,52,30,86.0,1.0,3,0,0.0,0,0.0,2,1,7,0,1,1,2,4,8,3,27.0,1,100.0,1,1,0,0,0.0,0.0,0,0,0,2.0,0,0,0,0,0.0,0.0,0.0,0,0,78,1,0,0,0.0,0.0,0.0,0.0,0.0,0.0,0.0
39,25-26-prem-nottingham-forest-vs-aston-villa,12,0,0,0,0.15,0.0,1,0,0,2,11,4,80.0,0.0,0,0,0.0,0,0.0,0,0,0,0,0,0,0,2,1,2,67.0,0,0.0,1,1,0,0,0.0,0.0,0,0,0,0.0,0,0,0,0,0.0,0.0,0.19,0,78,91,0,0,0,0.0,0.0,0.0,0.0,0.0,0.0,0.0
669,25-26-prem-nottingham-forest-vs-aston-villa,1,0,0,0,0.0,0.0,0,0,0,0,2,0,0.0,0.0,1,0,0.0,0,0.0,0,0,0,0,1,0,0,0,0,0,0.0,0,0.0,0,0,0,0,0.0,0.0,0,0,0,0.0,0,0,0,0,0.0,0.0,0.0,0,89,91,0,0,0,0.0,0.0,0.0,0.0,0.0,0.0,0.0
511,25-26-prem-nottingham-forest-vs-aston-villa,0,0,0,0,0.0,0.0,0,0,0,0,0,0,0.0,0.0,0,0,0.0,0,0.0,0,0,0,0,0,0,0,0,0,0,0.0,0,0.0,0,0,0,0,0.0,0.0,0,0,0,0.0,0,0,0,0,0.0,0.0,0.0,0,0,91,1,0,0,0.0,0.0,0.0,0.0,0.0,0.0,0.0
508,25-26-prem-nottingham-forest-vs-aston-villa,90,1,0,0,0.12,0.29,3,0,0,4,52,19,79.0,2.0,3,2,22.0,1,50.0,3,1,2,0,2,1,2,6,4,4,50.0,2,100.0,1,1,0,0,0.0,0.0,0,0,0,0.0,0,0,0,0,0.0,0.0,0.44,0,0,91,1,0,0,0.0,0.0,0.0,0.0,0.0,0.0,0.0
734,25-26-prem-nottingham-forest-vs-aston-villa,0,0,0,0,0.0,0.0,0,0,0,0,0,0,0.0,0.0,0,0,0.0,0,0.0,0,0,0,0,0,0,0,0,0,0,0.0,0,0.0,0,0,0,0,0.0,0.0,0,0,0,0.0,0,0,0,0,0.0,0.0,0.0,0,0,91,1,0,0,0.0,0.0,0.0,0.0,0.0,0.0,0.0
259,25-26-prem-crystal-palace-vs-newcastle-united,1,0,0,0,0.0,0.0,0,0,0,0,5,2,100.0,0.0,2,0,0.0,1,100.0,0,0,0,0,0,0,0,0,0,0,0.0,0,0.0,0,0,0,0,0.0,0.0,0,0,0,0.0,0,0,0,0,0.0,0.0,0.0,0,96,96,0,0,0,0.0,0.0,0.0,0.0,0.0,0.0,0.0
135,25-26-prem-crystal-palace-vs-newcastle-united,1,0,0,0,0.0,0.0,0,0,0,0,0,0,0.0,0.0,0,0,0.0,0,0.0,0,0,0,0,0,0,0,0,0,0,0.0,0,0.0,0,0,0,0,0.0,0.0,0,0,0,0.0,0,0,0,0,0.0,0.0,0.0,0,95,96,0,0,0,0.0,0.0,0.0,0.0,0.0,0.0,0.0
283,25-26-prem-crystal-palace-vs-newcastle-united,25,2,0,0,1.08,0.0,2,0,0,2,17,1,50.0,1.0,0,0,0.0,0,0.0,1,1,2,0,1,1,0,5,2,4,100.0,1,33.0,3,0,0,0,0.0,0.0,0,0,0,0.0,0,0,0,0,0.0,0.0,1.89,0,65,96,0,1,0,0.0,0.0,0.0,0.0,0.0,0.0,0.0
253,25-26-prem-crystal-palace-vs-newcastle-united,90,0,0,0,0.0,0.0,0,0,0,0,36,0,0.0,0.0,6,0,0.0,0,0.0,0,0,12,0,2,0,0,0,0,0,0.0,0,0.0,0,0,2,1,1.23,0.23,1,14,1,0.0,0,0,1,0,0.0,0.0,0.0,0,0,96,1,0,0,0.0,0.0,0.0,0.0,0.0,0.0,0.0
674,25-26-prem-crystal-palace-vs-newcastle-united,90,0,0,0,0.0,0.0,0,0,0,0,49,0,0.0,0.0,8,0,0.0,0,0.0,0,0,11,0,0,0,0,1,1,0,0.0,1,50.0,0,0,3,2,3.22,1.22,2,29,3,0.0,1,0,2,0,0.0,0.0,0.0,0,0,96,2,0,0,0.0,0.0,0.0,0.0,0.0,0.0,0.0
487,25-26-prem-crystal-palace-vs-newcastle-united,19,0,0,0,0.0,0.01,0,0,0,1,16,8,67.0,0.0,1,0,0.0,1,100.0,0,0,0,0,0,0,0,1,1,1,50.0,0,0.0,1,0,0,0,0.0,0.0,0,0,0,1.0,0,0,0,0,0.0,0.0,0.0,0,71,96,2,0,0,0.0,0.0,0.0,0.0,0.0,0.0,0.0
654,25-26-prem-crystal-palace-vs-newcastle-united,65,0,0,0,0.02,0.02,0,0,0,1,21,10,77.0,0.0,0,0,0.0,0,0.0,1,0,3,0,1,0,2,4,8,1,20.0,3,43.0,0,1,0,0,0.0,0.0,0,0,0,0.0,0,0,0,0,0.0,0.0,0.0,0,0,65,1,0,0,0.0,0.0,0.0,0.0,0.0,0.0,0.0
491,25-26-prem-crystal-palace-vs-newcastle-united,89,0,0,0,0.0,0.05,0,0,0,0,86,51,74.0,1.0,15,0,0.0,3,38.0,0,1,6,0,1,0,0,3,3,3,60.0,0,0.0,3,1,0,0,0.0,0.0,0,0,0,0.0,0,0,0,0,0.0,0.0,0.0,0,0,95,2,0,0,0.0,0.0,0.0,0.0,0.0,0.0,0.0
485,25-26-prem-crystal-palace-vs-newcastle-united,71,0,0,0,0.04,0.03,0,0,0,3,38,19,73.0,0.0,4,0,0.0,0,0.0,0,0,2,0,0,0,0,3,4,3,43.0,0,0.0,3,0,0,0,0.0,0.0,0,0,0,1.0,0,0,0,0,0.0,0.0,0.0,0,0,71,0,0,0,0.0,0.0,0.0,0.0,0.0,0.0,0.0
52,25-26-prem-crystal-palace-vs-newcastle-united,6,0,0,0,0.0,0.01,0,0,0,0,13,8,100.0,0.0,3,0,0.0,0,0.0,0,0,1,0,0,0,0,3,0,3,100.0,0,0.0,0,0,0,0,0.0,0.0,0,0,0,0.0,0,0,0,0,0.0,0.0,0.0,0,84,96,1,0,0,0.0,0.0,0.0,0.0,0.0,0.0,0.0
712,25-26-prem-crystal-palace-vs-newcastle-united,76,0,0,0,0.15,0.67,1,0,0,2,61,36,97.0,2.0,2,2,50.0,4,100.0,2,1,8,0,0,0,1,3,5,3,38.0,0,0.0,1,1,0,0,0.0,0.0,0,0,0,2.0,0,0,0,0,0.0,0.0,0.71,0,0,76,1,0,0,0.0,0.0,0.0,0.0,0.0,0.0,0.0
486,25-26-prem-crystal-palace-vs-newcastle-united,1,0,0,0,0.0,0.0,0,0,0,0,1,0,0.0,0.0,0,0,0.0,0,0.0,0,0,0,0,0,0,0,0,0,0,0.0,0,0.0,0,0,0,0,0.0,0.0,0,0,0,0.0,0,0,0,0,0.0,0.0,0.0,0,95,96,0,0,0,0.0,0.0,0.0,0.0,0.0,0.0,0.0
477,25-26-prem-crystal-palace-vs-newcastle-united,90,0,0,0,0.0,0.03,0,0,0,0,84,48,86.0,0.0,7,0,0.0,2,50.0,0,0,7,0,2,1,0,6,2,5,71.0,1,100.0,2,0,0,0,0.0,0.0,0,0,0,1.0,0,0,0,0,0.0,0.0,0.0,0,0,96,2,0,0,0.0,0.0,0.0,0.0,0.0,0.0,0.0
258,25-26-prem-crystal-palace-vs-newcastle-united,89,0,1,0,0.0,0.55,0,0,0,1,62,27,79.0,2.0,3,1,50.0,1,17.0,4,0,6,0,3,1,1,6,5,5,56.0,1,50.0,1,4,0,0,0.0,0.0,0,0,0,0.0,0,0,0,0,0.0,0.0,0.0,0,0,96,1,0,0,0.0,0.0,0.0,0.0,0.0,0.0,0.0
684,25-26-prem-crystal-palace-vs-newcastle-united,90,0,0,0,0.0,0.02,0,0,0,1,73,54,87.0,0.0,4,0,0.0,3,60.0,3,2,1,0,5,1,0,7,6,4,67.0,3,43.0,0,2,0,0,0.0,0.0,0,0,0,0.0,0,0,0,0,0.0,0.0,0.0,0,0,96,2,0,0,0.0,0.0,0.0,0.0,0.0,0.0,0.0
736,25-26-prem-chelsea-vs-manchester-city,90,0,0,0,0.0,0.0,0,0,0,0,35,0,0.0,0.0,0,0,0.0,0,0.0,0,0,8,0,2,0,0,1,0,0,0.0,1,100.0,0,0,3,0,1.14,1.14,1,24,2,0.0,1,0,2,0,0.0,0.0,0.0,0,0,98,0,0,0,0.0,0.0,0.0,0.0,0.0,0.0,0.0
262,25-26-prem-crystal-palace-vs-newcastle-united,0,0,0,0,0.0,0.0,0,0,0,0,0,0,0.0,0.0,0,0,0.0,0,0.0,0,0,0,0,0,0,0,0,0,0,0.0,0,0.0,0,0,0,0,0.0,0.0,0,0,0,0.0,0,0,0,0,0.0,0.0,0.0,0,0,96,1,0,0,0.0,0.0,0.0,0.0,0.0,0.0,0.0
421,25-26-prem-chelsea-vs-manchester-city,90,0,0,0,0.0,0.04,0,0,0,1,111,95,93.0,0.0,7,0,0.0,2,100.0,2,0,4,1,1,0,2,2,5,2,29.0,0,0.0,0,3,0,0,0.0,0.0,0,0,0,0.0,0,0,0,0,0.0,0.0,0.0,0,0,98,0,0,0,0.0,0.0,0.0,0.0,0.0,0.0,0.0
232,25-26-prem-chelsea-vs-manchester-city,0,0,0,0,0.0,0.0,0,0,0,0,0,0,0.0,0.0,0,0,0.0,0,0.0,0,0,0,0,0,0,0,0,0,0,0.0,0,0.0,0,0,0,0,0.0,0.0,0,0,0,0.0,0,0,0,0,0.0,0.0,0.0,0,0,98,3,0,0,0.0,0.0,0.0,0.0,0.0,0.0,0.0
430,25-26-prem-chelsea-vs-manchester-city,90,0,0,0,0.58,0.0,1,0,0,6,24,5,50.0,0.0,0,0,0.0,0,0.0,2,1,3,0,0,0,0,4,5,2,40.0,2,50.0,0,1,0,0,0.0,0.0,0,0,0,2.0,0,0,0,0,0.0,0.0,0.28,0,0,98,0,0,0,0.0,0.0,0.0,0.0,0.0,0.0,0.0
220,25-26-prem-chelsea-vs-manchester-city,90,0,0,0,0.0,0.0,0,0,0,0,48,0,0.0,0.0,11,0,0.0,0,0.0,0,0,11,0,0,0,0,0,0,0,0.0,0,0.0,0,0,5,3,3.5,0.5,0,20,1,0.0,0,0,4,0,0.0,0.0,0.0,0,0,98,3,0,0,0.0,0.0,0.0,0.0,0.0,0.0,0.0
411,25-26-prem-chelsea-vs-manchester-city,64,1,0,0,0.43,0.33,1,0,0,4,61,41,93.0,2.0,3,0,0.0,1,100.0,4,0,1,0,1,1,0,6,3,4,57.0,2,100.0,0,2,0,0,0.0,0.0,0,0,0,0.0,0,0,0,0,0.0,0.0,0.82,0,0,64,0,0,0,0.0,0.0,0.0,0.0,0.0,0.0,0.0
406,25-26-prem-chelsea-vs-manchester-city,90,0,0,0,0.03,0.03,0,0,0,0,83,72,94.0,2.0,9,0,0.0,6,75.0,0,1,3,2,1,0,0,0,3,0,0.0,0,0.0,0,3,0,0,0.0,0.0,0,0,0,0.0,0,0,0,0,0.0,0.0,0.0,0,0,98,0,0,0,0.0,0.0,0.0,0.0,0.0,0.0,0.0
317,25-26-prem-liverpool-vs-fulham,90,0,0,0,0.06,0.22,1,0,0,3,78,56,82.0,0.0,13,0,0.0,5,42.0,0,1,4,1,4,0,0,4,0,1,100.0,3,100.0,1,0,0,0,0.0,0.0,0,0,0,0.0,0,0,0,0,0.0,0.0,0.07,0,0,90,2,0,0,0.0,0.0,0.0,0.0,0.0,0.0,0.0
376,25-26-prem-liverpool-vs-fulham,21,0,0,0,0.0,0.0,0,0,0,0,17,5,50.0,0.0,2,0,0.0,0,0.0,3,0,2,0,0,0,0,5,2,4,80.0,1,50.0,0,1,0,0,0.0,0.0,0,0,0,0.0,0,0,0,0,0.0,0.0,0.0,0,69,90,0,0,0,0.0,0.0,0.0,0.0,0.0,0.0,0.0
369,25-26-prem-liverpool-vs-fulham,0,0,0,0,0.0,0.0,0,0,0,0,0,0,0.0,0.0,0,0,0.0,0,0.0,0,0,0,0,0,0,0,0,0,0,0.0,0,0.0,0,0,0,0,0.0,0.0,0,0,0,0.0,0,0,0,0,0.0,0.0,0.0,0,0,90,0,0,0,0.0,0.0,0.0,0.0,0.0,0.0,0.0
686,25-26-prem-liverpool-vs-fulham,69,1,0,0,0.12,0.43,2,0,0,10,43,22,85.0,2.0,2,2,100.0,1,50.0,0,0,5,1,1,0,0,2,3,2,40.0,0,0.0,1,1,0,0,0.0,0.0,0,0,0,1.0,0,0,0,0,0.0,0.0,0.24,0,0,69,0,0,0,0.0,0.0,0.0,0.0,0.0,0.0,0.0
44,25-26-europa-league-aston-villa-vs-bologna,10,0,0,0,0.0,0.0,0,0,0,0,3,3,100.0,0.0,0,0,0.0,0,0.0,0,0,1,0,0,0,0,0,1,0,0.0,0,0.0,0,0,0,0,0.0,0.0,0,0,0,0.0,0,0,0,0,0.0,0.0,0.0,0,80,94,1,0,0,0.0,0.0,0.0,0.0,0.0,0.0,0.0
358,25-26-prem-manchester-united-vs-leeds-united,74,0,0,0,0.59,0.52,1,0,0,2,67,42,84.0,4.0,5,6,100.0,1,25.0,2,2,2,1,1,1,0,3,3,3,75.0,0,0.0,0,0,0,0,0.0,0.0,0,0,0,1.0,0,0,0,0,0.0,0.0,0.0,0,0,74,1,0,0,0.0,0.0,0.0,0.0,0.0,0.0,0.0
356,25-26-prem-manchester-united-vs-leeds-united,16,0,0,0,0.03,0.01,0,0,0,0,18,15,100.0,0.0,0,0,0.0,0,0.0,0,0,1,0,2,1,0,2,0,0,0.0,2,100.0,0,0,0,0,0.0,0.0,0,0,0,0.0,0,0,0,0,0.0,0.0,0.0,0,74,90,0,0,0,0.0,0.0,0.0,0.0,0.0,0.0,0.0
351,25-26-prem-manchester-united-vs-leeds-united,16,0,0,0,0.0,0.02,0,0,0,2,27,15,83.0,0.0,3,0,0.0,0,0.0,0,0,1,0,1,0,1,3,4,3,43.0,0,0.0,1,0,0,0,0.0,0.0,0,0,0,2.0,0,0,0,0,0.0,0.0,0.0,0,74,90,0,0,0,0.0,0.0,0.0,0.0,0.0,0.0,0.0
573,25-26-prem-sunderland-vs-tottenham-hotspur,0,0,0,0,0.0,0.0,0,0,0,0,0,0,0.0,0.0,0,0,0.0,0,0.0,0,0,0,0,0,0,0,0,0,0,0.0,0,0.0,0,0,0,0,0.0,0.0,0,0,0,0.0,0,0,0,0,0.0,0.0,0.0,0,0,98,1,0,0,0.0,0.0,0.0,0.0,0.0,0.0,0.0
730,25-26-prem-sunderland-vs-tottenham-hotspur,89,0,0,0,0.67,0.0,1,0,0,4,28,10,83.0,0.0,2,0,0.0,1,100.0,0,0,3,0,1,1,1,5,14,4,31.0,1,17.0,4,3,0,0,0.0,0.0,0,0,0,3.0,0,0,0,0,0.0,0.0,0.4,0,0,98,0,0,0,0.0,0.0,0.0,0.0,0.0,0.0,0.0
568,25-26-prem-sunderland-vs-tottenham-hotspur,90,0,0,0,0.1,0.16,3,0,0,2,67,28,76.0,3.0,10,4,36.0,4,50.0,1,0,1,0,5,1,1,3,3,3,60.0,0,0.0,1,1,0,0,0.0,0.0,0,0,0,0.0,0,0,0,0,0.0,0.0,0.77,0,0,98,1,0,0,0.0,0.0,0.0,0.0,0.0,0.0,0.0
444,25-26-prem-manchester-united-vs-leeds-united,90,0,0,0,0.2,0.19,1,0,0,4,92,58,88.0,1.0,4,0,0.0,1,33.0,0,5,8,1,9,5,1,9,3,3,75.0,6,75.0,2,0,0,0,0.0,0.0,0,0,0,0.0,0,0,0,0,0.0,0.0,0.91,0,0,90,2,0,0,0.0,0.0,0.0,0.0,0.0,0.0,0.0
755,25-26-prem-manchester-united-vs-leeds-united,0,0,0,0,0.0,0.0,0,0,0,0,0,0,0.0,0.0,0,0,0.0,0,0.0,0,0,0,0,0,0,0,0,0,0,0.0,0,0.0,0,0,0,0,0.0,0.0,0,0,0,0.0,0,0,0,0,0.0,0.0,0.0,0,0,90,2,0,0,0.0,0.0,0.0,0.0,0.0,0.0,0.0
447,25-26-prem-manchester-united-vs-leeds-united,0,0,0,0,0.0,0.0,0,0,0,0,0,0,0.0,0.0,0,0,0.0,0,0.0,0,0,0,0,0,0,0,0,0,0,0.0,0,0.0,0,0,0,0,0.0,0.0,0,0,0,0.0,0,0,0,0,0.0,0.0,0.0,0,0,90,2,0,0,0.0,0.0,0.0,0.0,0.0,0.0,0.0
796,25-26-prem-sunderland-vs-tottenham-hotspur,85,0,0,0,0.0,0.04,0,0,0,0,48,34,87.0,1.0,6,1,100.0,3,60.0,0,2,4,1,0,0,0,3,4,2,40.0,1,50.0,1,2,0,0,0.0,0.0,0,0,0,0.0,0,0,0,0,0.0,0.0,0.0,0,0,85,1,0,0,0.0,0.0,0.0,0.0,0.0,0.0,0.0
547,25-26-prem-sunderland-vs-tottenham-hotspur,90,0,0,0,0.0,0.45,0,0,0,1,52,31,78.0,2.0,4,1,50.0,1,50.0,1,2,3,0,1,0,0,5,1,4,100.0,1,50.0,1,0,0,0,0.0,0.0,0,0,0,0.0,0,0,0,0,0.0,0.0,0.0,0,0,98,0,0,0,0.0,0.0,0.0,0.0,0.0,0.0,0.0
544,25-26-prem-sunderland-vs-tottenham-hotspur,90,0,1,0,0.04,0.03,0,0,0,4,38,23,82.0,2.0,7,0,0.0,0,0.0,0,0,2,0,0,0,1,3,4,3,43.0,0,0.0,2,3,0,0,0.0,0.0,0,0,0,0.0,0,0,0,0,0.0,0.0,0.0,0,0,98,0,0,0,0.0,0.0,0.0,0.0,0.0,0.0,0.0
614,25-26-prem-burnley-vs-brighton-hove-albion,90,0,0,0,0.0,0.4,0,0,0,0,92,60,92.0,4.0,10,5,56.0,2,50.0,2,4,7,1,1,0,1,5,5,4,44.0,1,100.0,0,0,0,0,0.0,0.0,0,0,0,2.0,0,0,0,0,0.0,0.0,0.0,0,0,90,2,0,0,0.0,0.0,0.0,0.0,0.0,0.0,0.0
152,25-26-prem-burnley-vs-brighton-hove-albion,2,0,0,0,0.0,0.0,0,0,0,0,3,0,0.0,0.0,1,0,0.0,0,0.0,0,0,0,0,0,0,0,0,0,0,0.0,0,0.0,0,0,0,0,0.0,0.0,0,0,0,0.0,0,0,0,0,0.0,0.0,0.0,0,88,90,0,0,0,0.0,0.0,0.0,0.0,0.0,0.0,0.0
551,25-26-prem-sunderland-vs-tottenham-hotspur,82,0,0,0,0.05,0.14,0,0,0,0,27,11,52.0,1.0,3,0,0.0,1,33.0,1,0,3,0,0,0,1,1,4,1,33.0,0,0.0,0,1,0,0,0.0,0.0,0,0,0,0.0,0,0,0,0,0.0,0.0,0.0,0,0,82,0,0,0,0.0,0.0,0.0,0.0,0.0,0.0,0.0
157,25-26-prem-burnley-vs-brighton-hove-albion,10,0,0,0,0.0,0.06,0,0,0,3,16,9,75.0,0.0,1,0,0.0,0,0.0,2,0,2,0,0,0,1,2,1,2,67.0,0,0.0,0,0,0,0,0.0,0.0,0,0,0,0.0,0,0,0,0,0.0,0.0,0.0,0,80,90,0,0,0,0.0,0.0,0.0,0.0,0.0,0.0,0.0
215,25-26-prem-burnley-vs-brighton-hove-albion,90,0,0,0,0.39,0.0,2,0,0,4,27,8,62.0,0.0,2,0,0.0,0,0.0,0,1,1,0,1,1,1,6,5,3,43.0,3,75.0,2,3,0,0,0.0,0.0,0,0,0,0.0,0,0,0,0,0.0,0.0,0.16,0,0,90,2,0,0,0.0,0.0,0.0,0.0,0.0,0.0,0.0
217,25-26-prem-burnley-vs-brighton-hove-albion,0,0,0,0,0.0,0.0,0,0,0,0,0,0,0.0,0.0,0,0,0.0,0,0.0,0,0,0,0,0,0,0,0,0,0,0.0,0,0.0,0,0,0,0,0.0,0.0,0,0,0,0.0,0,0,0,0,0.0,0.0,0.0,0,0,90,2,0,0,0.0,0.0,0.0,0.0,0.0,0.0,0.0
640,25-26-prem-west-ham-united-vs-wolverhampton-wanderers,0,0,0,0,0.0,0.0,0,0,0,0,0,0,0.0,0.0,0,0,0.0,0,0.0,0,0,0,0,0,0,0,0,0,0,0.0,0,0.0,0,0,0,0,0.0,0.0,0,0,0,0.0,0,0,0,0,0.0,0.0,0.0,0,0,90,4,0,0,0.0,0.0,0.0,0.0,0.0,0.0,0.0
676,25-26-prem-burnley-vs-brighton-hove-albion,67,0,0,0,0.05,0.0,0,0,0,1,30,17,89.0,0.0,1,0,0.0,0,0.0,0,0,2,0,0,0,1,2,5,2,40.0,0,0.0,0,0,0,0,0.0,0.0,0,0,0,2.0,0,0,0,0,0.0,0.0,0.0,0,0,67,1,0,0,0.0,0.0,0.0,0.0,0.0,0.0,0.0
158,25-26-prem-burnley-vs-brighton-hove-albion,15,0,0,0,0.02,0.0,0,0,0,2,12,3,60.0,0.0,2,0,0.0,0,0.0,1,1,2,0,0,0,0,1,2,1,33.0,0,0.0,0,0,0,0,0.0,0.0,0,0,0,2.0,0,0,0,0,0.0,0.0,0.0,0,75,90,0,0,0,0.0,0.0,0.0,0.0,0.0,0.0,0.0
193,25-26-prem-burnley-vs-brighton-hove-albion,82,0,0,0,0.05,0.03,1,0,0,3,73,34,79.0,2.0,6,0,0.0,5,71.0,2,1,4,1,3,2,1,6,3,4,80.0,2,50.0,2,0,0,0,0.0,0.0,0,0,0,0.0,0,0,0,0,0.0,0.0,0.0,0,0,82,1,0,0,0.0,0.0,0.0,0.0,0.0,0.0,0.0
19,25-26-prem-arsenal-vs-afc-bournemouth,54,0,0,0,0.0,0.01,0,0,0,1,9,4,67.0,1.0,0,0,0.0,0,0.0,0,0,1,0,0,0,0,0,2,0,0.0,0,0.0,0,0,0,0,0.0,0.0,0,0,0,1.0,0,0,0,0,0.0,0.0,0.0,0,0,54,1,0,0,0.0,0.0,0.0,0.0,0.0,0.0,0.0
343,25-26-prem-manchester-united-vs-leeds-united,90,0,0,0,0.23,0.0,1,0,0,3,64,48,98.0,0.0,3,0,0.0,2,67.0,1,0,4,0,6,5,0,6,2,3,75.0,3,75.0,1,1,0,0,0.0,0.0,0,0,0,0.0,0,0,0,0,0.0,0.0,0.06,0,0,90,1,0,0,0.0,0.0,0.0,0.0,0.0,0.0,0.0
493,25-26-prem-manchester-united-vs-leeds-united,4,0,0,0,0.0,0.0,0,0,0,0,5,5,100.0,0.0,1,0,0.0,0,0.0,0,0,0,0,0,0,0,0,0,0,0.0,0,0.0,0,0,0,0,0.0,0.0,0,0,0,0.0,0,0,0,0,0.0,0.0,0.0,0,86,90,0,0,0,0.0,0.0,0.0,0.0,0.0,0.0,0.0
67,25-26-prem-arsenal-vs-afc-bournemouth,90,0,0,0,0.0,0.0,0,0,0,0,37,0,0.0,0.0,4,0,0.0,0,0.0,0,0,5,0,4,0,0,1,0,0,0.0,1,100.0,0,0,2,1,1.08,0.08,0,12,3,0.0,1,0,1,0,0.0,0.0,0.0,0,0,96,1,0,0,0.0,0.0,0.0,0.0,0.0,0.0,0.0
18,25-26-prem-arsenal-vs-afc-bournemouth,54,0,0,0,0.0,0.07,0,0,0,2,30,9,75.0,0.0,0,1,25.0,1,50.0,2,0,0,0,0,0,0,7,6,7,64.0,0,0.0,4,1,0,0,0.0,0.0,0,0,0,0.0,0,0,0,0,0.0,0.0,0.0,0,0,54,1,0,0,0.0,0.0,0.0,0.0,0.0,0.0,0.0
97,25-26-prem-arsenal-vs-afc-bournemouth,89,0,1,0,0.04,0.03,1,0,0,4,21,7,64.0,1.0,1,0,0.0,0,0.0,0,1,3,1,1,1,0,2,3,1,33.0,1,50.0,1,2,0,0,0.0,0.0,0,0,0,0.0,0,0,0,0,0.0,0.0,0.02,0,0,90,1,0,0,0.0,0.0,0.0,0.0,0.0,0.0,0.0
725,25-26-prem-arsenal-vs-afc-bournemouth,0,0,0,0,0.0,0.0,0,0,0,0,0,0,0.0,0.0,0,0,0.0,0,0.0,0,0,0,0,0,0,0,0,0,0,0.0,0,0.0,0,0,0,0,0.0,0.0,0,0,0,0.0,0,0,0,0,0.0,0.0,0.0,0,0,96,2,0,0,0.0,0.0,0.0,0.0,0.0,0.0,0.0
74,25-26-prem-arsenal-vs-afc-bournemouth,90,0,0,0,0.0,0.01,0,0,0,1,66,27,77.0,0.0,7,0,0.0,2,40.0,2,2,2,0,3,1,2,6,8,3,27.0,3,100.0,1,4,0,0,0.0,0.0,0,0,0,0.0,0,0,0,0,0.0,0.0,0.0,0,0,96,1,0,0,0.0,0.0,0.0,0.0,0.0,0.0,0.0
90,25-26-prem-arsenal-vs-afc-bournemouth,90,1,0,0,0.39,0.05,1,0,0,2,63,40,91.0,1.0,6,0,0.0,3,60.0,1,0,8,3,1,1,1,1,7,1,12.0,0,0.0,0,1,0,0,0.0,0.0,0,0,0,3.0,0,0,0,0,0.0,0.0,0.44,0,0,96,1,0,0,0.0,0.0,0.0,0.0,0.0,0.0,0.0
662,25-26-prem-arsenal-vs-afc-bournemouth,14,0,0,0,0.0,0.01,0,0,0,0,15,7,88.0,0.0,3,0,0.0,2,100.0,0,0,1,0,1,1,0,1,0,0,0.0,1,100.0,0,0,0,0,0.0,0.0,0,0,0,0.0,0,0,0,0,0.0,0.0,0.0,0,76,96,0,0,0,0.0,0.0,0.0,0.0,0.0,0.0,0.0
326,25-26-prem-west-ham-united-vs-wolverhampton-wanderers,12,0,0,0,0.35,0.0,0,0,0,1,11,4,100.0,0.0,0,0,0.0,0,0.0,0,0,0,0,0,0,0,0,0,0,0.0,0,0.0,0,0,0,0,0.0,0.0,0,0,0,0.0,0,0,0,0,0.0,0.0,0.0,0,78,90,0,0,0,0.0,0.0,0.0,0.0,0.0,0.0,0.0
624,25-26-prem-west-ham-united-vs-wolverhampton-wanderers,90,0,2,0,0.34,0.11,1,0,0,4,44,15,88.0,3.0,3,1,17.0,0,0.0,2,3,6,0,1,1,3,5,9,4,31.0,1,100.0,0,0,0,0,0.0,0.0,0,0,0,3.0,0,0,0,0,0.0,0.0,0.31,0,0,90,0,0,0,0.0,0.0,0.0,0.0,0.0,0.0,0.0
459,25-26-prem-manchester-united-vs-leeds-united,90,0,0,0,0.22,0.02,0,0,0,2,82,49,88.0,0.0,4,0,0.0,1,33.0,3,2,1,3,3,2,0,7,6,6,67.0,1,25.0,3,2,0,0,0.0,0.0,0,0,0,0.0,0,0,0,0,0.0,0.0,0.0,0,0,90,2,0,0,0.0,0.0,0.0,0.0,0.0,0.0,0.0
606,25-26-prem-west-ham-united-vs-wolverhampton-wanderers,90,2,0,0,0.35,0.05,2,0,0,3,49,28,78.0,1.0,4,0,0.0,3,38.0,3,1,6,0,5,4,0,7,1,3,100.0,4,80.0,0,0,0,0,0.0,0.0,0,0,0,0.0,0,0,0,0,0.0,0.0,1.64,0,0,90,0,0,0,0.0,0.0,0.0,0.0,0.0,0.0,0.0
452,25-26-prem-manchester-united-vs-leeds-united,70,0,0,0,0.04,0.02,1,0,0,2,25,16,89.0,0.0,2,0,0.0,0,0.0,2,0,0,0,0,0,1,4,2,3,60.0,1,100.0,1,1,0,0,0.0,0.0,0,0,0,0.0,0,0,0,0,0.0,0.0,0.05,0,0,70,2,0,0,0.0,0.0,0.0,0.0,0.0,0.0,0.0
623,25-26-prem-west-ham-united-vs-wolverhampton-wanderers,12,0,0,0,0.0,0.0,0,0,0,0,7,6,100.0,0.0,0,0,0.0,1,100.0,0,0,0,0,0,0,1,0,1,0,0.0,0,0.0,0,0,0,0,0.0,0.0,0,0,0,0.0,0,0,0,0,0.0,0.0,0.0,0,78,90,0,0,0,0.0,0.0,0.0,0.0,0.0,0.0,0.0
695,25-26-prem-west-ham-united-vs-wolverhampton-wanderers,90,0,0,0,0.0,0.1,0,0,0,3,50,26,76.0,2.0,1,1,25.0,0,0.0,2,1,3,0,2,0,1,2,2,2,67.0,0,0.0,0,0,0,0,0.0,0.0,0,0,0,0.0,0,0,0,0,0.0,0.0,0.0,0,0,90,4,0,0,0.0,0.0,0.0,0.0,0.0,0.0,0.0
785,25-26-prem-west-ham-united-vs-wolverhampton-wanderers,78,0,1,0,0.1,0.28,1,0,0,3,34,14,78.0,2.0,2,0,0.0,0,0.0,5,0,3,1,1,1,1,6,8,5,50.0,1,25.0,0,2,0,0,0.0,0.0,0,0,0,2.0,0,0,0,0,0.0,0.0,0.1,0,0,78,0,0,0,0.0,0.0,0.0,0.0,0.0,0.0,0.0
608,25-26-prem-west-ham-united-vs-wolverhampton-wanderers,0,0,0,0,0.0,0.0,0,0,0,0,0,0,0.0,0.0,0,0,0.0,0,0.0,0,0,0,0,0,0,0,0,0,0,0.0,0,0.0,0,0,0,0,0.0,0.0,0,0,0,0.0,0,0,0,0,0.0,0.0,0.0,0,0,90,0,0,0,0.0,0.0,0.0,0.0,0.0,0.0,0.0
113,25-26-prem-brentford-vs-everton,90,0,0,0,0.0,0.09,0,0,0,0,75,52,88.0,1.0,11,0,0.0,2,40.0,0,0,7,4,7,6,0,4,0,1,100.0,3,100.0,1,0,0,0,0.0,0.0,0,0,0,0.0,0,0,0,0,0.0,0.0,0.0,0,0,91,2,0,0,0.0,0.0,0.0,0.0,0.0,0.0,0.0
300,25-26-prem-brentford-vs-everton,74,0,0,0,0.17,0.01,0,0,0,1,38,18,75.0,0.0,5,0,0.0,0,0.0,0,1,5,1,0,0,1,1,2,0,0.0,1,100.0,0,0,0,0,0.0,0.0,0,0,0,1.0,0,0,0,0,0.0,0.0,0.0,0,0,74,1,0,0,0.0,0.0,0.0,0.0,0.0,0.0,0.0
231,25-26-prem-chelsea-vs-manchester-city,0,0,0,0,0.0,0.0,0,0,0,0,0,0,0.0,0.0,0,0,0.0,0,0.0,0,0,0,0,0,0,0,0,0,0,0.0,0,0.0,0,0,0,0,0.0,0.0,0,0,0,0.0,0,0,0,0,0.0,0.0,0.0,0,0,98,3,0,0,0.0,0.0,0.0,0.0,0.0,0.0,0.0
120,25-26-prem-brentford-vs-everton,90,0,0,0,0.94,0.01,0,0,0,7,37,11,73.0,1.0,1,0,0.0,0,0.0,3,0,2,0,0,0,0,6,5,4,57.0,2,50.0,1,1,0,0,0.0,0.0,0,0,0,1.0,0,0,0,0,0.0,0.0,0.0,0,0,91,2,0,0,0.0,0.0,0.0,0.0,0.0,0.0,0.0
293,25-26-prem-brentford-vs-everton,90,0,0,0,0.11,0.01,1,0,0,1,48,24,92.0,0.0,4,0,0.0,1,50.0,1,1,5,0,4,4,0,4,4,1,33.0,3,60.0,0,0,0,0,0.0,0.0,0,0,0,1.0,0,0,0,0,0.0,0.0,0.0,0,0,91,2,0,0,0.0,0.0,0.0,0.0,0.0,0.0,0.0
728,25-26-prem-brentford-vs-everton,0,0,0,0,0.0,0.0,0,0,0,0,0,0,0.0,0.0,0,0,0.0,0,0.0,0,0,0,0,0,0,0,0,0,0,0.0,0,0.0,0,0,0,0,0.0,0.0,0,0,0,0.0,0,0,0,0,0.0,0.0,0.0,0,0,91,2,0,0,0.0,0.0,0.0,0.0,0.0,0.0,0.0
136,25-26-prem-brentford-vs-everton,90,2,0,0,1.41,0.06,2,0,0,8,30,11,79.0,1.0,1,1,50.0,3,100.0,0,0,4,0,2,2,1,4,8,1,25.0,3,38.0,1,1,0,0,0.0,0.0,0,0,0,1.0,0,0,0,0,0.0,0.0,1.15,0,0,91,2,1,0,0.0,0.0,0.0,0.0,0.0,0.0,0.0
522,25-26-prem-nottingham-forest-vs-aston-villa,1,0,0,0,0.0,0.0,0,0,0,0,0,0,0.0,0.0,0,0,0.0,0,0.0,0,0,0,0,0,0,0,0,0,0,0.0,0,0.0,0,0,0,0,0.0,0.0,0,0,0,0.0,0,0,0,0,0.0,0.0,0.0,0,89,91,0,0,0,0.0,0.0,0.0,0.0,0.0,0.0,0.0
699,25-26-prem-nottingham-forest-vs-aston-villa,13,0,0,0,0.0,0.0,0,0,0,0,18,14,88.0,0.0,2,0,0.0,2,50.0,0,0,1,0,1,1,0,2,0,0,0.0,2,100.0,1,0,0,0,0.0,0.0,0,0,0,0.0,0,0,0,0,0.0,0.0,0.0,0,77,91,0,0,0,0.0,0.0,0.0,0.0,0.0,0.0,0.0
526,25-26-prem-nottingham-forest-vs-aston-villa,89,0,0,0,0.29,0.09,0,0,0,3,23,8,57.0,1.0,1,0,0.0,1,100.0,0,1,2,0,1,1,1,4,8,1,25.0,3,38.0,1,1,0,0,0.0,0.0,0,0,0,1.0,0,0,0,0,0.0,0.0,0.0,0,0,89,1,0,0,0.0,0.0,0.0,0.0,0.0,0.0,0.0
517,25-26-prem-nottingham-forest-vs-aston-villa,90,0,0,0,0.05,0.11,0,0,0,5,64,41,95.0,0.0,3,2,40.0,2,67.0,1,1,10,0,3,2,3,4,8,3,27.0,1,100.0,1,2,0,0,0.0,0.0,0,0,0,3.0,0,0,0,0,0.0,0.0,0.0,0,0,91,1,0,0,0.0,0.0,0.0,0.0,0.0,0.0,0.0
426,25-26-prem-nottingham-forest-vs-aston-villa,0,0,0,0,0.0,0.0,0,0,0,0,0,0,0.0,0.0,0,0,0.0,0,0.0,0,0,0,0,0,0,0,0,0,0,0.0,0,0.0,0,0,0,0,0.0,0.0,0,0,0,0.0,0,0,0,0,0.0,0.0,0.0,0,0,91,1,0,0,0.0,0.0,0.0,0.0,0.0,0.0,0.0
469,25-26-prem-crystal-palace-vs-newcastle-united,0,0,0,0,0.0,0.0,0,0,0,0,0,0,0.0,0.0,0,0,0.0,0,0.0,0,0,0,0,0,0,0,0,0,0,0.0,0,0.0,0,0,0,0,0.0,0.0,0,0,0,0.0,0,0,0,0,0.0,0.0,0.0,0,0,96,2,0,0,0.0,0.0,0.0,0.0,0.0,0.0,0.0
270,25-26-prem-crystal-palace-vs-newcastle-united,64,0,0,0,0.0,0.01,0,0,0,0,38,20,71.0,0.0,8,0,0.0,1,25.0,1,3,3,0,1,0,0,2,1,2,100.0,0,0.0,1,0,0,0,0.0,0.0,0,0,0,0.0,0,0,0,0,0.0,0.0,0.0,0,0,64,1,0,0,0.0,0.0,0.0,0.0,0.0,0.0,0.0
254,25-26-prem-crystal-palace-vs-newcastle-united,0,0,0,0,0.0,0.0,0,0,0,0,0,0,0.0,0.0,0,0,0.0,0,0.0,0,0,0,0,0,0,0,0,0,0,0.0,0,0.0,0,0,0,0,0.0,0.0,0,0,0,0.0,0,0,0,0,0.0,0.0,0.0,0,0,96,1,0,0,0.0,0.0,0.0,0.0,0.0,0.0,0.0
423,25-26-prem-chelsea-vs-manchester-city,0,0,0,0,0.0,0.0,0,0,0,0,0,0,0.0,0.0,0,0,0.0,0,0.0,0,0,0,0,0,0,0,0,0,0,0.0,0,0.0,0,0,0,0,0.0,0.0,0,0,0,0.0,0,0,0,0,0.0,0.0,0.0,0,0,98,0,0,0,0.0,0.0,0.0,0.0,0.0,0.0,0.0
272,25-26-prem-crystal-palace-vs-newcastle-united,90,0,0,0,0.63,0.03,0,0,0,3,55,40,85.0,0.0,9,0,0.0,2,67.0,0,1,9,0,0,0,2,3,4,3,50.0,0,0.0,2,1,0,0,0.0,0.0,0,0,0,0.0,0,0,0,0,0.0,0.0,0.0,0,0,96,1,0,0,0.0,0.0,0.0,0.0,0.0,0.0,0.0
489,25-26-prem-crystal-palace-vs-newcastle-united,89,0,0,0,0.05,0.01,0,0,0,3,56,21,60.0,1.0,4,0,0.0,1,25.0,1,1,3,0,0,0,0,3,5,2,29.0,1,100.0,1,1,0,0,0.0,0.0,0,0,0,2.0,0,0,0,0,0.0,0.0,0.0,0,0,95,2,0,0,0.0,0.0,0.0,0.0,0.0,0.0,0.0
499,25-26-prem-liverpool-vs-fulham,21,0,0,0,0.0,0.0,0,0,0,0,12,1,50.0,0.0,0,0,0.0,0,0.0,0,0,0,1,1,1,0,0,4,0,0.0,0,0.0,0,0,0,0,0.0,0.0,0,0,0,1.0,0,0,0,0,0.0,0.0,0.0,0,69,90,0,0,0,0.0,0.0,0.0,0.0,0.0,0.0,0.0
320,25-26-prem-liverpool-vs-fulham,0,0,0,0,0.0,0.0,0,0,0,0,0,0,0.0,0.0,0,0,0.0,0,0.0,0,0,0,0,0,0,0,0,0,0,0.0,0,0.0,0,0,0,0,0.0,0.0,0,0,0,0.0,0,0,0,0,0.0,0.0,0.0,0,0,90,2,0,0,0.0,0.0,0.0,0.0,0.0,0.0,0.0
330,25-26-prem-liverpool-vs-fulham,90,0,0,0,0.03,0.15,0,0,0,3,69,50,94.0,1.0,5,0,0.0,2,100.0,3,2,5,1,1,0,0,5,2,5,71.0,0,0.0,2,0,0,0,0.0,0.0,0,0,0,2.0,0,0,0,0,0.0,0.0,0.0,0,0,90,2,0,0,0.0,0.0,0.0,0.0,0.0,0.0,0.0
332,25-26-prem-liverpool-vs-fulham,45,0,0,0,0.0,0.09,0,0,0,3,39,22,100.0,2.0,4,0,0.0,0,0.0,1,2,2,0,2,2,0,4,3,2,50.0,2,67.0,0,1,0,0,0.0,0.0,0,0,0,0.0,0,0,0,0,0.0,0.0,0.0,0,46,90,0,0,0,0.0,0.0,0.0,0.0,0.0,0.0,0.0
388,25-26-prem-liverpool-vs-fulham,45,0,0,0,0.0,0.03,0,0,0,2,44,38,97.0,0.0,4,0,0.0,2,100.0,1,0,5,0,0,0,1,1,2,1,50.0,0,0.0,0,0,0,0,0.0,0.0,0,0,0,0.0,0,0,0,0,0.0,0.0,0.0,0,0,46,0,0,0,0.0,0.0,0.0,0.0,0.0,0.0,0.0
367,25-26-prem-liverpool-vs-fulham,90,0,0,0,0.0,0.0,0,0,0,0,48,0,0.0,0.0,3,0,0.0,0,0.0,0,0,9,0,1,0,0,1,0,1,100.0,0,0.0,1,0,4,0,0.28,0.28,0,28,2,0.0,1,0,3,0,0.0,0.0,0.0,0,0,90,0,0,0,0.0,0.0,0.0,0.0,0.0,0.0,0.0
390,25-26-prem-liverpool-vs-fulham,45,0,0,0,0.0,0.02,0,0,0,0,21,12,100.0,0.0,0,0,0.0,0,0.0,2,0,1,1,3,0,1,2,3,2,67.0,0,0.0,0,0,0,0,0.0,0.0,0,0,0,0.0,0,0,0,0,0.0,0.0,0.0,0,46,90,0,0,0,0.0,0.0,0.0,0.0,0.0,0.0,0.0
541,25-26-prem-sunderland-vs-tottenham-hotspur,90,0,0,0,0.0,0.02,0,0,0,0,54,30,83.0,0.0,5,0,0.0,1,33.0,4,2,3,1,1,1,0,10,3,7,70.0,3,100.0,2,2,0,0,0.0,0.0,0,0,0,1.0,0,0,0,0,0.0,0.0,0.0,0,0,98,0,0,0,0.0,0.0,0.0,0.0,0.0,0.0,0.0
681,25-26-prem-manchester-united-vs-leeds-united,90,0,0,0,0.31,0.01,3,0,0,6,27,10,67.0,0.0,1,0,0.0,0,0.0,0,0,2,0,0,0,0,6,4,1,25.0,5,83.0,0,0,0,0,0.0,0.0,0,0,0,3.0,0,0,0,0,0.0,0.0,0.5,0,0,90,2,0,0,0.0,0.0,0.0,0.0,0.0,0.0,0.0
694,25-26-prem-sunderland-vs-tottenham-hotspur,82,1,0,0,0.26,0.06,1,0,0,3,55,23,88.0,0.0,3,2,33.0,0,0.0,4,0,4,0,1,0,0,4,5,4,57.0,0,0.0,0,1,0,0,0.0,0.0,0,0,0,1.0,0,0,0,0,0.0,0.0,0.21,0,0,82,0,0,0,0.0,0.0,0.0,0.0,0.0,0.0,0.0
597,25-26-prem-sunderland-vs-tottenham-hotspur,61,0,0,0,0.14,0.03,2,0,0,6,31,5,38.0,0.0,6,0,0.0,2,67.0,1,0,4,0,4,3,1,6,4,3,43.0,3,100.0,1,0,0,0,0.0,0.0,0,0,0,1.0,0,0,0,0,0.0,0.0,0.23,0,0,62,1,0,0,0.0,0.0,0.0,0.0,0.0,0.0,0.0
143,25-26-prem-burnley-vs-brighton-hove-albion,90,0,0,0,0.0,0.02,0,0,0,0,101,69,84.0,1.0,7,0,0.0,4,33.0,2,6,7,0,9,4,1,4,2,2,67.0,2,67.0,0,0,0,0,0.0,0.0,0,0,0,0.0,0,0,0,0,0.0,0.0,0.0,0,0,90,0,0,0,0.0,0.0,0.0,0.0,0.0,0.0,0.0
206,25-26-prem-burnley-vs-brighton-hove-albion,75,0,0,0,0.02,0.02,1,0,0,2,32,16,76.0,0.0,2,0,0.0,1,100.0,0,0,3,0,0,0,0,5,5,4,50.0,1,50.0,3,0,0,0,0.0,0.0,0,0,0,2.0,0,0,0,0,0.0,0.0,0.48,0,0,75,1,0,0,0.0,0.0,0.0,0.0,0.0,0.0,0.0
191,25-26-prem-burnley-vs-brighton-hove-albion,90,0,0,0,0.0,0.0,0,0,0,1,74,51,86.0,0.0,3,0,0.0,3,50.0,2,0,9,0,9,2,0,4,1,3,75.0,1,100.0,0,1,0,0,0.0,0.0,0,0,0,0.0,0,0,0,0,0.0,0.0,0.0,0,0,90,2,0,0,0.0,0.0,0.0,0.0,0.0,0.0,0.0
163,25-26-prem-burnley-vs-brighton-hove-albion,75,0,0,0,0.45,0.32,1,0,0,6,34,17,89.0,1.0,1,0,0.0,0,0.0,2,1,5,0,1,1,0,4,2,3,75.0,1,50.0,0,1,0,0,0.0,0.0,0,0,0,0.0,0,0,0,0,0.0,0.0,0.8,0,0,75,0,0,0,0.0,0.0,0.0,0.0,0.0,0.0,0.0
210,25-26-prem-burnley-vs-brighton-hove-albion,0,0,0,0,0.0,0.0,0,0,0,0,0,0,0.0,0.0,0,0,0.0,0,0.0,0,0,0,0,0,0,0,0,0,0,0.0,0,0.0,0,0,0,0,0.0,0.0,0,0,0,0.0,0,0,0,0,0.0,0.0,0.0,0,0,90,2,0,0,0.0,0.0,0.0,0.0,0.0,0.0,0.0
391,25-26-prem-arsenal-vs-afc-bournemouth,0,0,0,0,0.0,0.0,0,0,0,0,0,0,0.0,0.0,0,0,0.0,0,0.0,0,0,0,0,0,0,0,0,0,0,0.0,0,0.0,0,0,0,0,0.0,0.0,0,0,0,0.0,0,0,0,0,0.0,0.0,0.0,0,0,96,1,0,0,0.0,0.0,0.0,0.0,0.0,0.0,0.0
167,25-26-prem-burnley-vs-brighton-hove-albion,15,0,0,0,0.0,0.0,0,0,0,0,11,8,89.0,0.0,1,0,0.0,1,50.0,0,1,1,0,0,0,0,0,0,0,0.0,0,0.0,0,0,0,0,0.0,0.0,0,0,0,0.0,0,0,0,0,0.0,0.0,0.0,0,75,90,0,0,0,0.0,0.0,0.0,0.0,0.0,0.0,0.0
192,25-26-prem-burnley-vs-brighton-hove-albion,82,0,0,0,0.0,0.02,0,0,0,0,61,36,75.0,0.0,5,0,0.0,2,40.0,0,0,5,1,3,2,1,0,3,0,0.0,0,0.0,0,0,0,0,0.0,0.0,0,0,0,1.0,0,0,0,0,0.0,0.0,0.0,0,0,82,1,0,0,0.0,0.0,0.0,0.0,0.0,0.0,0.0
83,25-26-prem-brentford-vs-everton,90,0,0,0,0.09,0.32,1,0,0,7,47,18,75.0,2.0,1,1,20.0,1,100.0,0,3,5,0,0,0,0,2,6,2,40.0,0,0.0,1,2,0,0,0.0,0.0,0,0,0,0.0,0,0,0,0,0.0,0.0,0.05,0,0,91,2,0,0,0.0,0.0,0.0,0.0,0.0,0.0,0.0
707,25-26-prem-brentford-vs-everton,0,0,0,0,0.0,0.0,0,0,0,0,0,0,0.0,0.0,0,0,0.0,0,0.0,0,0,0,0,0,0,0,0,0,0,0.0,0,0.0,0,0,0,0,0.0,0.0,0,0,0,0.0,0,0,0,0,0.0,0.0,0.0,0,0,91,2,0,0,0.0,0.0,0.0,0.0,0.0,0.0,0.0
10,25-26-prem-arsenal-vs-afc-bournemouth,90,0,0,0,0.05,0.02,0,0,0,2,53,26,90.0,0.0,6,0,0.0,1,50.0,2,1,3,0,2,2,0,7,3,5,83.0,2,50.0,0,1,0,0,0.0,0.0,0,0,0,0.0,0,0,0,0,0.0,0.0,0.0,0,0,96,2,0,0,0.0,0.0,0.0,0.0,0.0,0.0,0.0
267,25-26-prem-crystal-palace-vs-newcastle-united,26,0,0,0,0.06,0.07,0,0,0,3,11,3,75.0,0.0,0,1,50.0,0,0.0,1,0,3,0,0,0,0,1,2,1,100.0,0,0.0,0,0,0,0,0.0,0.0,0,0,0,0.0,0,0,0,0,0.0,0.0,0.0,0,64,96,0,0,0,0.0,0.0,0.0,0.0,0.0,0.0,0.0
580,25-26-prem-crystal-palace-vs-newcastle-united,64,0,0,0,0.0,0.01,0,0,0,1,23,8,67.0,1.0,1,0,0.0,0,0.0,0,0,3,0,3,2,0,1,1,1,50.0,0,0.0,1,0,0,0,0.0,0.0,0,0,0,0.0,0,0,0,0,0.0,0.0,0.0,0,0,64,1,0,0,0.0,0.0,0.0,0.0,0.0,0.0,0.0
59,25-26-prem-nottingham-forest-vs-aston-villa,90,0,0,0,0.02,0.04,1,0,0,0,70,50,93.0,1.0,6,0,0.0,1,50.0,2,2,5,1,1,1,1,7,5,5,71.0,2,40.0,2,2,0,0,0.0,0.0,0,0,0,0.0,0,0,0,0,0.0,0.0,0.08,0,0,91,1,0,0,0.0,0.0,0.0,0.0,0.0,0.0,0.0
371,25-26-prem-liverpool-vs-fulham,0,0,0,0,0.0,0.0,0,0,0,0,0,0,0.0,0.0,0,0,0.0,0,0.0,0,0,0,0,0,0,0,0,0,0,0.0,0,0.0,0,0,0,0,0.0,0.0,0,0,0,0.0,0,0,0,0,0.0,0.0,0.0,0,0,90,0,0,0,0.0,0.0,0.0,0.0,0.0,0.0,0.0
714,25-26-prem-crystal-palace-vs-newcastle-united,6,0,0,0,0.0,0.0,0,0,0,0,1,0,0.0,0.0,0,0,0.0,0,0.0,0,0,0,0,0,0,0,0,1,0,0.0,0,0.0,0,1,0,0,0.0,0.0,0,0,0,0.0,0,0,0,0,0.0,0.0,0.0,0,84,96,1,0,0,0.0,0.0,0.0,0.0,0.0,0.0,0.0
515,25-26-prem-nottingham-forest-vs-aston-villa,84,0,0,0,0.31,0.03,1,0,0,5,39,17,81.0,0.0,3,0,0.0,0,0.0,0,0,3,0,0,0,1,2,7,2,29.0,0,0.0,1,1,0,0,0.0,0.0,0,0,0,1.0,0,0,0,0,0.0,0.0,0.09,0,0,84,1,0,0,0.0,0.0,0.0,0.0,0.0,0.0,0.0
321,25-26-prem-liverpool-vs-fulham,0,0,0,0,0.0,0.0,0,0,0,0,0,0,0.0,0.0,0,0,0.0,0,0.0,0,0,0,0,0,0,0,0,0,0,0.0,0,0.0,0,0,0,0,0.0,0.0,0,0,0,0.0,0,0,0,0,0.0,0.0,0.0,0,0,90,2,0,0,0.0,0.0,0.0,0.0,0.0,0.0,0.0
288,25-26-prem-brentford-vs-everton,0,0,0,0,0.0,0.0,0,0,0,0,0,0,0.0,0.0,0,0,0.0,0,0.0,0,0,0,0,0,0,0,0,0,0,0.0,0,0.0,0,0,0,0,0.0,0.0,0,0,0,0.0,0,0,0,0,0.0,0.0,0.0,0,0,91,2,0,0,0.0,0.0,0.0,0.0,0.0,0.0,0.0
440,25-26-prem-manchester-united-vs-leeds-united,20,0,0,0,0.01,0.01,0,0,0,1,19,11,100.0,0.0,2,0,0.0,1,100.0,2,0,2,0,2,1,2,3,2,3,60.0,0,0.0,0,0,0,0,0.0,0.0,0,0,0,0.0,0,0,0,0,0.0,0.0,0.0,0,70,90,0,0,0,0.0,0.0,0.0,0.0,0.0,0.0,0.0
386,25-26-prem-liverpool-vs-fulham,22,0,0,0,0.1,0.02,0,0,0,0,8,4,67.0,1.0,1,0,0.0,1,100.0,0,0,1,0,0,0,0,0,1,0,0.0,0,0.0,0,0,0,0,0.0,0.0,0,0,0,1.0,0,0,0,0,0.0,0.0,0.0,0,68,90,0,0,0,0.0,0.0,0.0,0.0,0.0,0.0,0.0
296,25-26-prem-brentford-vs-everton,0,0,0,0,0.0,0.0,0,0,0,0,0,0,0.0,0.0,0,0,0.0,0,0.0,0,0,0,0,0,0,0,0,0,0,0.0,0,0.0,0,0,0,0,0.0,0.0,0,0,0,0.0,0,0,0,0,0.0,0.0,0.0,0,0,91,2,0,0,0.0,0.0,0.0,0.0,0.0,0.0,0.0
438,25-26-prem-manchester-united-vs-leeds-united,70,0,0,0,0.01,0.01,0,0,0,1,51,25,81.0,0.0,2,0,0.0,0,0.0,4,3,2,0,3,1,0,6,3,5,62.0,1,100.0,1,1,0,0,0.0,0.0,0,0,0,2.0,0,0,0,0,0.0,0.0,0.0,0,0,70,2,0,0,0.0,0.0,0.0,0.0,0.0,0.0,0.0
160,25-26-prem-burnley-vs-brighton-hove-albion,80,0,0,0,0.09,0.2,0,0,0,8,48,16,62.0,3.0,2,2,40.0,1,50.0,2,2,3,0,0,0,1,5,9,4,36.0,1,33.0,1,4,0,0,0.0,0.0,0,0,0,2.0,0,0,0,0,0.0,0.0,0.0,0,0,80,0,0,0,0.0,0.0,0.0,0.0,0.0,0.0,0.0
291,25-26-prem-brentford-vs-everton,90,0,0,0,0.0,0.0,0,0,0,0,62,37,80.0,0.0,8,0,0.0,3,30.0,1,0,2,2,11,6,0,4,1,2,100.0,2,67.0,1,0,0,0,0.0,0.0,0,0,0,0.0,0,0,0,0,0.0,0.0,0.0,0,0,91,2,0,0,0.0,0.0,0.0,0.0,0.0,0.0,0.0
295,25-26-prem-brentford-vs-everton,0,0,0,0,0.0,0.0,0,0,0,0,0,0,0.0,0.0,0,0,0.0,0,0.0,0,0,0,0,0,0,0,0,0,0,0.0,0,0.0,0,0,0,0,0.0,0.0,0,0,0,0.0,0,0,0,0,0.0,0.0,0.0,0,0,91,2,0,0,0.0,0.0,0.0,0.0,0.0,0.0,0.0
475,25-26-prem-crystal-palace-vs-newcastle-united,90,0,0,0,0.07,0.01,0,0,0,2,105,78,88.0,0.0,3,0,0.0,2,25.0,0,4,5,2,6,4,0,7,7,0,0.0,7,58.0,0,2,0,0,0.0,0.0,0,0,0,0.0,0,0,0,0,0.0,0.0,0.0,0,0,96,2,0,0,0.0,0.0,0.0,0.0,0.0,0.0,0.0
324,25-26-prem-liverpool-vs-fulham,90,0,0,0,0.04,0.32,1,0,0,5,90,56,86.0,1.0,3,4,67.0,1,100.0,1,2,5,1,0,0,0,3,4,3,50.0,0,0.0,1,0,0,0,0.0,0.0,0,0,0,1.0,0,0,0,0,0.0,0.0,0.02,0,0,90,2,0,0,0.0,0.0,0.0,0.0,0.0,0.0,0.0
316,25-26-prem-liverpool-vs-fulham,69,0,0,0,0.0,0.03,0,0,0,1,61,26,76.0,1.0,4,0,0.0,3,75.0,4,2,3,0,4,4,0,5,1,5,83.0,0,0.0,0,0,0,0,0.0,0.0,0,0,0,0.0,0,0,0,0,0.0,0.0,0.0,0,0,69,2,0,0,0.0,0.0,0.0,0.0,0.0,0.0,0.0
381,25-26-prem-liverpool-vs-fulham,89,1,0,0,0.43,0.31,2,0,0,8,79,42,82.0,2.0,9,0,0.0,5,71.0,4,0,1,0,0,0,3,4,10,4,29.0,0,0.0,0,0,0,0,0.0,0.0,0,0,0,3.0,0,0,0,0,0.0,0.0,0.8,0,0,90,0,0,0,0.0,0.0,0.0,0.0,0.0,0.0,0.0
372,25-26-prem-liverpool-vs-fulham,90,0,0,0,0.36,0.02,1,0,0,3,66,32,80.0,1.0,7,0,0.0,3,38.0,0,0,1,0,5,2,1,0,4,0,0.0,0,0.0,0,0,0,0,0.0,0.0,0,0,0,1.0,0,0,0,0,0.0,0.0,0.57,0,0,90,0,0,0,0.0,0.0,0.0,0.0,0.0,0.0,0.0
490,25-26-prem-crystal-palace-vs-newcastle-united,84,0,0,0,0.0,0.01,0,0,0,0,35,22,76.0,0.0,4,0,0.0,2,100.0,0,3,5,0,0,0,0,1,5,0,0.0,1,33.0,0,2,0,0,0.0,0.0,0,0,0,1.0,0,0,0,0,0.0,0.0,0.0,0,0,84,1,0,0,0.0,0.0,0.0,0.0,0.0,0.0,0.0
242,25-26-prem-brentford-vs-everton,90,1,0,0,0.37,0.05,2,0,0,4,46,25,81.0,2.0,8,1,33.0,1,33.0,2,0,8,0,0,0,1,4,5,4,44.0,0,0.0,1,1,0,0,0.0,0.0,0,0,0,3.0,0,0,0,0,0.0,0.0,0.54,0,0,91,2,0,0,0.0,0.0,0.0,0.0,0.0,0.0,0.0
121,25-26-prem-brentford-vs-everton,45,0,0,0,0.01,0.0,0,0,0,0,27,14,82.0,0.0,3,0,0.0,0,0.0,2,0,3,0,0,0,1,4,4,3,43.0,1,100.0,0,1,0,0,0.0,0.0,0,0,0,1.0,0,0,0,0,0.0,0.0,0.0,0,0,46,1,0,0,0.0,0.0,0.0,0.0,0.0,0.0,0.0
110,25-26-prem-brentford-vs-everton,90,0,1,0,0.09,0.01,0,0,0,3,80,35,78.0,1.0,5,0,0.0,2,33.0,2,2,3,1,2,1,0,5,6,5,45.0,0,0.0,0,0,0,0,0.0,0.0,0,0,0,3.0,0,0,0,0,0.0,0.0,0.0,0,0,91,2,0,0,0.0,0.0,0.0,0.0,0.0,0.0,0.0
560,25-26-prem-sunderland-vs-tottenham-hotspur,1,0,0,0,0.0,0.0,0,0,0,0,1,0,0.0,0.0,0,0,0.0,0,0.0,0,0,0,0,0,0,0,0,0,0,0.0,0,0.0,0,0,0,0,0.0,0.0,0,0,0,0.0,0,0,0,0,0.0,0.0,0.0,0,98,98,0,0,0,0.0,0.0,0.0,0.0,0.0,0.0,0.0
354,25-26-prem-manchester-united-vs-leeds-united,90,0,0,0,0.1,0.12,0,0,0,2,66,46,92.0,1.0,7,0,0.0,6,86.0,2,3,5,1,2,2,0,3,1,3,75.0,0,0.0,1,2,0,0,0.0,0.0,0,0,0,0.0,0,0,0,0,0.0,0.0,0.0,0,0,90,1,0,0,0.0,0.0,0.0,0.0,0.0,0.0,0.0
733,25-26-prem-manchester-united-vs-leeds-united,90,0,0,0,0.0,0.0,0,0,0,0,36,0,0.0,0.0,1,0,0.0,0,0.0,0,0,7,0,0,0,0,0,1,0,0.0,0,0.0,0,0,3,2,1.44,-0.56,0,21,7,0.0,0,0,3,0,0.0,0.0,0.0,0,0,90,2,0,0,0.0,0.0,0.0,0.0,0.0,0.0,0.0
422,25-26-efl-cup-manchester-city-vs-arsenal,0,0,0,0,0.0,0.0,0,0,0,0,0,0,0.0,0.0,0,0,0.0,0,0.0,0,0,0,0,0,0,0,0,0,0,0.0,0,0.0,0,0,0,0,0.0,0.0,0,0,0,0.0,0,0,0,0,0.0,0.0,0.0,0,0,90,0,0,0,0.0,0.0,0.0,0.0,0.0,0.0,0.0
409,25-26-efl-cup-manchester-city-vs-arsenal,0,0,0,0,0.0,0.0,0,0,0,0,0,0,0.0,0.0,0,0,0.0,0,0.0,0,0,0,0,0,0,0,0,0,0,0.0,0,0.0,0,0,0,0,0.0,0.0,0,0,0,0.0,0,0,0,0,0.0,0.0,0.0,0,0,90,0,0,0,0.0,0.0,0.0,0.0,0.0,0.0,0.0
24,25-26-efl-cup-manchester-city-vs-arsenal,0,0,0,0,0.0,0.0,0,0,0,0,0,0,0.0,0.0,0,0,0.0,0,0.0,0,0,0,0,0,0,0,0,0,0,0.0,0,0.0,0,0,0,0,0.0,0.0,0,0,0,0.0,0,0,0,0,0.0,0.0,0.0,0,0,90,2,0,0,0.0,0.0,0.0,0.0,0.0,0.0,0.0
2,25-26-efl-cup-manchester-city-vs-arsenal,90,0,0,0,0.0,0.0,0,0,0,0,38,0,0.0,0.0,5,0,0.0,0,0.0,0,0,4,0,1,0,0,0,1,0,0.0,0,0.0,0,1,0,2,1.36,-0.64,2,24,8,0.0,1,0,0,0,0.0,0.0,0.0,0,0,90,2,0,0,0.0,0.0,0.0,0.0,0.0,0.0,0.0
20,25-26-efl-cup-manchester-city-vs-arsenal,82,0,0,0,0.08,0.02,0,0,0,1,26,8,62.0,1.0,2,0,0.0,2,40.0,0,0,6,0,1,1,0,5,1,3,75.0,2,100.0,3,0,0,0,0.0,0.0,0,0,0,1.0,0,0,0,0,0.0,0.0,0.0,0,0,82,2,0,0,0.0,0.0,0.0,0.0,0.0,0.0,0.0
24,25-26-champions-league-arsenal-vs-sporting-cp,0,0,0,0,0.0,0.0,0,0,0,0,0,0,0.0,0.0,0,0,0.0,0,0.0,0,0,0,0,0,0,0,0,0,0,0.0,0,0.0,0,0,0,0,0.0,0.0,0,0,0,0.0,0,0,0,0,0.0,0.0,0.0,0,0,91,0,0,0,0.0,0.0,0.0,0.0,0.0,0.0,0.0
2,25-26-champions-league-arsenal-vs-sporting-cp,0,0,0,0,0.0,0.0,0,0,0,0,0,0,0.0,0.0,0,0,0.0,0,0.0,0,0,0,0,0,0,0,0,0,0,0.0,0,0.0,0,0,0,0,0.0,0.0,0,0,0,0.0,0,0,0,0,0.0,0.0,0.0,0,0,91,0,0,0,0.0,0.0,0.0,0.0,0.0,0.0,0.0
411,25-26-efl-cup-manchester-city-vs-arsenal,90,2,0,0,0.78,0.02,2,0,0,3,83,43,86.0,0.0,5,0,0.0,1,25.0,5,0,4,0,3,1,1,10,8,7,47.0,3,100.0,0,2,0,0,0.0,0.0,0,0,0,4.0,0,0,0,0,0.0,0.0,1.36,0,0,90,0,0,0,0.0,0.0,0.0,0.0,0.0,0.0,0.0
406,25-26-efl-cup-manchester-city-vs-arsenal,90,0,0,0,0.0,0.01,0,0,0,0,72,55,90.0,0.0,5,0,0.0,0,0.0,1,1,3,1,5,2,0,3,1,2,67.0,1,100.0,1,1,0,0,0.0,0.0,0,0,0,0.0,0,0,0,0,0.0,0.0,0.0,0,0,90,0,0,0,0.0,0.0,0.0,0.0,0.0,0.0,0.0
20,25-26-champions-league-arsenal-vs-sporting-cp,76,0,0,0,0.06,0.03,0,0,0,0,36,17,85.0,0.0,2,0,0.0,0,0.0,3,0,3,0,0,0,0,5,2,5,83.0,0,0.0,1,0,0,0,0.0,0.0,0,0,0,0.0,0,0,0,0,0.0,0.0,0.0,0,0,76,0,0,0,0.0,0.0,0.0,0.0,0.0,0.0,0.0
17,25-26-champions-league-arsenal-vs-sporting-cp,70,0,0,0,0.07,0.49,1,0,0,1,68,48,81.0,2.0,6,1,33.0,2,40.0,2,0,1,0,0,0,0,3,0,2,100.0,1,100.0,0,0,0,0,0.0,0.0,0,0,0,0.0,0,0,0,0,0.0,0.0,0.03,0,0,70,0,0,0,0.0,0.0,0.0,0.0,0.0,0.0,0.0
1,25-26-champions-league-arsenal-vs-sporting-cp,90,0,0,0,0.0,0.0,0,0,0,0,42,0,0.0,0.0,1,0,0.0,0,0.0,0,0,5,0,3,0,0,0,0,0,0.0,0,0.0,0,0,5,0,1.57,1.57,1,26,3,0.0,0,0,5,0,0.0,0.0,0.0,0,0,91,0,0,0,0.0,0.0,0.0,0.0,0.0,0.0,0.0
405,25-26-efl-cup-manchester-city-vs-arsenal,90,0,0,0,0.07,0.01,0,0,0,1,73,56,90.0,1.0,3,0,0.0,1,20.0,1,1,3,0,5,2,1,5,1,1,50.0,4,100.0,0,0,0,0,0.0,0.0,0,0,0,0.0,0,0,0,0,0.0,0.0,0.0,0,0,90,0,0,0,0.0,0.0,0.0,0.0,0.0,0.0,0.0
416,25-26-efl-cup-manchester-city-vs-arsenal,90,0,0,0,0.0,0.05,0,0,0,1,79,60,90.0,0.0,4,0,0.0,0,0.0,2,0,9,0,0,0,0,4,4,4,57.0,0,0.0,0,3,0,0,0.0,0.0,0,0,0,0.0,0,0,0,0,0.0,0.0,0.0,0,0,90,0,0,0,0.0,0.0,0.0,0.0,0.0,0.0,0.0
1,25-26-efl-cup-manchester-city-vs-arsenal,0,0,0,0,0.0,0.0,0,0,0,0,0,0,0.0,0.0,0,0,0.0,0,0.0,0,0,0,0,0,0,0,0,0,0,0.0,0,0.0,0,0,0,0,0.0,0.0,0,0,0,0.0,0,0,0,0,0.0,0.0,0.0,0,0,90,2,0,0,0.0,0.0,0.0,0.0,0.0,0.0,0.0
31,25-26-efl-cup-manchester-city-vs-arsenal,8,0,0,0,0.06,0.0,0,0,0,1,9,4,80.0,0.0,1,0,0.0,0,0.0,1,0,2,0,1,0,0,1,1,1,50.0,0,0.0,0,0,0,0,0.0,0.0,0,0,0,1.0,0,0,0,0,0.0,0.0,0.0,0,82,90,0,0,0,0.0,0.0,0.0,0.0,0.0,0.0,0.0
736,25-26-efl-cup-manchester-city-vs-arsenal,0,0,0,0,0.0,0.0,0,0,0,0,0,0,0.0,0.0,0,0,0.0,0,0.0,0,0,0,0,0,0,0,0,0,0,0.0,0,0.0,0,0,0,0,0.0,0.0,0,0,0,0.0,0,0,0,0,0.0,0.0,0.0,0,0,90,0,0,0,0.0,0.0,0.0,0.0,0.0,0.0,0.0
21,25-26-efl-cup-manchester-city-vs-arsenal,90,0,0,0,0.0,0.19,0,0,0,0,67,40,83.0,1.0,7,2,40.0,3,50.0,3,1,4,0,2,1,1,4,6,3,43.0,1,33.0,0,3,0,0,0.0,0.0,0,0,0,0.0,0,0,0,0,0.0,0.0,0.0,0,0,90,2,0,0,0.0,0.0,0.0,0.0,0.0,0.0,0.0
666,25-26-efl-cup-manchester-city-vs-arsenal,90,0,0,0,0.0,0.0,0,0,0,3,18,3,43.0,0.0,2,0,0.0,0,0.0,0,0,2,1,0,0,1,3,9,3,43.0,0,0.0,1,1,0,0,0.0,0.0,0,0,0,1.0,0,0,0,0,0.0,0.0,0.0,0,0,90,2,0,0,0.0,0.0,0.0,0.0,0.0,0.0,0.0
421,25-26-efl-cup-manchester-city-vs-arsenal,90,0,0,0,0.04,0.05,0,0,0,1,102,83,89.0,0.0,15,0,0.0,7,58.0,0,2,6,1,0,0,1,4,2,2,67.0,2,67.0,3,0,0,0,0.0,0.0,0,0,0,0.0,0,0,0,0,0.0,0.0,0.0,0,0,90,0,0,0,0.0,0.0,0.0,0.0,0.0,0.0,0.0
430,25-26-efl-cup-manchester-city-vs-arsenal,90,0,0,0,0.41,0.02,0,0,0,4,23,7,70.0,0.0,1,0,0.0,0,0.0,0,0,1,0,1,1,0,4,7,2,33.0,2,40.0,0,1,0,0,0.0,0.0,0,0,0,2.0,0,0,0,0,0.0,0.0,0.0,0,0,90,0,0,0,0.0,0.0,0.0,0.0,0.0,0.0,0.0
6,25-26-efl-cup-manchester-city-vs-arsenal,90,0,0,0,0.0,0.01,0,0,0,0,60,46,96.0,0.0,3,0,0.0,2,67.0,2,0,7,0,6,4,1,6,1,4,80.0,2,100.0,2,0,0,0,0.0,0.0,0,0,0,0.0,0,0,0,0,0.0,0.0,0.0,0,0,90,2,0,0,0.0,0.0,0.0,0.0,0.0,0.0,0.0
407,25-26-efl-cup-manchester-city-vs-arsenal,90,0,1,0,0.0,0.42,0,0,0,2,95,69,87.0,2.0,10,0,0.0,2,40.0,3,3,7,0,3,2,0,6,2,5,83.0,1,50.0,2,1,0,0,0.0,0.0,0,0,0,0.0,0,0,0,0,0.0,0.0,0.0,0,0,90,0,0,0,0.0,0.0,0.0,0.0,0.0,0.0,0.0
16,25-26-efl-cup-manchester-city-vs-arsenal,90,0,0,0,0.18,0.04,2,0,0,5,36,11,73.0,1.0,2,1,33.0,0,0.0,4,0,2,0,0,0,5,6,11,6,35.0,0,0.0,2,0,0,0,0.0,0.0,0,0,0,5.0,0,0,0,0,0.0,0.0,0.38,0,0,90,2,0,0,0.0,0.0,0.0,0.0,0.0,0.0,0.0
182,25-26-efl-cup-manchester-city-vs-arsenal,90,0,0,0,0.0,0.0,0,0,0,0,28,0,0.0,0.0,2,0,0.0,0,0.0,0,0,5,0,0,0,0,0,0,0,0.0,0,0.0,0,0,4,0,0.74,0.74,0,14,6,0.0,0,0,4,0,0.0,0.0,0.0,0,0,90,0,0,0,0.0,0.0,0.0,0.0,0.0,0.0,0.0
423,25-26-efl-cup-manchester-city-vs-arsenal,0,0,0,0,0.0,0.0,0,0,0,0,0,0,0.0,0.0,0,0,0.0,0,0.0,0,0,0,0,0,0,0,0,0,0,0.0,0,0.0,0,0,0,0,0.0,0.0,0,0,0,0.0,0,0,0,0,0.0,0.0,0.0,0,0,90,0,0,0,0.0,0.0,0.0,0.0,0.0,0.0,0.0
662,25-26-efl-cup-manchester-city-vs-arsenal,0,0,0,0,0.0,0.0,0,0,0,0,0,0,0.0,0.0,0,0,0.0,0,0.0,0,0,0,0,0,0,0,0,0,0,0.0,0,0.0,0,0,0,0,0.0,0.0,0,0,0,0.0,0,0,0,0,0.0,0.0,0.0,0,0,90,2,0,0,0.0,0.0,0.0,0.0,0.0,0.0,0.0
10,25-26-efl-cup-manchester-city-vs-arsenal,0,0,0,0,0.0,0.0,0,0,0,0,0,0,0.0,0.0,0,0,0.0,0,0.0,0,0,0,0,0,0,0,0,0,0,0.0,0,0.0,0,0,0,0,0.0,0.0,0,0,0,0.0,0,0,0,0,0.0,0.0,0.0,0,0,90,2,0,0,0.0,0.0,0.0,0.0,0.0,0.0,0.0
700,25-26-efl-cup-manchester-city-vs-arsenal,0,0,0,0,0.0,0.0,0,0,0,0,0,0,0.0,0.0,0,0,0.0,0,0.0,0,0,0,0,0,0,0,0,0,0,0.0,0,0.0,0,0,0,0,0.0,0.0,0,0,0,0.0,0,0,0,0,0.0,0.0,0.0,0,0,90,2,0,0,0.0,0.0,0.0,0.0,0.0,0.0,0.0
376,25-26-champions-league-liverpool-vs-paris-saint-germain,90,0,0,0,0.0,0.03,0,0,0,0,38,18,72.0,0.0,6,0,0.0,2,40.0,0,1,5,0,3,1,2,0,4,0,0.0,0,0.0,0,1,0,0,0.0,0.0,0,0,0,0.0,0,0,0,0,0.0,0.0,0.0,0,0,91,2,0,0,0.0,0.0,0.0,0.0,0.0,0.0,0.0
369,25-26-champions-league-liverpool-vs-paris-saint-germain,0,0,0,0,0.0,0.0,0,0,0,0,0,0,0.0,0.0,0,0,0.0,0,0.0,0,0,0,0,0,0,0,0,0,0,0.0,0,0.0,0,0,0,0,0.0,0.0,0,0,0,0.0,0,0,0,0,0.0,0.0,0.0,0,0,91,2,0,0,0.0,0.0,0.0,0.0,0.0,0.0,0.0
499,25-26-champions-league-liverpool-vs-paris-saint-germain,12,0,0,0,0.0,0.0,0,0,0,0,3,1,100.0,0.0,0,0,0.0,0,0.0,0,0,0,0,0,0,0,0,1,0,0.0,0,0.0,0,0,0,0,0.0,0.0,0,0,0,1.0,0,0,0,0,0.0,0.0,0.0,0,79,91,0,0,0,0.0,0.0,0.0,0.0,0.0,0.0,0.0
367,25-26-champions-league-liverpool-vs-paris-saint-germain,90,0,0,0,0.0,0.0,0,0,0,0,33,0,0.0,0.0,4,0,0.0,0,0.0,0,0,4,0,1,0,0,0,1,0,0.0,0,0.0,0,0,4,2,1.96,-0.04,1,15,11,0.0,0,0,4,0,0.0,0.0,0.0,0,0,91,2,0,0,0.0,0.0,0.0,0.0,0.0,0.0,0.0
42,25-26-europa-league-aston-villa-vs-bologna,0,0,0,0,0.0,0.0,0,0,0,0,0,0,0.0,0.0,0,0,0.0,0,0.0,0,0,0,0,0,0,0,0,0,0,0.0,0,0.0,0,0,0,0,0.0,0.0,0,0,0,0.0,0,0,0,0,0.0,0.0,0.0,0,0,94,1,0,0,0.0,0.0,0.0,0.0,0.0,0.0,0.0
525,25-26-europa-league-nottingham-forest-vs-fc-porto,45,0,0,0,0.21,0.0,0,0,0,1,11,5,56.0,1.0,3,0,0.0,0,0.0,0,0,0,0,0,0,0,3,3,0,0.0,3,50.0,0,0,0,0,0.0,0.0,0,0,0,0.0,0,0,0,0,0.0,0.0,0.0,0,0,46,1,0,0,0.0,0.0,0.0,0.0,0.0,0.0,0.0
502,25-26-europa-league-nottingham-forest-vs-fc-porto,0,0,0,0,0.0,0.0,0,0,0,0,0,0,0.0,0.0,0,0,0.0,0,0.0,0,0,0,0,0,0,0,0,0,0,0.0,0,0.0,0,0,0,0,0.0,0.0,0,0,0,0.0,0,0,0,0,0.0,0.0,0.0,0,0,90,1,0,0,0.0,0.0,0.0,0.0,0.0,0.0,0.0
507,25-26-europa-league-nottingham-forest-vs-fc-porto,0,0,0,0,0.0,0.0,0,0,0,0,0,0,0.0,0.0,0,0,0.0,0,0.0,0,0,0,0,0,0,0,0,0,0,0.0,0,0.0,0,0,0,0,0.0,0.0,0,0,0,0.0,0,0,0,0,0.0,0.0,0.0,0,0,90,1,0,0,0.0,0.0,0.0,0.0,0.0,0.0,0.0
505,25-26-europa-league-nottingham-forest-vs-fc-porto,45,0,0,0,0.0,0.0,0,0,0,0,27,19,95.0,0.0,0,0,0.0,0,0.0,1,1,1,0,5,2,0,2,0,1,100.0,1,100.0,0,0,0,0,0.0,0.0,0,0,0,0.0,0,0,0,0,0.0,0.0,0.0,0,46,90,0,0,0,0.0,0.0,0.0,0.0,0.0,0.0,0.0
522,25-26-europa-league-nottingham-forest-vs-fc-porto,90,0,0,0,0.13,0.01,1,0,0,1,37,26,90.0,0.0,2,0,0.0,2,100.0,0,0,0,0,0,0,1,2,8,0,0.0,2,33.0,1,1,0,0,0.0,0.0,0,0,0,2.0,0,0,0,0,0.0,0.0,0.38,0,0,90,1,0,0,0.0,0.0,0.0,0.0,0.0,0.0,0.0
7,25-26-champions-league-arsenal-vs-sporting-cp,90,0,0,0,0.0,0.01,0,0,0,3,38,18,82.0,0.0,1,1,100.0,0,0.0,3,2,2,0,1,0,1,4,4,4,50.0,0,0.0,1,2,0,0,0.0,0.0,0,0,0,1.0,0,0,0,0,0.0,0.0,0.0,0,0,91,0,0,0,0.0,0.0,0.0,0.0,0.0,0.0,0.0
31,25-26-champions-league-arsenal-vs-sporting-cp,0,0,0,0,0.0,0.0,0,0,0,0,0,0,0.0,0.0,0,0,0.0,0,0.0,0,0,0,0,0,0,0,0,0,0,0.0,0,0.0,0,0,0,0,0.0,0.0,0,0,0,0.0,0,0,0,0,0.0,0.0,0.0,0,0,91,0,0,0,0.0,0.0,0.0,0.0,0.0,0.0,0.0
21,25-26-champions-league-arsenal-vs-sporting-cp,90,0,0,0,0.0,0.04,0,0,0,0,77,67,99.0,2.0,5,0,0.0,3,75.0,1,4,13,1,0,0,0,1,1,1,50.0,0,0.0,0,1,0,0,0.0,0.0,0,0,0,0.0,0,0,0,0,0.0,0.0,0.0,0,0,91,0,0,0,0.0,0.0,0.0,0.0,0.0,0.0,0.0
30,25-26-efl-cup-manchester-city-vs-arsenal,66,0,0,0,0.44,0.0,1,0,0,3,30,10,56.0,0.0,2,0,0.0,0,0.0,1,1,3,0,0,0,1,1,9,1,17.0,0,0.0,0,1,0,0,0.0,0.0,0,0,0,2.0,0,0,0,0,0.0,0.0,0.31,0,0,66,2,0,0,0.0,0.0,0.0,0.0,0.0,0.0,0.0
11,25-26-efl-cup-manchester-city-vs-arsenal,82,0,0,0,0.0,0.06,0,0,0,0,45,20,80.0,0.0,7,0,0.0,1,25.0,3,2,3,0,4,4,1,3,4,3,50.0,0,0.0,0,1,0,0,0.0,0.0,0,0,0,1.0,0,0,0,0,0.0,0.0,0.0,0,0,82,2,0,0,0.0,0.0,0.0,0.0,0.0,0.0,0.0
5,25-26-efl-cup-manchester-city-vs-arsenal,90,0,0,0,0.0,0.02,0,0,0,1,68,42,82.0,0.0,3,0,0.0,2,29.0,2,1,1,3,6,4,0,3,2,2,50.0,1,100.0,0,2,0,0,0.0,0.0,0,0,0,0.0,0,0,0,0,0.0,0.0,0.0,0,0,90,2,0,0,0.0,0.0,0.0,0.0,0.0,0.0,0.0
414,25-26-efl-cup-manchester-city-vs-arsenal,1,0,0,0,0.0,0.0,0,0,0,0,1,1,100.0,0.0,0,0,0.0,0,0.0,0,0,0,0,0,0,0,0,0,0,0.0,0,0.0,0,0,0,0,0.0,0.0,0,0,0,0.0,0,0,0,0,0.0,0.0,0.0,0,90,90,0,0,0,0.0,0.0,0.0,0.0,0.0,0.0,0.0
7,25-26-efl-cup-manchester-city-vs-arsenal,25,0,0,0,0.11,0.01,1,0,0,3,19,10,100.0,0.0,3,0,0.0,1,100.0,1,0,2,0,0,0,1,3,1,3,75.0,0,0.0,1,0,0,0,0.0,0.0,0,0,0,0.0,0,0,0,0,0.0,0.0,0.06,0,65,90,0,0,0,0.0,0.0,0.0,0.0,0.0,0.0,0.0
725,25-26-efl-cup-manchester-city-vs-arsenal,65,0,0,0,0.08,0.01,0,0,0,1,26,10,62.0,0.0,2,0,0.0,1,25.0,2,0,2,0,2,1,1,2,4,2,40.0,0,0.0,0,1,0,0,0.0,0.0,0,0,0,0.0,0,0,0,0,0.0,0.0,0.0,0,0,65,2,0,0,0.0,0.0,0.0,0.0,0.0,0.0,0.0
662,25-26-champions-league-arsenal-vs-sporting-cp,0,0,0,0,0.0,0.0,0,0,0,0,0,0,0.0,0.0,0,0,0.0,0,0.0,0,0,0,0,0,0,0,0,0,0,0.0,0,0.0,0,0,0,0,0.0,0.0,0,0,0,0.0,0,0,0,0,0.0,0.0,0.0,0,0,91,0,0,0,0.0,0.0,0.0,0.0,0.0,0.0,0.0
10,25-26-champions-league-arsenal-vs-sporting-cp,0,0,0,0,0.0,0.0,0,0,0,0,0,0,0.0,0.0,0,0,0.0,0,0.0,0,0,0,0,0,0,0,0,0,0,0.0,0,0.0,0,0,0,0,0.0,0.0,0,0,0,0.0,0,0,0,0,0.0,0.0,0.0,0,0,91,0,0,0,0.0,0.0,0.0,0.0,0.0,0.0,0.0
415,25-26-efl-cup-manchester-city-vs-arsenal,0,0,0,0,0.0,0.0,0,0,0,0,0,0,0.0,0.0,0,0,0.0,0,0.0,0,0,0,0,0,0,0,0,0,0,0.0,0,0.0,0,0,0,0,0.0,0.0,0,0,0,0.0,0,0,0,0,0.0,0.0,0.0,0,0,90,0,0,0,0.0,0.0,0.0,0.0,0.0,0.0,0.0
700,25-26-champions-league-arsenal-vs-sporting-cp,14,0,0,0,0.0,0.01,0,0,0,0,10,2,100.0,0.0,0,0,0.0,0,0.0,0,0,0,0,0,0,0,4,3,4,67.0,0,0.0,3,1,0,0,0.0,0.0,0,0,0,0.0,0,0,0,0,0.0,0.0,0.0,0,76,91,0,0,0,0.0,0.0,0.0,0.0,0.0,0.0,0.0
373,25-26-champions-league-liverpool-vs-paris-saint-germain,90,0,0,0,0.0,0.01,0,0,0,2,29,16,73.0,0.0,5,0,0.0,2,67.0,1,0,1,2,3,1,0,2,1,1,100.0,1,50.0,0,0,0,0,0.0,0.0,0,0,0,0.0,0,0,0,0,0.0,0.0,0.0,0,0,91,2,0,0,0.0,0.0,0.0,0.0,0.0,0.0,0.0
381,25-26-champions-league-liverpool-vs-paris-saint-germain,0,0,0,0,0.0,0.0,0,0,0,0,0,0,0.0,0.0,0,0,0.0,0,0.0,0,0,0,0,0,0,0,0,0,0,0.0,0,0.0,0,0,0,0,0.0,0.0,0,0,0,0.0,0,0,0,0,0.0,0.0,0.0,0,0,91,2,0,0,0.0,0.0,0.0,0.0,0.0,0.0,0.0
759,25-26-champions-league-arsenal-vs-sporting-cp,0,0,0,0,0.0,0.0,0,0,0,0,0,0,0.0,0.0,0,0,0.0,0,0.0,0,0,0,0,0,0,0,0,0,0,0.0,0,0.0,0,0,0,0,0.0,0.0,0,0,0,0.0,0,0,0,0,0.0,0.0,0.0,0,0,91,0,0,0,0.0,0.0,0.0,0.0,0.0,0.0,0.0
413,25-26-efl-cup-manchester-city-vs-arsenal,0,0,0,0,0.0,0.0,0,0,0,0,0,0,0.0,0.0,0,0,0.0,0,0.0,0,0,0,0,0,0,0,0,0,0,0.0,0,0.0,0,0,0,0,0.0,0.0,0,0,0,0.0,0,0,0,0,0.0,0.0,0.0,0,0,90,0,0,0,0.0,0.0,0.0,0.0,0.0,0.0,0.0
427,25-26-efl-cup-manchester-city-vs-arsenal,0,0,0,0,0.0,0.0,0,0,0,0,0,0,0.0,0.0,0,0,0.0,0,0.0,0,0,0,0,0,0,0,0,0,0,0.0,0,0.0,0,0,0,0,0.0,0.0,0,0,0,0.0,0,0,0,0,0.0,0.0,0.0,0,0,90,0,0,0,0.0,0.0,0.0,0.0,0.0,0.0,0.0
82,25-26-efl-cup-manchester-city-vs-arsenal,90,0,0,0,0.03,0.67,0,0,0,5,37,17,94.0,2.0,0,1,25.0,0,0.0,0,1,1,0,4,2,0,3,4,2,33.0,1,100.0,1,2,0,0,0.0,0.0,0,0,0,1.0,0,0,0,0,0.0,0.0,0.0,0,0,90,0,0,0,0.0,0.0,0.0,0.0,0.0,0.0,0.0
402,25-26-efl-cup-manchester-city-vs-arsenal,0,0,0,0,0.0,0.0,0,0,0,0,0,0,0.0,0.0,0,0,0.0,0,0.0,0,0,0,0,0,0,0,0,0,0,0.0,0,0.0,0,0,0,0,0.0,0.0,0,0,0,0.0,0,0,0,0,0.0,0.0,0.0,0,0,90,0,0,0,0.0,0.0,0.0,0.0,0.0,0.0,0.0
418,25-26-efl-cup-manchester-city-vs-arsenal,90,0,0,0,0.08,0.1,0,0,0,5,61,26,81.0,1.0,2,0,0.0,0,0.0,4,1,7,0,0,0,0,13,7,13,72.0,0,0.0,3,0,0,0,0.0,0.0,0,0,0,1.0,0,0,0,0,0.0,0.0,0.0,0,0,90,0,0,0,0.0,0.0,0.0,0.0,0.0,0.0,0.0
19,25-26-efl-cup-manchester-city-vs-arsenal,8,0,0,0,0.0,0.0,0,0,0,0,5,1,50.0,0.0,0,0,0.0,0,0.0,0,0,0,0,0,0,0,0,1,0,0.0,0,0.0,0,0,0,0,0.0,0.0,0,0,0,1.0,0,0,0,0,0.0,0.0,0.0,0,82,90,0,0,0,0.0,0.0,0.0,0.0,0.0,0.0,0.0
18,25-26-efl-cup-manchester-city-vs-arsenal,24,0,0,0,0.0,0.04,0,0,0,2,20,6,75.0,1.0,1,1,50.0,0,0.0,1,0,3,0,0,0,1,3,3,3,50.0,0,0.0,1,1,0,0,0.0,0.0,0,0,0,0.0,0,0,0,0,0.0,0.0,0.0,0,66,90,0,0,0,0.0,0.0,0.0,0.0,0.0,0.0,0.0
386,25-26-champions-league-liverpool-vs-paris-saint-germain,90,0,0,0,0.09,0.02,0,0,0,0,40,19,83.0,0.0,1,0,0.0,1,100.0,2,0,3,1,1,0,3,5,8,5,42.0,0,0.0,2,3,0,0,0.0,0.0,0,0,0,1.0,0,0,0,0,0.0,0.0,0.0,0,0,91,2,0,0,0.0,0.0,0.0,0.0,0.0,0.0,0.0
387,25-26-champions-league-liverpool-vs-paris-saint-germain,78,0,0,0,0.0,0.03,0,0,0,0,41,20,69.0,1.0,6,0,0.0,1,25.0,1,0,5,1,2,1,1,1,5,1,25.0,0,0.0,0,0,0,0,0.0,0.0,0,0,0,1.0,0,0,0,0,0.0,0.0,0.0,0,0,79,2,0,0,0.0,0.0,0.0,0.0,0.0,0.0,0.0
390,25-26-champions-league-liverpool-vs-paris-saint-germain,90,0,0,0,0.0,0.02,0,0,0,0,42,24,83.0,0.0,3,0,0.0,0,0.0,2,1,2,0,1,0,0,5,0,4,100.0,1,100.0,1,0,0,0,0.0,0.0,0,0,0,0.0,0,0,0,0,0.0,0.0,0.0,0,0,91,2,0,0,0.0,0.0,0.0,0.0,0.0,0.0,0.0
370,25-26-champions-league-liverpool-vs-paris-saint-germain,89,0,0,0,0.0,0.05,0,0,0,2,19,10,83.0,0.0,0,2,50.0,0,0.0,0,0,0,0,0,0,0,0,2,0,0.0,0,0.0,0,2,0,0,0.0,0.0,0,0,0,0.0,0,0,0,0,0.0,0.0,0.0,0,0,91,2,0,0,0.0,0.0,0.0,0.0,0.0,0.0,0.0
382,25-26-champions-league-liverpool-vs-paris-saint-germain,78,0,0,0,0.06,0.04,0,0,0,3,40,17,89.0,1.0,1,0,0.0,1,100.0,3,0,4,1,0,0,0,6,5,6,60.0,0,0.0,0,2,0,0,0.0,0.0,0,0,0,2.0,0,0,0,0,0.0,0.0,0.0,0,0,78,2,0,0,0.0,0.0,0.0,0.0,0.0,0.0,0.0
371,25-26-champions-league-liverpool-vs-paris-saint-germain,78,0,0,0,0.0,0.06,0,0,0,1,25,10,77.0,1.0,1,0,0.0,1,50.0,2,2,1,0,1,0,1,4,2,4,80.0,0,0.0,2,0,0,0,0.0,0.0,0,0,0,0.0,0,0,0,0,0.0,0.0,0.0,0,0,78,2,0,0,0.0,0.0,0.0,0.0,0.0,0.0,0.0
396,25-26-champions-league-liverpool-vs-paris-saint-germain,1,0,0,0,0.0,0.0,0,0,0,0,0,0,0.0,0.0,0,0,0.0,0,0.0,0,0,0,0,0,0,0,0,0,0,0.0,0,0.0,0,0,0,0,0.0,0.0,0,0,0,0.0,0,0,0,0,0.0,0.0,0.0,0,91,91,0,0,0,0.0,0.0,0.0,0.0,0.0,0.0,0.0
686,25-26-champions-league-liverpool-vs-paris-saint-germain,0,0,0,0,0.0,0.0,0,0,0,0,0,0,0.0,0.0,0,0,0.0,0,0.0,0,0,0,0,0,0,0,0,0,0,0.0,0,0.0,0,0,0,0,0.0,0.0,0,0,0,0.0,0,0,0,0,0.0,0.0,0.0,0,0,91,2,0,0,0.0,0.0,0.0,0.0,0.0,0.0,0.0
515,25-26-europa-league-nottingham-forest-vs-fc-porto,60,0,0,0,0.0,0.01,0,0,0,0,45,30,88.0,1.0,5,0,0.0,1,50.0,1,1,2,0,1,0,2,2,6,1,20.0,1,33.0,0,0,0,0,0.0,0.0,0,0,0,2.0,0,0,0,0,0.0,0.0,0.0,0,0,60,1,0,0,0.0,0.0,0.0,0.0,0.0,0.0,0.0
521,25-26-europa-league-nottingham-forest-vs-fc-porto,16,0,0,0,0.0,0.01,0,0,0,0,26,20,87.0,0.0,2,0,0.0,1,50.0,0,1,2,0,0,0,0,1,0,0,0.0,1,100.0,0,0,0,0,0.0,0.0,0,0,0,0.0,0,0,0,0,0.0,0.0,0.0,0,74,90,0,0,0,0.0,0.0,0.0,0.0,0.0,0.0,0.0
519,25-26-europa-league-nottingham-forest-vs-fc-porto,90,0,0,0,0.0,0.04,0,0,0,0,84,70,97.0,1.0,3,0,0.0,3,100.0,1,4,9,1,2,1,2,1,8,1,12.0,0,0.0,0,4,0,0,0.0,0.0,0,0,0,0.0,0,0,0,0,0.0,0.0,0.0,0,0,90,1,0,0,0.0,0.0,0.0,0.0,0.0,0.0,0.0
263,25-26-conference-league-fiorentina-vs-crystal-palace,0,0,0,0,0.0,0.0,0,0,0,0,0,0,0.0,0.0,0,0,0.0,0,0.0,0,0,0,0,0,0,0,0,0,0,0.0,0,0.0,0,0,0,0,0.0,0.0,0,0,0,0.0,0,0,0,0,0.0,0.0,0.0,0,0,94,0,0,0,0.0,0.0,0.0,0.0,0.0,0.0,0.0
270,25-26-conference-league-fiorentina-vs-crystal-palace,1,0,0,0,0.0,0.0,0,0,0,0,0,0,0.0,0.0,0,0,0.0,0,0.0,0,0,0,0,0,0,0,0,0,0,0.0,0,0.0,0,0,0,0,0.0,0.0,0,0,0,0.0,0,0,0,0,0.0,0.0,0.0,0,94,94,0,0,0,0.0,0.0,0.0,0.0,0.0,0.0,0.0
254,25-26-conference-league-fiorentina-vs-crystal-palace,0,0,0,0,0.0,0.0,0,0,0,0,0,0,0.0,0.0,0,0,0.0,0,0.0,0,0,0,0,0,0,0,0,0,0,0.0,0,0.0,0,0,0,0,0.0,0.0,0,0,0,0.0,0,0,0,0,0.0,0.0,0.0,0,0,94,0,0,0,0.0,0.0,0.0,0.0,0.0,0.0,0.0
272,25-26-conference-league-fiorentina-vs-crystal-palace,7,0,0,0,0.14,0.0,0,0,0,1,13,8,80.0,0.0,2,0,0.0,0,0.0,1,0,0,0,0,0,0,1,0,1,100.0,0,0.0,0,0,0,0,0.0,0.0,0,0,0,0.0,0,0,0,0,0.0,0.0,0.0,0,84,94,0,0,0,0.0,0.0,0.0,0.0,0.0,0.0,0.0
255,25-26-conference-league-fiorentina-vs-crystal-palace,0,0,0,0,0.0,0.0,0,0,0,0,0,0,0.0,0.0,0,0,0.0,0,0.0,0,0,0,0,0,0,0,0,0,0,0.0,0,0.0,0,0,0,0,0.0,0.0,0,0,0,0.0,0,0,0,0,0.0,0.0,0.0,0,0,94,0,0,0,0.0,0.0,0.0,0.0,0.0,0.0,0.0
271,25-26-conference-league-fiorentina-vs-crystal-palace,89,0,1,0,0.05,0.45,0,0,0,1,52,38,88.0,4.0,7,1,33.0,2,33.0,2,0,4,0,0,0,1,4,1,4,80.0,0,0.0,1,0,0,0,0.0,0.0,0,0,0,0.0,0,0,0,0,0.0,0.0,0.0,0,0,94,0,0,0,0.0,0.0,0.0,0.0,0.0,0.0,0.0
259,25-26-conference-league-fiorentina-vs-crystal-palace,0,0,0,0,0.0,0.0,0,0,0,0,0,0,0.0,0.0,0,0,0.0,0,0.0,0,0,0,0,0,0,0,0,0,0,0.0,0,0.0,0,0,0,0,0.0,0.0,0,0,0,0.0,0,0,0,0,0.0,0.0,0.0,0,0,94,0,0,0,0.0,0.0,0.0,0.0,0.0,0.0,0.0
417,25-26-efl-cup-manchester-city-vs-arsenal,89,0,0,0,0.13,0.1,0,0,0,7,72,45,88.0,1.0,6,1,20.0,0,0.0,2,0,4,0,1,0,1,6,8,6,50.0,0,0.0,2,0,0,0,0.0,0.0,0,0,0,3.0,0,0,0,0,0.0,0.0,0.0,0,0,90,0,0,0,0.0,0.0,0.0,0.0,0.0,0.0,0.0
283,25-26-conference-league-fiorentina-vs-crystal-palace,83,1,0,0,1.67,0.19,2,0,0,5,19,8,89.0,1.0,2,0,0.0,2,100.0,1,0,5,0,0,0,0,2,3,1,33.0,1,50.0,0,2,0,0,0.0,0.0,0,0,0,1.0,0,0,0,0,0.0,0.0,1.59,0,0,84,0,1,0,0.0,0.0,0.0,0.0,0.0,0.0,0.0
253,25-26-conference-league-fiorentina-vs-crystal-palace,90,0,0,0,0.0,0.0,0,0,0,0,35,0,0.0,0.0,2,0,0.0,0,0.0,0,0,9,0,1,0,0,0,0,0,0.0,0,0.0,0,0,2,0,0.42,0.42,1,16,4,0.0,0,0,2,0,0.0,0.0,0.0,0,0,94,0,0,0,0.0,0.0,0.0,0.0,0.0,0.0,0.0
33,25-26-europa-league-aston-villa-vs-bologna,0,0,0,0,0.0,0.0,0,0,0,0,0,0,0.0,0.0,0,0,0.0,0,0.0,0,0,0,0,0,0,0,0,0,0,0.0,0,0.0,0,0,0,0,0.0,0.0,0,0,0,0.0,0,0,0,0,0.0,0.0,0.0,0,0,94,1,0,0,0.0,0.0,0.0,0.0,0.0,0.0,0.0
37,25-26-europa-league-aston-villa-vs-bologna,90,0,0,0,0.0,0.01,0,0,0,0,43,27,87.0,0.0,3,0,0.0,0,0.0,2,1,6,0,2,2,0,5,6,3,50.0,2,40.0,1,4,0,0,0.0,0.0,0,0,0,0.0,0,0,0,0,0.0,0.0,0.0,0,0,94,1,0,0,0.0,0.0,0.0,0.0,0.0,0.0,0.0
719,25-26-europa-league-aston-villa-vs-bologna,0,0,0,0,0.0,0.0,0,0,0,0,0,0,0.0,0.0,0,0,0.0,0,0.0,0,0,0,0,0,0,0,0,0,0,0.0,0,0.0,0,0,0,0,0.0,0.0,0,0,0,0.0,0,0,0,0,0.0,0.0,0.0,0,0,94,1,0,0,0.0,0.0,0.0,0.0,0.0,0.0,0.0
54,25-26-europa-league-aston-villa-vs-bologna,90,0,0,0,0.01,0.02,0,0,0,0,22,12,80.0,0.0,5,1,50.0,1,33.0,0,0,1,0,0,0,0,3,0,3,100.0,0,0.0,3,0,0,0,0.0,0.0,0,0,0,0.0,0,0,0,0,0.0,0.0,0.0,0,0,94,1,0,0,0.0,0.0,0.0,0.0,0.0,0.0,0.0
40,25-26-europa-league-aston-villa-vs-bologna,0,0,0,0,0.0,0.0,0,0,0,0,0,0,0.0,0.0,0,0,0.0,0,0.0,0,0,0,0,0,0,0,0,0,0,0.0,0,0.0,0,0,0,0,0.0,0.0,0,0,0,0.0,0,0,0,0,0.0,0.0,0.0,0,0,94,1,0,0,0.0,0.0,0.0,0.0,0.0,0.0,0.0
87,25-26-prem-arsenal-vs-afc-bournemouth,70,0,0,0,0.04,0.02,0,0,0,1,48,26,84.0,0.0,6,0,0.0,1,25.0,2,2,1,1,0,0,1,7,4,6,60.0,1,100.0,2,1,0,0,0.0,0.0,0,0,0,1.0,0,0,0,0,0.0,0.0,0.0,0,0,70,1,0,0,0.0,0.0,0.0,0.0,0.0,0.0,0.0
98,25-26-prem-arsenal-vs-afc-bournemouth,1,0,0,0,0.0,0.0,0,0,0,0,1,0,0.0,0.0,0,0,0.0,0,0.0,0,0,0,0,0,0,0,0,2,0,0.0,0,0.0,0,0,0,0,0.0,0.0,0,0,0,0.0,0,0,0,0,0.0,0.0,0.0,0,90,96,0,0,0,0.0,0.0,0.0,0.0,0.0,0.0,0.0
130,25-26-prem-brentford-vs-everton,0,0,0,0,0.0,0.0,0,0,0,0,0,0,0.0,0.0,0,0,0.0,0,0.0,0,0,0,0,0,0,0,0,0,0,0.0,0,0.0,0,0,0,0,0.0,0.0,0,0,0,0.0,0,0,0,0,0.0,0.0,0.0,0,0,91,2,0,0,0.0,0.0,0.0,0.0,0.0,0.0,0.0
48,25-26-europa-league-aston-villa-vs-bologna,90,0,2,0,0.0,0.42,0,0,0,0,59,39,81.0,4.0,7,2,100.0,0,0.0,1,1,4,2,0,0,2,3,3,3,50.0,0,0.0,2,1,0,0,0.0,0.0,0,0,0,0.0,0,0,0,0,0.0,0.0,0.0,0,0,94,1,0,0,0.0,0.0,0.0,0.0,0.0,0.0,0.0
126,25-26-prem-brentford-vs-everton,90,0,0,0,0.05,0.2,1,0,0,2,83,57,84.0,3.0,19,3,100.0,15,79.0,0,1,6,0,3,0,0,2,0,1,100.0,1,100.0,1,0,0,0,0.0,0.0,0,0,0,0.0,0,0,0,0,0.0,0.0,0.43,0,0,91,2,0,0,0.0,0.0,0.0,0.0,0.0,0.0,0.0
64,25-26-europa-league-aston-villa-vs-bologna,90,2,0,0,0.99,0.02,2,0,0,3,41,17,81.0,2.0,1,0,0.0,0,0.0,1,0,2,0,1,1,0,5,7,4,40.0,1,50.0,2,1,0,0,0.0,0.0,0,0,0,3.0,0,0,0,0,0.0,0.0,0.92,0,0,94,1,0,0,0.0,0.0,0.0,0.0,0.0,0.0,0.0
111,25-26-prem-brentford-vs-everton,0,0,0,0,0.0,0.0,0,0,0,0,0,0,0.0,0.0,0,0,0.0,0,0.0,0,0,0,0,0,0,0,0,0,0,0.0,0,0.0,0,0,0,0,0.0,0.0,0,0,0,0.0,0,0,0,0,0.0,0.0,0.0,0,0,91,2,0,0,0.0,0.0,0.0,0.0,0.0,0.0,0.0
1,25-26-prem-arsenal-vs-afc-bournemouth,90,0,0,0,0.0,0.0,0,0,0,0,60,0,0.0,0.0,11,0,0.0,0,0.0,0,0,12,0,0,0,0,1,0,1,100.0,0,0.0,1,0,1,2,1.41,-0.59,0,35,10,0.0,2,0,1,0,0.0,0.0,0.0,0,0,96,2,0,0,0.0,0.0,0.0,0.0,0.0,0.0,0.0
49,25-26-europa-league-aston-villa-vs-bologna,2,0,0,0,0.0,0.0,0,0,0,0,0,0,0.0,0.0,0,0,0.0,0,0.0,0,0,0,0,0,0,1,0,1,0,0.0,0,0.0,0,0,0,0,0.0,0.0,0,0,0,0.0,0,0,0,0,0.0,0.0,0.0,0,88,94,1,0,0,0.0,0.0,0.0,0.0,0.0,0.0,0.0
38,25-26-europa-league-aston-villa-vs-bologna,90,1,0,0,0.38,0.0,1,0,0,1,48,38,95.0,0.0,0,0,0.0,0,0.0,0,1,3,1,2,1,0,2,1,2,100.0,0,0.0,2,0,0,0,0.0,0.0,0,0,0,0.0,0,0,0,0,0.0,0.0,0.98,0,0,94,1,0,0,0.0,0.0,0.0,0.0,0.0,0.0,0.0
666,25-26-champions-league-arsenal-vs-sporting-cp,90,0,0,0,0.44,0.01,1,0,0,4,18,7,78.0,0.0,2,0,0.0,0,0.0,0,0,1,0,0,0,0,2,5,2,33.0,0,0.0,2,1,0,0,0.0,0.0,0,0,0,3.0,0,0,0,0,0.0,0.0,0.1,0,0,91,0,0,0,0.0,0.0,0.0,0.0,0.0,0.0,0.0
30,25-26-champions-league-arsenal-vs-sporting-cp,20,1,0,0,0.75,0.0,1,0,0,1,10,5,100.0,0.0,0,0,0.0,0,0.0,0,0,0,0,1,1,0,0,1,0,0.0,0,0.0,0,1,0,0,0.0,0.0,0,0,0,0.0,0,0,0,0,0.0,0.0,0.79,0,70,91,0,0,0,0.0,0.0,0.0,0.0,0.0,0.0,0.0
11,25-26-champions-league-arsenal-vs-sporting-cp,90,0,0,0,0.0,0.03,0,0,0,2,70,42,84.0,1.0,6,0,0.0,2,67.0,2,2,5,0,2,1,1,4,4,3,43.0,1,100.0,1,1,0,0,0.0,0.0,0,0,0,2.0,0,0,0,0,0.0,0.0,0.0,0,0,91,0,0,0,0.0,0.0,0.0,0.0,0.0,0.0,0.0
5,25-26-champions-league-arsenal-vs-sporting-cp,90,0,0,0,0.0,0.01,0,0,0,0,73,61,94.0,0.0,4,0,0.0,2,40.0,1,1,3,1,1,1,0,1,2,1,50.0,0,0.0,0,1,0,0,0.0,0.0,0,0,0,0.0,0,0,0,0,0.0,0.0,0.0,0,0,91,0,0,0,0.0,0.0,0.0,0.0,0.0,0.0,0.0
6,25-26-champions-league-arsenal-vs-sporting-cp,90,0,0,0,0.0,0.02,0,0,0,0,99,88,96.0,0.0,6,0,0.0,2,67.0,2,1,1,0,3,3,0,5,2,3,60.0,2,100.0,0,2,0,0,0.0,0.0,0,0,0,0.0,0,0,0,0,0.0,0.0,0.0,0,0,91,0,0,0,0.0,0.0,0.0,0.0,0.0,0.0,0.0
19,25-26-champions-league-arsenal-vs-sporting-cp,14,0,1,0,0.01,0.4,1,0,0,0,8,6,100.0,1.0,0,0,0.0,0,0.0,0,0,0,0,0,0,0,0,0,0,0.0,0,0.0,0,0,0,0,0.0,0.0,0,0,0,0.0,0,0,0,0,0.0,0.0,0.02,0,76,91,0,0,0,0.0,0.0,0.0,0.0,0.0,0.0,0.0
18,25-26-champions-league-arsenal-vs-sporting-cp,76,0,0,0,0.0,0.26,0,0,0,3,46,22,96.0,0.0,0,0,0.0,0,0.0,0,1,2,0,0,0,1,7,5,6,55.0,1,100.0,3,0,0,0,0.0,0.0,0,0,0,2.0,0,0,0,0,0.0,0.0,0.0,0,0,76,0,0,0,0.0,0.0,0.0,0.0,0.0,0.0,0.0
372,25-26-champions-league-liverpool-vs-paris-saint-germain,12,0,0,0,0.0,0.0,0,0,0,0,11,4,57.0,0.0,3,0,0.0,2,40.0,0,0,1,0,0,0,0,0,0,0,0.0,0,0.0,0,0,0,0,0.0,0.0,0,0,0,0.0,0,0,0,0,0.0,0.0,0.0,0,78,91,0,0,0,0.0,0.0,0.0,0.0,0.0,0.0,0.0
36,25-26-europa-league-aston-villa-vs-bologna,90,0,0,0,0.0,0.0,0,0,0,0,31,14,78.0,0.0,3,0,0.0,0,0.0,2,0,1,0,4,2,1,3,4,3,50.0,0,0.0,1,2,0,0,0.0,0.0,0,0,0,0.0,0,0,0,0,0.0,0.0,0.0,0,0,94,1,0,0,0.0,0.0,0.0,0.0,0.0,0.0,0.0
808,25-26-europa-league-aston-villa-vs-bologna,0,0,0,0,0.0,0.0,0,0,0,0,0,0,0.0,0.0,0,0,0.0,0,0.0,0,0,0,0,0,0,0,0,0,0,0.0,0,0.0,0,0,0,0,0.0,0.0,0,0,0,0.0,0,0,0,0,0.0,0.0,0.0,0,0,94,1,0,0,0.0,0.0,0.0,0.0,0.0,0.0,0.0
699,25-26-europa-league-aston-villa-vs-bologna,0,0,0,0,0.0,0.0,0,0,0,0,0,0,0.0,0.0,0,0,0.0,0,0.0,0,0,0,0,0,0,0,0,0,0,0.0,0,0.0,0,0,0,0,0.0,0.0,0,0,0,0.0,0,0,0,0,0.0,0.0,0.0,0,0,94,1,0,0,0.0,0.0,0.0,0.0,0.0,0.0,0.0
41,25-26-europa-league-aston-villa-vs-bologna,90,0,0,0,0.0,0.0,0,0,0,0,68,51,86.0,0.0,3,0,0.0,4,36.0,1,0,2,3,2,1,0,2,2,2,67.0,0,0.0,0,1,0,0,0.0,0.0,0,0,0,0.0,0,0,0,0,0.0,0.0,0.0,0,0,94,1,0,0,0.0,0.0,0.0,0.0,0.0,0.0,0.0
47,25-26-europa-league-aston-villa-vs-bologna,88,0,0,0,0.07,0.03,1,0,0,0,27,8,73.0,1.0,1,1,100.0,1,100.0,0,0,3,0,0,0,1,4,10,4,31.0,0,0.0,2,3,0,0,0.0,0.0,0,0,0,1.0,0,0,0,0,0.0,0.0,0.08,0,0,88,0,0,0,0.0,0.0,0.0,0.0,0.0,0.0,0.0
267,25-26-conference-league-fiorentina-vs-crystal-palace,90,1,0,0,0.21,0.24,1,0,0,7,39,13,72.0,1.0,1,1,25.0,0,0.0,1,0,3,0,1,0,1,5,4,4,57.0,1,50.0,2,2,0,0,0.0,0.0,0,0,0,0.0,0,0,0,0,0.0,0.0,0.41,0,0,94,0,0,0,0.0,0.0,0.0,0.0,0.0,0.0,0.0
385,25-26-champions-league-liverpool-vs-paris-saint-germain,0,0,0,0,0.0,0.0,0,0,0,0,0,0,0.0,0.0,0,0,0.0,0,0.0,0,0,0,0,0,0,0,0,0,0,0.0,0,0.0,0,0,0,0,0.0,0.0,0,0,0,0.0,0,0,0,0,0.0,0.0,0.0,0,0,91,2,0,0,0.0,0.0,0.0,0.0,0.0,0.0,0.0
384,25-26-champions-league-liverpool-vs-paris-saint-germain,12,0,0,0,0.0,0.0,0,0,0,0,5,3,100.0,0.0,0,0,0.0,0,0.0,0,0,0,0,0,0,0,0,1,0,0.0,0,0.0,0,0,0,0,0.0,0.0,0,0,0,0.0,0,0,0,0,0.0,0.0,0.0,0,78,91,0,0,0,0.0,0.0,0.0,0.0,0.0,0.0,0.0
374,25-26-champions-league-liverpool-vs-paris-saint-germain,90,0,0,0,0.0,0.01,0,0,0,0,28,15,88.0,0.0,2,0,0.0,2,67.0,2,0,5,1,2,2,0,6,6,4,50.0,2,50.0,1,4,0,0,0.0,0.0,0,0,0,0.0,0,0,0,0,0.0,0.0,0.0,0,0,91,2,0,0,0.0,0.0,0.0,0.0,0.0,0.0,0.0
388,25-26-champions-league-liverpool-vs-paris-saint-germain,12,0,0,0,0.0,0.0,0,0,0,0,8,5,100.0,0.0,1,0,0.0,1,100.0,0,0,1,0,0,0,0,1,1,1,100.0,0,0.0,0,0,0,0,0.0,0.0,0,0,0,0.0,0,0,0,0,0.0,0.0,0.0,0,79,91,0,0,0,0.0,0.0,0.0,0.0,0.0,0.0,0.0
257,25-26-conference-league-fiorentina-vs-crystal-palace,90,0,0,0,0.1,0.0,0,0,0,1,45,34,94.0,0.0,0,0,0.0,3,75.0,0,2,3,0,4,3,0,3,3,1,50.0,2,50.0,1,1,0,0,0.0,0.0,0,0,0,0.0,0,0,0,0,0.0,0.0,0.0,0,0,94,0,0,0,0.0,0.0,0.0,0.0,0.0,0.0,0.0
261,25-26-conference-league-fiorentina-vs-crystal-palace,90,0,0,0,0.0,0.01,0,0,0,0,56,41,87.0,0.0,6,0,0.0,2,33.0,0,0,3,1,3,2,0,1,2,0,0.0,1,100.0,0,2,0,0,0.0,0.0,0,0,0,0.0,0,0,0,0,0.0,0.0,0.0,0,0,94,0,0,0,0.0,0.0,0.0,0.0,0.0,0.0,0.0
516,25-26-europa-league-nottingham-forest-vs-fc-porto,0,0,0,0,0.0,0.0,0,0,0,0,0,0,0.0,0.0,0,0,0.0,0,0.0,0,0,0,0,0,0,0,0,0,0,0.0,0,0.0,0,0,0,0,0.0,0.0,0,0,0,0.0,0,0,0,0,0.0,0.0,0.0,0,0,90,1,0,0,0.0,0.0,0.0,0.0,0.0,0.0,0.0
258,25-26-conference-league-fiorentina-vs-crystal-palace,90,1,0,0,0.38,0.01,1,0,0,2,40,25,93.0,0.0,0,0,0.0,1,100.0,3,0,8,0,2,0,0,4,3,3,60.0,1,50.0,0,2,0,0,0.0,0.0,0,0,0,0.0,0,0,0,0,0.0,0.0,0.87,0,0,94,0,0,0,0.0,0.0,0.0,0.0,0.0,0.0,0.0
262,25-26-conference-league-fiorentina-vs-crystal-palace,0,0,0,0,0.0,0.0,0,0,0,0,0,0,0.0,0.0,0,0,0.0,0,0.0,0,0,0,0,0,0,0,0,0,0,0.0,0,0.0,0,0,0,0,0.0,0.0,0,0,0,0.0,0,0,0,0,0.0,0.0,0.0,0,0,94,0,0,0,0.0,0.0,0.0,0.0,0.0,0.0,0.0
273,25-26-conference-league-fiorentina-vs-crystal-palace,89,0,0,0,0.0,0.15,0,0,0,0,81,60,86.0,2.0,12,1,25.0,6,75.0,0,1,3,0,1,0,1,1,4,1,25.0,0,0.0,1,1,0,0,0.0,0.0,0,0,0,0.0,0,0,0,0,0.0,0.0,0.0,0,0,94,0,0,0,0.0,0.0,0.0,0.0,0.0,0.0,0.0
276,25-26-conference-league-fiorentina-vs-crystal-palace,0,0,0,0,0.0,0.0,0,0,0,0,0,0,0.0,0.0,0,0,0.0,0,0.0,0,0,0,0,0,0,0,0,0,0,0.0,0,0.0,0,0,0,0,0.0,0.0,0,0,0,0.0,0,0,0,0,0.0,0.0,0.0,0,0,94,0,0,0,0.0,0.0,0.0,0.0,0.0,0.0,0.0
690,25-26-conference-league-fiorentina-vs-crystal-palace,0,0,0,0,0.0,0.0,0,0,0,0,0,0,0.0,0.0,0,0,0.0,0,0.0,0,0,0,0,0,0,0,0,0,0,0.0,0,0.0,0,0,0,0,0.0,0.0,0,0,0,0.0,0,0,0,0,0.0,0.0,0.0,0,0,94,0,0,0,0.0,0.0,0.0,0.0,0.0,0.0,0.0
669,25-26-europa-league-nottingham-forest-vs-fc-porto,90,0,0,0,0.05,0.19,0,0,0,5,57,24,77.0,1.0,1,1,50.0,2,67.0,4,1,4,0,1,1,1,7,5,7,58.0,0,0.0,2,1,0,0,0.0,0.0,0,0,0,2.0,0,0,0,0,0.0,0.0,0.0,0,0,90,1,0,0,0.0,0.0,0.0,0.0,0.0,0.0,0.0
511,25-26-europa-league-nottingham-forest-vs-fc-porto,90,0,0,0,0.0,0.01,0,0,0,0,70,50,89.0,1.0,6,0,0.0,1,33.0,3,2,5,1,1,0,1,4,3,3,50.0,1,100.0,0,1,0,0,0.0,0.0,0,0,0,1.0,0,0,0,0,0.0,0.0,0.0,0,0,90,1,0,0,0.0,0.0,0.0,0.0,0.0,0.0,0.0
508,25-26-europa-league-nottingham-forest-vs-fc-porto,29,0,0,0,0.0,0.0,0,0,0,2,13,10,100.0,0.0,0,1,100.0,1,100.0,0,0,1,0,0,0,0,0,1,0,0.0,0,0.0,0,1,0,0,0.0,0.0,0,0,0,1.0,0,0,0,0,0.0,0.0,0.0,0,60,90,0,0,0,0.0,0.0,0.0,0.0,0.0,0.0,0.0
734,25-26-europa-league-nottingham-forest-vs-fc-porto,61,0,0,0,0.0,0.01,0,0,0,0,52,28,97.0,0.0,5,0,0.0,1,50.0,2,1,5,0,0,0,1,6,4,6,60.0,0,0.0,1,0,0,0,0.0,0.0,0,0,0,0.0,0,0,0,0,0.0,0.0,0.0,0,0,60,1,0,0,0.0,0.0,0.0,0.0,0.0,0.0,0.0
526,25-26-europa-league-nottingham-forest-vs-fc-porto,45,0,0,0,0.0,0.0,0,0,0,1,14,7,70.0,0.0,1,0,0.0,0,0.0,0,1,0,0,1,0,0,3,4,0,0.0,3,43.0,0,1,0,0,0.0,0.0,0,0,0,0.0,0,0,0,0,0.0,0.0,0.0,0,46,90,0,0,0,0.0,0.0,0.0,0.0,0.0,0.0,0.0
426,25-26-europa-league-nottingham-forest-vs-fc-porto,74,0,0,0,0.06,0.02,1,0,0,0,43,29,88.0,1.0,5,0,0.0,0,0.0,2,0,4,0,0,0,0,2,1,2,67.0,0,0.0,0,1,0,0,0.0,0.0,0,0,0,0.0,0,0,0,0,0.0,0.0,0.04,0,0,74,1,0,0,0.0,0.0,0.0,0.0,0.0,0.0,0.0
693,25-26-europa-league-nottingham-forest-vs-fc-porto,30,0,0,0,0.0,0.17,0,0,0,0,15,9,75.0,0.0,1,0,0.0,0,0.0,1,0,2,0,0,0,0,1,2,1,100.0,0,0.0,0,0,0,0,0.0,0.0,0,0,0,0.0,0,0,0,0,0.0,0.0,0.0,0,60,90,0,0,0,0.0,0.0,0.0,0.0,0.0,0.0,0.0
389,25-26-europa-league-aston-villa-vs-bologna,0,0,0,0,0.0,0.0,0,0,0,0,0,0,0.0,0.0,0,0,0.0,0,0.0,0,0,0,0,0,0,0,0,0,0,0.0,0,0.0,0,0,0,0,0.0,0.0,0,0,0,0.0,0,0,0,0,0.0,0.0,0.0,0,0,94,1,0,0,0.0,0.0,0.0,0.0,0.0,0.0,0.0
39,25-26-europa-league-aston-villa-vs-bologna,2,0,0,0,0.0,0.0,0,0,0,0,3,2,67.0,0.0,0,0,0.0,0,0.0,0,0,1,0,0,0,0,0,0,0,0.0,0,0.0,0,0,0,0,0.0,0.0,0,0,0,0.0,0,0,0,0,0.0,0.0,0.0,0,88,94,1,0,0,0.0,0.0,0.0,0.0,0.0,0.0,0.0
513,25-26-europa-league-nottingham-forest-vs-fc-porto,90,0,0,0,0.0,0.0,0,0,0,0,42,29,91.0,0.0,1,0,0.0,2,40.0,2,0,4,0,5,3,0,2,2,2,67.0,0,0.0,0,1,0,0,0.0,0.0,0,0,0,0.0,0,0,0,0,0.0,0.0,0.0,0,0,90,1,0,0,0.0,0.0,0.0,0.0,0.0,0.0,0.0
506,25-26-europa-league-nottingham-forest-vs-fc-porto,45,0,0,0,0.0,0.0,0,0,0,0,32,27,100.0,0.0,2,0,0.0,1,100.0,0,0,1,0,1,1,0,0,2,0,0.0,0,0.0,0,0,0,0,0.0,0.0,0,0,0,0.0,0,0,0,0,0.0,0.0,0.0,0,0,46,1,0,0,0.0,0.0,0.0,0.0,0.0,0.0,0.0
712,25-26-conference-league-fiorentina-vs-crystal-palace,25,0,0,0,0.17,0.11,1,0,0,2,25,17,100.0,1.0,2,0,0.0,1,100.0,2,1,1,0,0,0,0,5,1,4,80.0,1,100.0,0,0,0,0,0.0,0.0,0,0,0,0.0,0,0,0,0,0.0,0.0,0.0,0,66,94,0,0,0,0.0,0.0,0.0,0.0,0.0,0.0,0.0
580,25-26-conference-league-fiorentina-vs-crystal-palace,1,0,0,0,0.0,0.01,0,0,0,0,2,2,100.0,0.0,0,0,0.0,0,0.0,0,0,0,0,0,0,0,0,0,0,0.0,0,0.0,0,0,0,0,0.0,0.0,0,0,0,0.0,0,0,0,0,0.0,0.0,0.0,0,94,94,0,0,0,0.0,0.0,0.0,0.0,0.0,0.0,0.0
677,25-26-conference-league-fiorentina-vs-crystal-palace,65,0,0,0,0.13,0.13,0,0,0,5,37,14,78.0,1.0,2,1,100.0,0,0.0,0,1,2,0,0,0,0,6,3,5,62.0,1,100.0,4,1,0,0,0.0,0.0,0,0,0,2.0,0,0,0,0,0.0,0.0,0.0,0,0,66,0,0,0,0.0,0.0,0.0,0.0,0.0,0.0,0.0
723,25-26-conference-league-fiorentina-vs-crystal-palace,90,0,0,0,0.02,0.02,1,0,0,1,84,71,93.0,0.0,6,0,0.0,6,75.0,0,0,5,0,1,1,0,5,5,3,50.0,2,50.0,2,4,0,0,0.0,0.0,0,0,0,0.0,0,0,0,0,0.0,0.0,0.03,0,0,94,0,0,0,0.0,0.0,0.0,0.0,0.0,0.0,0.0
422,25-26-prem-chelsea-vs-manchester-city,9,0,0,0,0.0,0.03,0,0,0,0,20,16,100.0,0.0,2,0,0.0,0,0.0,0,0,0,0,0,0,0,2,1,2,67.0,0,0.0,2,0,0,0,0.0,0.0,0,0,0,1.0,0,0,0,0,0.0,0.0,0.0,0,81,98,0,0,0,0.0,0.0,0.0,0.0,0.0,0.0,0.0
405,25-26-prem-chelsea-vs-manchester-city,0,0,0,0,0.0,0.0,0,0,0,0,0,0,0.0,0.0,0,0,0.0,0,0.0,0,0,0,0,0,0,0,0,0,0,0.0,0,0.0,0,0,0,0,0.0,0.0,0,0,0,0.0,0,0,0,0,0.0,0.0,0.0,0,0,98,0,0,0,0.0,0.0,0.0,0.0,0.0,0.0,0.0
233,25-26-prem-chelsea-vs-manchester-city,2,0,0,0,0.0,0.0,0,0,0,0,5,3,100.0,0.0,0,0,0.0,0,0.0,1,0,0,0,0,0,0,1,0,1,100.0,0,0.0,0,0,0,0,0.0,0.0,0,0,0,0.0,0,0,0,0,0.0,0.0,0.0,0,88,98,0,0,0,0.0,0.0,0.0,0.0,0.0,0.0,0.0
252,25-26-prem-chelsea-vs-manchester-city,0,0,0,0,0.0,0.0,0,0,0,0,0,0,0.0,0.0,0,0,0.0,0,0.0,0,0,0,0,0,0,0,0,0,0,0.0,0,0.0,0,0,0,0,0.0,0.0,0,0,0,0.0,0,0,0,0,0.0,0.0,0.0,0,0,98,3,0,0,0.0,0.0,0.0,0.0,0.0,0.0,0.0
672,25-26-prem-chelsea-vs-manchester-city,90,0,0,0,0.0,0.01,0,0,0,1,79,62,95.0,0.0,3,0,0.0,1,100.0,4,0,3,1,2,2,2,4,7,4,44.0,0,0.0,0,2,0,0,0.0,0.0,0,0,0,0.0,0,0,0,0,0.0,0.0,0.0,0,0,98,3,0,0,0.0,0.0,0.0,0.0,0.0,0.0,0.0
470,25-26-prem-burnley-vs-brighton-hove-albion,90,0,0,0,0.0,0.0,0,0,0,0,57,0,0.0,0.0,8,0,0.0,0,0.0,0,0,12,0,1,0,0,1,0,1,100.0,0,0.0,1,0,3,2,2.5,0.5,0,29,9,0.0,0,0,3,0,0.0,0.0,0.0,0,0,90,2,0,0,0.0,0.0,0.0,0.0,0.0,0.0,0.0
73,25-26-prem-arsenal-vs-afc-bournemouth,1,0,0,0,0.0,0.0,0,0,0,0,1,0,0.0,0.0,0,0,0.0,0,0.0,0,0,0,0,0,0,0,0,0,0,0.0,0,0.0,0,0,0,0,0.0,0.0,0,0,0,0.0,0,0,0,0,0.0,0.0,0.0,0,90,96,0,0,0,0.0,0.0,0.0,0.0,0.0,0.0,0.0
24,25-26-prem-arsenal-vs-afc-bournemouth,0,0,0,0,0.0,0.0,0,0,0,0,0,0,0.0,0.0,0,0,0.0,0,0.0,0,0,0,0,0,0,0,0,0,0,0.0,0,0.0,0,0,0,0,0.0,0.0,0,0,0,0.0,0,0,0,0,0.0,0.0,0.0,0,0,96,2,0,0,0.0,0.0,0.0,0.0,0.0,0.0,0.0
2,25-26-prem-arsenal-vs-afc-bournemouth,0,0,0,0,0.0,0.0,0,0,0,0,0,0,0.0,0.0,0,0,0.0,0,0.0,0,0,0,0,0,0,0,0,0,0,0.0,0,0.0,0,0,0,0,0.0,0.0,0,0,0,0.0,0,0,0,0,0.0,0.0,0.0,0,0,96,2,0,0,0.0,0.0,0.0,0.0,0.0,0.0,0.0
525,25-26-prem-nottingham-forest-vs-aston-villa,25,0,0,0,0.17,0.01,0,0,0,2,8,5,83.0,0.0,1,0,0.0,0,0.0,0,0,0,0,0,0,0,3,3,0,0.0,3,60.0,0,0,0,0,0.0,0.0,0,0,0,0.0,0,0,0,0,0.0,0.0,0.0,0,65,91,0,0,0,0.0,0.0,0.0,0.0,0.0,0.0,0.0
502,25-26-prem-nottingham-forest-vs-aston-villa,90,0,0,0,0.0,0.0,0,0,0,0,33,0,0.0,0.0,4,0,0.0,0,0.0,0,0,5,0,0,0,0,0,0,0,0.0,0,0.0,0,0,5,1,0.78,0.78,1,19,6,0.0,0,0,3,0,0.0,0.0,0.0,0,0,91,1,0,0,0.0,0.0,0.0,0.0,0.0,0.0,0.0
33,25-26-prem-nottingham-forest-vs-aston-villa,90,0,0,0,0.0,0.0,0,0,0,0,50,0,0.0,0.0,1,0,0.0,0,0.0,0,0,9,0,1,0,0,0,0,0,0.0,0,0.0,0,0,4,1,0.53,-0.47,0,28,3,0.0,1,0,1,0,0.0,0.0,0.0,0,0,91,1,0,0,0.0,0.0,0.0,0.0,0.0,0.0,0.0
37,25-26-prem-nottingham-forest-vs-aston-villa,78,0,0,0,0.0,0.07,0,0,0,2,60,34,87.0,2.0,1,2,67.0,1,100.0,4,1,3,0,3,3,0,6,5,4,67.0,2,40.0,0,1,0,0,0.0,0.0,0,0,0,1.0,0,0,0,0,0.0,0.0,0.0,0,0,78,1,0,0,0.0,0.0,0.0,0.0,0.0,0.0,0.0
55,25-26-prem-nottingham-forest-vs-aston-villa,77,0,0,0,0.02,0.03,1,0,0,1,38,22,92.0,0.0,2,0,0.0,1,100.0,1,0,4,0,1,1,0,6,2,6,86.0,0,0.0,3,0,0,0,0.0,0.0,0,0,0,0.0,0,0,0,0,0.0,0.0,0.02,0,0,77,1,0,0,0.0,0.0,0.0,0.0,0.0,0.0,0.0
719,25-26-prem-nottingham-forest-vs-aston-villa,90,0,0,0,0.25,0.0,0,0,0,2,74,64,94.0,0.0,5,0,0.0,1,20.0,1,0,1,0,1,1,0,1,0,1,100.0,0,0.0,0,0,0,0,0.0,0.0,0,0,0,0.0,0,0,0,0,0.0,0.0,0.0,0,0,91,1,0,0,0.0,0.0,0.0,0.0,0.0,0.0,0.0
54,25-26-prem-nottingham-forest-vs-aston-villa,90,0,0,0,0.1,0.07,1,0,0,2,49,33,92.0,1.0,7,0,0.0,5,100.0,0,1,4,0,0,0,0,6,4,6,75.0,0,0.0,2,1,0,0,0.0,0.0,0,0,0,1.0,0,0,0,0,0.0,0.0,0.47,0,0,91,1,0,0,0.0,0.0,0.0,0.0,0.0,0.0,0.0
48,25-26-prem-nottingham-forest-vs-aston-villa,90,0,0,0,0.02,0.17,0,0,0,2,64,36,80.0,2.0,5,1,100.0,1,50.0,3,1,3,2,1,1,1,6,3,5,71.0,1,50.0,2,0,0,0,0.0,0.0,0,0,0,0.0,0,0,0,0,0.0,0.0,0.0,0,0,91,1,0,0,0.0,0.0,0.0,0.0,0.0,0.0,0.0
64,25-26-prem-nottingham-forest-vs-aston-villa,87,0,0,0,0.26,0.0,0,0,0,4,26,10,67.0,1.0,1,0,0.0,0,0.0,1,0,1,0,1,0,1,3,5,3,38.0,0,0.0,1,1,0,0,0.0,0.0,0,0,0,3.0,0,0,0,0,0.0,0.0,0.0,0,0,87,1,0,0,0.0,0.0,0.0,0.0,0.0,0.0,0.0
49,25-26-prem-nottingham-forest-vs-aston-villa,0,0,0,0,0.0,0.0,0,0,0,0,0,0,0.0,0.0,0,0,0.0,0,0.0,0,0,0,0,0,0,0,0,0,0,0.0,0,0.0,0,0,0,0,0.0,0.0,0,0,0,0.0,0,0,0,0,0.0,0.0,0.0,0,0,91,1,0,0,0.0,0.0,0.0,0.0,0.0,0.0,0.0
44,25-26-prem-nottingham-forest-vs-aston-villa,0,0,0,0,0.0,0.0,0,0,0,0,0,0,0.0,0.0,0,0,0.0,0,0.0,0,0,0,0,0,0,0,0,0,0,0.0,0,0.0,0,0,0,0,0.0,0.0,0,0,0,0.0,0,0,0,0,0.0,0.0,0.0,0,0,91,1,0,0,0.0,0.0,0.0,0.0,0.0,0.0,0.0
693,25-26-prem-nottingham-forest-vs-aston-villa,65,0,0,0,0.0,0.01,0,0,0,2,32,15,71.0,0.0,2,0,0.0,1,50.0,0,2,4,0,0,0,0,4,4,2,33.0,2,100.0,0,2,0,0,0.0,0.0,0,0,0,2.0,0,0,0,0,0.0,0.0,0.0,0,0,65,1,0,0,0.0,0.0,0.0,0.0,0.0,0.0,0.0
42,25-26-prem-nottingham-forest-vs-aston-villa,1,0,0,0,0.0,0.0,0,0,0,0,3,2,100.0,0.0,0,0,0.0,0,0.0,0,0,0,0,0,0,0,0,0,0,0.0,0,0.0,0,0,0,0,0.0,0.0,0,0,0,0.0,0,0,0,0,0.0,0.0,0.0,0,91,91,0,0,0,0.0,0.0,0.0,0.0,0.0,0.0,0.0
506,25-26-prem-nottingham-forest-vs-aston-villa,90,0,0,0,0.13,0.01,0,0,0,1,64,41,82.0,0.0,6,0,0.0,1,17.0,0,2,1,0,6,4,1,1,5,0,0.0,1,50.0,0,4,0,0,0.0,0.0,0,0,0,0.0,0,0,0,0,0.0,0.0,0.0,0,0,91,1,0,0,0.0,0.0,0.0,0.0,0.0,0.0,0.0
106,25-26-prem-brentford-vs-everton,90,0,0,0,0.24,0.01,0,0,0,3,69,45,90.0,0.0,8,0,0.0,3,50.0,1,2,6,0,8,6,0,5,5,2,100.0,3,38.0,1,0,0,0,0.0,0.0,0,0,0,0.0,0,0,0,0,0.0,0.0,0.0,0,0,91,2,0,0,0.0,0.0,0.0,0.0,0.0,0.0,0.0
299,25-26-prem-brentford-vs-everton,90,0,0,0,0.07,0.07,1,0,0,3,38,23,88.0,3.0,0,0,0.0,0,0.0,3,0,5,0,2,0,2,3,6,3,43.0,0,0.0,0,0,0,0,0.0,0.0,0,0,0,2.0,0,0,0,0,0.0,0.0,0.37,0,0,91,2,0,0,0.0,0.0,0.0,0.0,0.0,0.0,0.0
107,25-26-prem-brentford-vs-everton,90,0,0,0,0.02,0.52,0,0,0,3,63,26,79.0,2.0,6,4,44.0,0,0.0,3,0,5,0,3,1,0,4,2,4,80.0,0,0.0,0,1,0,0,0.0,0.0,0,0,0,0.0,0,0,0,0,0.0,0.0,0.0,0,0,91,2,0,0,0.0,0.0,0.0,0.0,0.0,0.0,0.0
290,25-26-prem-brentford-vs-everton,90,0,0,0,0.06,0.0,0,0,0,0,50,30,86.0,0.0,6,0,0.0,1,100.0,1,2,3,2,7,6,1,5,2,1,50.0,4,80.0,0,0,0,0,0.0,0.0,0,0,0,0.0,0,0,0,0,0.0,0.0,0.0,0,0,91,2,0,0,0.0,0.0,0.0,0.0,0.0,0.0,0.0
668,25-26-prem-sunderland-vs-tottenham-hotspur,90,0,0,0,0.13,0.09,0,0,0,1,85,55,85.0,0.0,16,2,50.0,3,60.0,5,0,9,0,2,2,0,8,4,7,78.0,1,33.0,3,1,0,0,0.0,0.0,0,0,0,1.0,0,0,0,0,0.0,0.0,0.0,0,0,98,0,0,0,0.0,0.0,0.0,0.0,0.0,0.0,0.0
539,25-26-prem-sunderland-vs-tottenham-hotspur,90,0,0,0,0.02,0.08,0,0,0,3,52,35,90.0,0.0,6,0,0.0,2,50.0,0,1,0,0,6,1,0,2,2,1,100.0,1,33.0,0,0,0,0,0.0,0.0,0,0,0,0.0,0,0,0,0,0.0,0.0,0.0,0,0,98,0,0,0,0.0,0.0,0.0,0.0,0.0,0.0,0.0
596,25-26-prem-sunderland-vs-tottenham-hotspur,90,0,0,0,0.56,0.0,2,0,0,7,18,4,67.0,0.0,0,0,0.0,0,0.0,1,0,1,0,0,0,0,3,3,1,33.0,2,67.0,0,1,0,0,0.0,0.0,0,0,0,1.0,0,0,0,0,0.0,0.0,0.81,0,0,98,1,0,0,0.0,0.0,0.0,0.0,0.0,0.0,0.0
807,25-26-prem-arsenal-vs-afc-bournemouth,70,0,0,0,0.0,0.06,0,0,0,2,27,13,76.0,1.0,1,1,100.0,0,0.0,1,1,1,0,1,0,1,5,4,3,60.0,2,50.0,1,1,0,0,0.0,0.0,0,0,0,0.0,0,0,0,0,0.0,0.0,0.0,0,0,70,1,0,0,0.0,0.0,0.0,0.0,0.0,0.0,0.0
257,25-26-prem-crystal-palace-vs-newcastle-united,90,0,0,0,0.0,0.01,0,0,0,1,58,35,90.0,0.0,1,0,0.0,2,100.0,2,3,3,1,8,5,0,9,5,3,43.0,6,86.0,1,4,0,0,0.0,0.0,0,0,0,0.0,0,0,0,0,0.0,0.0,0.0,0,0,96,1,0,0,0.0,0.0,0.0,0.0,0.0,0.0,0.0
261,25-26-prem-crystal-palace-vs-newcastle-united,90,0,0,0,0.0,0.01,0,0,0,0,53,27,77.0,0.0,7,0,0.0,3,33.0,1,1,3,0,7,3,0,2,0,1,100.0,1,100.0,0,0,0,0,0.0,0.0,0,0,0,0.0,0,0,0,0,0.0,0.0,0.0,0,0,96,1,0,0,0.0,0.0,0.0,0.0,0.0,0.0,0.0
202,25-26-prem-burnley-vs-brighton-hove-albion,23,0,0,0,0.0,0.0,0,0,0,2,17,10,77.0,0.0,0,0,0.0,0,0.0,0,0,1,0,0,0,0,1,0,0,0.0,1,100.0,0,0,0,0,0.0,0.0,0,0,0,0.0,0,0,0,0,0.0,0.0,0.0,0,67,90,1,0,0,0.0,0.0,0.0,0.0,0.0,0.0,0.0
341,25-26-prem-manchester-united-vs-leeds-united,90,0,0,0,0.0,0.0,0,0,0,0,49,0,0.0,0.0,10,0,0.0,0,0.0,0,0,10,0,2,0,0,0,0,0,0.0,0,0.0,0,0,6,1,1.8,0.8,1,20,10,0.0,1,0,5,0,0.0,0.0,0.0,0,0,90,1,0,0,0.0,0.0,0.0,0.0,0.0,0.0,0.0
457,25-26-prem-manchester-united-vs-leeds-united,90,1,0,0,0.23,0.07,2,0,0,6,75,44,79.0,4.0,6,1,33.0,3,75.0,0,2,6,0,3,2,2,7,6,3,38.0,4,80.0,4,2,0,0,0.0,0.0,0,0,0,0.0,0,0,0,0,0.0,0.0,0.14,0,0,90,2,0,0,0.0,0.0,0.0,0.0,0.0,0.0,0.0
346,25-26-prem-manchester-united-vs-leeds-united,0,0,0,0,0.0,0.0,0,0,0,0,0,0,0.0,0.0,0,0,0.0,0,0.0,0,0,0,0,0,0,0,0,0,0,0.0,0,0.0,0,0,0,0,0.0,0.0,0,0,0,0.0,0,0,0,0,0.0,0.0,0.0,0,0,90,1,0,0,0.0,0.0,0.0,0.0,0.0,0.0,0.0
671,25-26-prem-west-ham-united-vs-wolverhampton-wanderers,8,0,0,0,0.0,0.0,0,0,0,0,6,2,50.0,0.0,0,0,0.0,0,0.0,0,0,1,0,1,0,0,0,0,0,0.0,0,0.0,0,0,0,0,0.0,0.0,0,0,0,0.0,0,0,0,0,0.0,0.0,0.0,0,82,90,0,0,0,0.0,0.0,0.0,0.0,0.0,0.0,0.0
629,25-26-prem-west-ham-united-vs-wolverhampton-wanderers,0,0,0,0,0.0,0.0,0,0,0,0,0,0,0.0,0.0,0,0,0.0,0,0.0,0,0,0,0,0,0,0,0,0,0,0.0,0,0.0,0,0,0,0,0.0,0.0,0,0,0,0.0,0,0,0,0,0.0,0.0,0.0,0,0,90,4,0,0,0.0,0.0,0.0,0.0,0.0,0.0,0.0
600,25-26-prem-west-ham-united-vs-wolverhampton-wanderers,0,0,0,0,0.0,0.0,0,0,0,0,0,0,0.0,0.0,0,0,0.0,0,0.0,0,0,0,0,0,0,0,0,0,0,0.0,0,0.0,0,0,0,0,0.0,0.0,0,0,0,0.0,0,0,0,0,0.0,0.0,0.0,0,0,90,0,0,0,0.0,0.0,0.0,0.0,0.0,0.0,0.0
615,25-26-prem-west-ham-united-vs-wolverhampton-wanderers,78,0,0,0,0.41,0.01,0,0,0,4,34,15,79.0,1.0,3,0,0.0,1,100.0,2,0,3,0,0,0,1,3,6,3,38.0,0,0.0,0,3,0,0,0.0,0.0,0,0,0,1.0,0,0,0,0,0.0,0.0,0.0,0,0,78,0,0,0,0.0,0.0,0.0,0.0,0.0,0.0,0.0
609,25-26-prem-west-ham-united-vs-wolverhampton-wanderers,0,0,0,0,0.0,0.0,0,0,0,0,0,0,0.0,0.0,0,0,0.0,0,0.0,0,0,0,0,0,0,0,0,0,0,0.0,0,0.0,0,0,0,0,0.0,0.0,0,0,0,0.0,0,0,0,0,0.0,0.0,0.0,0,0,90,0,0,0,0.0,0.0,0.0,0.0,0.0,0.0,0.0
294,25-26-prem-brentford-vs-everton,0,0,0,0,0.0,0.0,0,0,0,0,0,0,0.0,0.0,0,0,0.0,0,0.0,0,0,0,0,0,0,0,0,0,0,0.0,0,0.0,0,0,0,0,0.0,0.0,0,0,0,0.0,0,0,0,0,0.0,0.0,0.0,0,0,91,2,0,0,0.0,0.0,0.0,0.0,0.0,0.0,0.0
302,25-26-prem-brentford-vs-everton,74,0,1,0,0.11,0.6,1,0,0,3,56,30,79.0,1.0,5,0,0.0,1,50.0,1,0,3,0,5,3,1,1,5,1,25.0,0,0.0,0,1,0,0,0.0,0.0,0,0,0,1.0,0,0,0,0,0.0,0.0,0.12,0,0,74,1,0,0,0.0,0.0,0.0,0.0,0.0,0.0,0.0
331,25-26-prem-liverpool-vs-fulham,0,0,0,0,0.0,0.0,0,0,0,0,0,0,0.0,0.0,0,0,0.0,0,0.0,0,0,0,0,0,0,0,0,0,0,0.0,0,0.0,0,0,0,0,0.0,0.0,0,0,0,0.0,0,0,0,0,0.0,0.0,0.0,0,0,90,2,0,0,0.0,0.0,0.0,0.0,0.0,0.0,0.0
384,25-26-prem-liverpool-vs-fulham,90,0,1,0,0.13,0.05,0,0,0,8,29,10,91.0,1.0,0,0,0.0,0,0.0,3,0,3,0,0,0,0,5,4,5,56.0,0,0.0,1,3,0,0,0.0,0.0,0,0,0,1.0,0,0,0,0,0.0,0.0,0.0,0,0,90,0,0,0,0.0,0.0,0.0,0.0,0.0,0.0,0.0
374,25-26-prem-liverpool-vs-fulham,90,0,0,0,0.0,0.01,0,0,0,0,81,65,88.0,0.0,6,0,0.0,0,0.0,0,1,3,0,2,0,0,2,4,1,50.0,1,25.0,1,1,0,0,0.0,0.0,0,0,0,0.0,0,0,0,0,0.0,0.0,0.0,0,0,90,0,0,0,0.0,0.0,0.0,0.0,0.0,0.0,0.0
414,25-26-prem-chelsea-vs-manchester-city,14,0,0,0,0.0,0.04,0,0,0,2,21,10,83.0,2.0,1,1,50.0,0,0.0,2,0,2,0,0,0,0,3,2,3,60.0,0,0.0,1,0,0,0,0.0,0.0,0,0,0,0.0,0,0,0,0,0.0,0.0,0.0,0,76,98,0,0,0,0.0,0.0,0.0,0.0,0.0,0.0,0.0
413,25-26-prem-chelsea-vs-manchester-city,0,0,0,0,0.0,0.0,0,0,0,0,0,0,0.0,0.0,0,0,0.0,0,0.0,0,0,0,0,0,0,0,0,0,0,0.0,0,0.0,0,0,0,0,0.0,0.0,0,0,0,0.0,0,0,0,0,0.0,0.0,0.0,0,0,98,0,0,0,0.0,0.0,0.0,0.0,0.0,0.0,0.0
236,25-26-prem-chelsea-vs-manchester-city,90,0,0,0,0.05,0.18,1,0,0,2,46,19,86.0,3.0,2,2,40.0,0,0.0,0,0,5,0,0,0,2,5,8,5,38.0,0,0.0,2,2,0,0,0.0,0.0,0,0,0,2.0,0,0,0,0,0.0,0.0,0.05,0,0,98,3,0,0,0.0,0.0,0.0,0.0,0.0,0.0,0.0
260,25-26-prem-chelsea-vs-manchester-city,90,1,0,0,0.33,0.04,1,0,0,3,118,101,99.0,1.0,20,0,0.0,1,100.0,3,3,2,2,1,0,0,8,1,5,100.0,3,75.0,2,0,0,0,0.0,0.0,0,0,0,0.0,0,0,0,0,0.0,0.0,0.79,0,0,98,0,0,0,0.0,0.0,0.0,0.0,0.0,0.0,0.0
427,25-26-prem-chelsea-vs-manchester-city,0,0,0,0,0.0,0.0,0,0,0,0,0,0,0.0,0.0,0,0,0.0,0,0.0,0,0,0,0,0,0,0,0,0,0,0.0,0,0.0,0,0,0,0,0.0,0.0,0,0,0,0.0,0,0,0,0,0.0,0.0,0.0,0,0,98,0,0,0,0.0,0.0,0.0,0.0,0.0,0.0,0.0
224,25-26-prem-chelsea-vs-manchester-city,90,0,0,0,0.54,0.04,1,0,0,2,43,20,87.0,2.0,1,1,100.0,1,50.0,2,1,3,2,2,1,1,3,1,3,75.0,0,0.0,1,0,0,0,0.0,0.0,0,0,0,0.0,0,0,0,0,0.0,0.0,0.53,0,0,98,3,0,0,0.0,0.0,0.0,0.0,0.0,0.0,0.0
230,25-26-prem-chelsea-vs-manchester-city,90,0,0,0,0.0,0.0,0,0,0,0,59,40,95.0,0.0,3,0,0.0,2,100.0,3,2,1,1,10,4,0,5,0,3,100.0,2,100.0,1,0,0,0,0.0,0.0,0,0,0,0.0,0,0,0,0,0.0,0.0,0.0,0,0,98,3,0,0,0.0,0.0,0.0,0.0,0.0,0.0,0.0
82,25-26-prem-chelsea-vs-manchester-city,90,0,0,0,0.29,0.03,2,0,0,5,57,29,88.0,1.0,2,0,0.0,0,0.0,0,0,2,0,1,0,0,7,5,7,58.0,0,0.0,2,1,0,0,0.0,0.0,0,0,0,1.0,0,0,0,0,0.0,0.0,0.1,0,0,98,0,0,0,0.0,0.0,0.0,0.0,0.0,0.0,0.0
402,25-26-prem-chelsea-vs-manchester-city,26,0,0,0,0.0,0.11,0,0,0,0,31,15,83.0,0.0,0,2,50.0,1,100.0,2,0,2,0,0,0,0,3,4,3,43.0,0,0.0,0,2,0,0,0.0,0.0,0,0,0,1.0,0,0,0,0,0.0,0.0,0.0,0,64,98,0,0,0,0.0,0.0,0.0,0.0,0.0,0.0,0.0
407,25-26-prem-chelsea-vs-manchester-city,90,0,0,0,0.0,0.17,0,0,0,1,89,65,94.0,3.0,10,1,50.0,4,80.0,0,2,6,0,2,1,1,3,2,2,50.0,1,100.0,2,0,0,0,0.0,0.0,0,0,0,1.0,0,0,0,0,0.0,0.0,0.0,0,0,98,0,0,0,0.0,0.0,0.0,0.0,0.0,0.0,0.0
235,25-26-prem-chelsea-vs-manchester-city,90,0,0,0,0.28,0.21,1,0,0,4,62,33,92.0,2.0,5,1,100.0,2,100.0,0,1,8,0,3,0,1,2,7,2,22.0,0,0.0,1,0,0,0,0.0,0.0,0,0,0,4.0,0,0,0,0,0.0,0.0,0.57,0,0,98,3,0,0,0.0,0.0,0.0,0.0,0.0,0.0,0.0
417,25-26-prem-chelsea-vs-manchester-city,76,0,2,0,0.2,0.65,1,0,0,4,73,53,90.0,2.0,7,1,20.0,2,50.0,0,0,2,0,0,0,2,3,3,3,50.0,0,0.0,0,0,0,0,0.0,0.0,0,0,0,0.0,0,0,0,0,0.0,0.0,0.21,0,0,76,0,0,0,0.0,0.0,0.0,0.0,0.0,0.0,0.0
250,25-26-prem-chelsea-vs-manchester-city,9,0,0,0,0.0,0.0,0,0,0,0,3,0,0.0,0.0,1,0,0.0,0,0.0,0,0,0,0,1,0,0,0,1,0,0.0,0,0.0,0,1,0,0,0.0,0.0,0,0,0,0.0,0,0,0,0,0.0,0.0,0.0,0,81,98,0,0,0,0.0,0.0,0.0,0.0,0.0,0.0,0.0
241,25-26-prem-chelsea-vs-manchester-city,82,0,0,0,0.03,0.01,0,0,0,0,58,38,81.0,0.0,7,0,0.0,3,75.0,1,0,3,0,0,0,0,3,2,3,60.0,0,0.0,1,1,0,0,0.0,0.0,0,0,0,1.0,0,0,0,0,0.0,0.0,0.0,0,0,82,3,0,0,0.0,0.0,0.0,0.0,0.0,0.0,0.0
415,25-26-prem-chelsea-vs-manchester-city,14,0,0,0,0.0,0.03,0,0,0,2,11,5,83.0,0.0,0,1,50.0,0,0.0,0,0,0,0,0,0,0,0,0,0,0.0,0,0.0,0,0,0,0,0.0,0.0,0,0,0,0.0,0,0,0,0,0.0,0.0,0.0,0,76,98,0,0,0,0.0,0.0,0.0,0.0,0.0,0.0,0.0
182,25-26-prem-chelsea-vs-manchester-city,0,0,0,0,0.0,0.0,0,0,0,0,0,0,0.0,0.0,0,0,0.0,0,0.0,0,0,0,0,0,0,0,0,0,0,0.0,0,0.0,0,0,0,0,0.0,0.0,0,0,0,0.0,0,0,0,0,0.0,0.0,0.0,0,0,98,0,0,0,0.0,0.0,0.0,0.0,0.0,0.0,0.0
455,25-26-prem-manchester-united-vs-leeds-united,0,0,0,0,0.0,0.0,0,0,0,0,0,0,0.0,0.0,0,0,0.0,0,0.0,0,0,0,0,0,0,0,0,0,0,0.0,0,0.0,0,0,0,0,0.0,0.0,0,0,0,0.0,0,0,0,0,0.0,0.0,0.0,0,0,90,2,0,0,0.0,0.0,0.0,0.0,0.0,0.0,0.0
138,25-26-prem-burnley-vs-brighton-hove-albion,0,0,0,0,0.0,0.0,0,0,0,0,0,0,0.0,0.0,0,0,0.0,0,0.0,0,0,0,0,0,0,0,0,0,0,0.0,0,0.0,0,0,0,0,0.0,0.0,0,0,0,0.0,0,0,0,0,0.0,0.0,0.0,0,0,90,0,0,0,0.0,0.0,0.0,0.0,0.0,0.0,0.0
178,25-26-prem-burnley-vs-brighton-hove-albion,75,0,0,0,1.06,0.03,3,0,0,11,29,10,91.0,1.0,2,0,0.0,0,0.0,0,1,2,0,3,3,0,0,5,0,0.0,0,0.0,0,0,0,0,0.0,0.0,0,0,0,1.0,0,0,0,0,0.0,0.0,0.42,0,0,75,0,0,0,0.0,0.0,0.0,0.0,0.0,0.0,0.0
187,25-26-prem-burnley-vs-brighton-hove-albion,8,0,0,0,0.0,0.0,0,0,0,0,20,9,75.0,0.0,3,0,0.0,1,33.0,1,0,1,0,2,0,0,2,0,2,100.0,0,0.0,0,0,0,0,0.0,0.0,0,0,0,0.0,0,0,0,0,0.0,0.0,0.0,0,82,90,1,0,0,0.0,0.0,0.0,0.0,0.0,0.0,0.0
666,25-26-prem-arsenal-vs-afc-bournemouth,90,1,0,0,1.02,0.01,1,0,0,7,26,6,46.0,0.0,0,0,0.0,0,0.0,0,0,0,0,0,0,0,4,7,2,33.0,2,40.0,2,2,0,0,0.0,0.0,0,0,0,0.0,0,0,0,0,0.0,0.0,0.92,0,0,96,2,1,0,0.0,0.0,0.0,0.0,0.0,0.0,0.0
86,25-26-prem-arsenal-vs-afc-bournemouth,20,0,0,0,0.0,0.03,0,0,0,0,11,5,100.0,0.0,1,0,0.0,0,0.0,1,0,3,0,1,0,0,3,0,1,100.0,2,100.0,0,0,0,0,0.0,0.0,0,0,0,0.0,0,0,0,0,0.0,0.0,0.0,0,70,96,0,0,0,0.0,0.0,0.0,0.0,0.0,0.0,0.0
85,25-26-prem-arsenal-vs-afc-bournemouth,20,0,0,0,0.05,0.0,0,0,0,1,12,6,75.0,0.0,0,0,0.0,0,0.0,1,0,1,0,1,1,0,2,0,1,100.0,1,100.0,0,0,0,0,0.0,0.0,0,0,0,0.0,0,0,0,0,0.0,0.0,0.0,0,70,96,0,0,0,0.0,0.0,0.0,0.0,0.0,0.0,0.0
659,25-26-prem-west-ham-united-vs-wolverhampton-wanderers,90,0,0,0,0.0,0.08,0,0,0,2,66,33,92.0,2.0,6,1,100.0,1,33.0,4,1,3,1,1,0,0,8,2,8,80.0,0,0.0,2,0,0,0,0.0,0.0,0,0,0,1.0,0,0,0,0,0.0,0.0,0.0,0,0,90,0,0,0,0.0,0.0,0.0,0.0,0.0,0.0,0.0
610,25-26-prem-west-ham-united-vs-wolverhampton-wanderers,0,0,0,0,0.0,0.0,0,0,0,0,0,0,0.0,0.0,0,0,0.0,0,0.0,0,0,0,0,0,0,0,0,0,0,0.0,0,0.0,0,0,0,0,0.0,0.0,0,0,0,0.0,0,0,0,0,0.0,0.0,0.0,0,0,90,0,0,0,0.0,0.0,0.0,0.0,0.0,0.0,0.0
644,25-26-prem-west-ham-united-vs-wolverhampton-wanderers,61,0,0,0,0.01,0.01,0,0,0,1,32,11,69.0,0.0,3,0,0.0,0,0.0,1,0,3,1,0,0,0,6,5,5,50.0,1,100.0,4,1,0,0,0.0,0.0,0,0,0,2.0,0,0,0,0,0.0,0.0,0.0,0,0,61,1,0,0,0.0,0.0,0.0,0.0,0.0,0.0,0.0
636,25-26-prem-west-ham-united-vs-wolverhampton-wanderers,90,0,0,0,0.0,0.0,0,0,0,0,69,52,90.0,0.0,1,0,0.0,1,33.0,0,1,2,1,6,2,0,4,4,0,0.0,4,57.0,0,0,0,0,0.0,0.0,0,0,0,1.0,0,0,0,0,0.0,0.0,0.0,0,0,90,4,0,0,0.0,0.0,0.0,0.0,0.0,0.0,0.0
679,25-26-prem-west-ham-united-vs-wolverhampton-wanderers,90,0,0,0,0.0,0.0,0,0,0,0,40,0,0.0,0.0,6,0,0.0,0,0.0,0,0,5,0,1,0,0,1,0,1,100.0,0,0.0,1,0,4,0,0.45,0.45,1,19,4,0.0,0,0,1,0,0.0,0.0,0.0,0,0,90,0,0,0,0.0,0.0,0.0,0.0,0.0,0.0,0.0
637,25-26-prem-west-ham-united-vs-wolverhampton-wanderers,0,0,0,0,0.0,0.0,0,0,0,0,0,0,0.0,0.0,0,0,0.0,0,0.0,0,0,0,0,0,0,0,0,0,0,0.0,0,0.0,0,0,0,0,0.0,0.0,0,0,0,0.0,0,0,0,0,0.0,0.0,0.0,0,0,90,4,0,0,0.0,0.0,0.0,0.0,0.0,0.0,0.0
682,25-26-prem-west-ham-united-vs-wolverhampton-wanderers,0,0,0,0,0.0,0.0,0,0,0,0,0,0,0.0,0.0,0,0,0.0,0,0.0,0,0,0,0,0,0,0,0,0,0,0.0,0,0.0,0,0,0,0,0.0,0.0,0,0,0,0.0,0,0,0,0,0.0,0.0,0.0,0,0,90,4,0,0,0.0,0.0,0.0,0.0,0.0,0.0,0.0
27,25-26-prem-brentford-vs-everton,45,0,0,0,0.03,0.02,0,0,0,2,36,22,88.0,1.0,3,0,0.0,2,67.0,1,0,3,0,0,0,0,3,3,3,50.0,0,0.0,0,0,0,0,0.0,0.0,0,0,0,2.0,0,0,0,0,0.0,0.0,0.0,0,46,91,1,0,0,0.0,0.0,0.0,0.0,0.0,0.0,0.0
101,25-26-prem-brentford-vs-everton,90,0,0,0,0.0,0.0,0,0,0,0,48,0,0.0,0.0,3,0,0.0,0,0.0,0,0,5,0,3,0,0,1,0,0,0.0,1,100.0,0,0,4,2,2.19,0.19,0,27,9,0.0,1,0,4,0,0.0,0.0,0.0,0,0,91,2,0,0,0.0,0.0,0.0,0.0,0.0,0.0,0.0
105,25-26-prem-brentford-vs-everton,0,0,0,0,0.0,0.0,0,0,0,0,0,0,0.0,0.0,0,0,0.0,0,0.0,0,0,0,0,0,0,0,0,0,0,0.0,0,0.0,0,0,0,0,0.0,0.0,0,0,0,0.0,0,0,0,0,0.0,0.0,0.0,0,0,91,2,0,0,0.0,0.0,0.0,0.0,0.0,0.0,0.0
292,25-26-prem-brentford-vs-everton,90,0,0,0,0.0,0.01,0,0,0,0,62,22,79.0,1.0,2,0,0.0,1,33.0,2,0,5,0,8,3,0,7,1,4,80.0,3,100.0,2,1,0,0,0.0,0.0,0,0,0,0.0,0,0,0,0,0.0,0.0,0.0,0,0,91,2,0,0,0.0,0.0,0.0,0.0,0.0,0.0,0.0
507,25-26-prem-nottingham-forest-vs-aston-villa,89,0,0,0,0.0,0.13,0,0,0,1,60,30,79.0,2.0,8,1,50.0,3,50.0,3,2,6,0,2,0,0,7,1,7,88.0,0,0.0,3,0,0,0,0.0,0.0,0,0,0,1.0,0,0,0,0,0.0,0.0,0.0,0,0,89,1,0,0,0.0,0.0,0.0,0.0,0.0,0.0,0.0
38,25-26-prem-nottingham-forest-vs-aston-villa,0,0,0,0,0.0,0.0,0,0,0,0,0,0,0.0,0.0,0,0,0.0,0,0.0,0,0,0,0,0,0,0,0,0,0,0.0,0,0.0,0,0,0,0,0.0,0.0,0,0,0,0.0,0,0,0,0,0.0,0.0,0.0,0,0,91,1,0,0,0.0,0.0,0.0,0.0,0.0,0.0,0.0
36,25-26-prem-nottingham-forest-vs-aston-villa,89,0,0,0,0.03,0.02,1,0,0,3,75,38,88.0,0.0,4,0,0.0,2,50.0,0,2,2,1,1,0,0,2,2,1,33.0,1,100.0,1,1,0,0,0.0,0.0,0,0,0,1.0,0,0,0,0,0.0,0.0,0.02,0,0,91,1,0,0,0.0,0.0,0.0,0.0,0.0,0.0,0.0
808,25-26-prem-nottingham-forest-vs-aston-villa,3,0,0,0,0.0,0.0,0,0,0,0,0,0,0.0,0.0,0,0,0.0,0,0.0,0,0,0,0,0,0,0,0,1,0,0.0,0,0.0,0,0,0,0,0.0,0.0,0,0,0,0.0,0,0,0,0,0.0,0.0,0.0,0,87,91,0,0,0,0.0,0.0,0.0,0.0,0.0,0.0,0.0
505,25-26-prem-nottingham-forest-vs-aston-villa,90,0,0,0,0.0,0.0,0,0,0,0,43,35,95.0,0.0,2,0,0.0,2,67.0,3,0,2,0,2,1,0,5,1,3,75.0,2,100.0,0,1,0,0,0.0,0.0,0,0,0,0.0,0,0,0,0,0.0,0.0,0.0,0,0,91,1,0,0,0.0,0.0,0.0,0.0,0.0,0.0,0.0
263,25-26-prem-crystal-palace-vs-newcastle-united,0,0,0,0,0.0,0.0,0,0,0,0,0,0,0.0,0.0,0,0,0.0,0,0.0,0,0,0,0,0,0,0,0,0,0,0.0,0,0.0,0,0,0,0,0.0,0.0,0,0,0,0.0,0,0,0,0,0.0,0.0,0.0,0,0,96,1,0,0,0.0,0.0,0.0,0.0,0.0,0.0,0.0
476,25-26-prem-crystal-palace-vs-newcastle-united,0,0,0,0,0.0,0.0,0,0,0,0,0,0,0.0,0.0,0,0,0.0,0,0.0,0,0,0,0,0,0,0,0,0,0,0.0,0,0.0,0,0,0,0,0.0,0.0,0,0,0,0.0,0,0,0,0,0.0,0.0,0.0,0,0,96,2,0,0,0.0,0.0,0.0,0.0,0.0,0.0,0.0
478,25-26-prem-crystal-palace-vs-newcastle-united,0,0,0,0,0.0,0.0,0,0,0,0,0,0,0.0,0.0,0,0,0.0,0,0.0,0,0,0,0,0,0,0,0,0,0,0.0,0,0.0,0,0,0,0,0.0,0.0,0,0,0,0.0,0,0,0,0,0.0,0.0,0.0,0,0,96,2,0,0,0.0,0.0,0.0,0.0,0.0,0.0,0.0
373,25-26-prem-liverpool-vs-fulham,90,0,0,0,0.13,0.02,0,0,0,4,77,56,93.0,0.0,2,0,0.0,3,75.0,2,1,1,4,6,4,0,5,3,2,100.0,3,50.0,0,1,0,0,0.0,0.0,0,0,0,0.0,0,0,0,0,0.0,0.0,0.0,0,0,90,0,0,0,0.0,0.0,0.0,0.0,0.0,0.0,0.0
664,25-26-prem-liverpool-vs-fulham,0,0,0,0,0.0,0.0,0,0,0,0,0,0,0.0,0.0,0,0,0.0,0,0.0,0,0,0,0,0,0,0,0,0,0,0.0,0,0.0,0,0,0,0,0.0,0.0,0,0,0,0.0,0,0,0,0,0.0,0.0,0.0,0,0,90,2,0,0,0.0,0.0,0.0,0.0,0.0,0.0,0.0
314,25-26-prem-liverpool-vs-fulham,90,0,0,0,0.0,0.0,0,0,0,0,43,0,0.0,0.0,1,0,0.0,0,0.0,0,0,8,0,2,0,0,0,0,0,0.0,0,0.0,0,0,3,2,1.62,-0.38,1,27,8,0.0,1,0,2,0,0.0,0.0,0.0,0,0,90,2,0,0,0.0,0.0,0.0,0.0,0.0,0.0,0.0
337,25-26-prem-liverpool-vs-fulham,10,0,0,0,0.15,0.01,0,0,0,2,6,2,100.0,1.0,0,0,0.0,0,0.0,0,0,0,0,0,0,0,0,1,0,0.0,0,0.0,0,0,0,0,0.0,0.0,0,0,0,0.0,0,0,0,0,0.0,0.0,0.0,0,80,90,0,0,0,0.0,0.0,0.0,0.0,0.0,0.0,0.0
244,25-26-prem-chelsea-vs-manchester-city,23,0,0,0,0.0,0.34,0,0,0,0,27,21,84.0,1.0,1,0,0.0,0,0.0,1,0,3,0,0,0,0,1,0,1,100.0,0,0.0,0,0,0,0,0.0,0.0,0,0,0,0.0,0,0,0,0,0.0,0.0,0.0,0,67,98,1,0,0,0.0,0.0,0.0,0.0,0.0,0.0,0.0
228,25-26-prem-chelsea-vs-manchester-city,88,0,0,0,0.0,0.01,0,0,0,0,47,24,83.0,0.0,2,0,0.0,0,0.0,5,0,3,0,1,0,2,7,3,7,78.0,0,0.0,2,0,0,0,0.0,0.0,0,0,0,0.0,0,0,0,0,0.0,0.0,0.0,0,0,88,3,0,0,0.0,0.0,0.0,0.0,0.0,0.0,0.0
453,25-26-prem-chelsea-vs-manchester-city,23,0,0,0,0.0,0.01,0,0,0,1,15,9,64.0,0.0,0,0,0.0,0,0.0,0,0,1,0,0,0,0,0,1,0,0.0,0,0.0,0,0,0,0,0.0,0.0,0,0,0,0.0,0,0,0,0,0.0,0.0,0.0,0,67,98,1,0,0,0.0,0.0,0.0,0.0,0.0,0.0,0.0
570,25-26-prem-sunderland-vs-tottenham-hotspur,20,0,0,0,0.0,0.01,0,0,0,1,28,18,100.0,0.0,1,0,0.0,1,100.0,2,0,1,0,2,2,0,4,0,2,100.0,2,100.0,0,0,0,0,0.0,0.0,0,0,0,0.0,0,0,0,0,0.0,0.0,0.0,0,70,98,0,0,0,0.0,0.0,0.0,0.0,0.0,0.0,0.0
569,25-26-prem-sunderland-vs-tottenham-hotspur,70,0,0,0,0.04,0.01,0,0,0,1,47,29,91.0,1.0,1,0,0.0,1,100.0,3,2,2,0,4,3,0,8,4,5,71.0,3,60.0,2,3,0,0,0.0,0.0,0,0,0,0.0,0,0,0,0,0.0,0.0,0.0,0,0,70,1,0,0,0.0,0.0,0.0,0.0,0.0,0.0,0.0
443,25-26-prem-manchester-united-vs-leeds-united,90,0,0,0,0.03,0.04,0,0,0,3,79,49,89.0,1.0,8,0,0.0,4,57.0,2,1,4,0,2,1,0,9,4,6,67.0,3,75.0,1,2,0,0,0.0,0.0,0,0,0,0.0,0,0,0,0,0.0,0.0,0.0,0,0,90,2,0,0,0.0,0.0,0.0,0.0,0.0,0.0,0.0
449,25-26-prem-manchester-united-vs-leeds-united,90,0,1,0,0.02,0.49,0,0,0,2,93,56,78.0,5.0,12,4,27.0,8,67.0,2,0,3,0,1,0,1,3,3,2,50.0,1,50.0,0,0,0,0,0.0,0.0,0,0,0,1.0,0,0,0,0,0.0,0.0,0.0,0,0,90,2,0,0,0.0,0.0,0.0,0.0,0.0,0.0,0.0
691,25-26-prem-manchester-united-vs-leeds-united,90,0,0,0,1.32,0.02,2,0,0,8,41,15,60.0,0.0,1,0,0.0,0,0.0,0,0,2,2,0,0,0,6,15,2,25.0,4,31.0,2,5,0,0,0.0,0.0,0,0,0,1.0,0,0,0,0,0.0,0.0,0.58,0,0,90,1,0,0,0.0,0.0,0.0,0.0,0.0,0.0,0.0
665,25-26-prem-manchester-united-vs-leeds-united,0,0,0,0,0.0,0.0,0,0,0,0,0,0,0.0,0.0,0,0,0.0,0,0.0,0,0,0,0,0,0,0,0,0,0,0.0,0,0.0,0,0,0,0,0.0,0.0,0,0,0,0.0,0,0,0,0,0.0,0.0,0.0,0,0,90,1,0,0,0.0,0.0,0.0,0.0,0.0,0.0,0.0
706,25-26-prem-manchester-united-vs-leeds-united,90,0,0,0,0.03,0.03,0,0,0,1,55,34,87.0,0.0,4,1,50.0,1,100.0,0,0,4,1,8,5,0,2,3,1,33.0,1,50.0,1,1,0,0,0.0,0.0,0,0,0,0.0,0,0,0,0,0.0,0.0,0.0,0,0,90,1,0,0,0.0,0.0,0.0,0.0,0.0,0.0,0.0
347,25-26-prem-manchester-united-vs-leeds-united,90,0,0,0,0.0,0.28,0,0,0,3,69,32,78.0,1.0,11,1,20.0,3,100.0,1,1,8,0,2,1,1,5,4,5,62.0,0,0.0,1,0,0,0,0.0,0.0,0,0,0,1.0,0,0,0,0,0.0,0.0,0.0,0,0,90,1,0,0,0.0,0.0,0.0,0.0,0.0,0.0,0.0
365,25-26-prem-manchester-united-vs-leeds-united,0,0,0,0,0.0,0.0,0,0,0,0,0,0,0.0,0.0,0,0,0.0,0,0.0,0,0,0,0,0,0,0,0,0,0,0.0,0,0.0,0,0,0,0,0.0,0.0,0,0,0,0.0,0,0,0,0,0.0,0.0,0.0,0,0,90,1,0,0,0.0,0.0,0.0,0.0,0.0,0.0,0.0
344,25-26-prem-manchester-united-vs-leeds-united,90,0,0,0,0.04,0.0,0,0,0,2,51,31,84.0,0.0,2,0,0.0,6,67.0,3,0,0,1,8,4,1,4,7,3,75.0,1,14.0,0,0,0,0,0.0,0.0,0,0,0,0.0,0,0,0,0,0.0,0.0,0.0,0,0,90,1,0,0,0.0,0.0,0.0,0.0,0.0,0.0,0.0
450,25-26-prem-manchester-united-vs-leeds-united,90,0,0,0,0.13,0.06,2,0,0,5,48,25,86.0,2.0,3,0,0.0,0,0.0,2,1,3,0,1,0,0,6,5,5,62.0,1,33.0,2,2,0,0,0.0,0.0,0,0,0,1.0,0,0,0,0,0.0,0.0,0.2,0,0,90,2,0,0,0.0,0.0,0.0,0.0,0.0,0.0,0.0
587,25-26-prem-sunderland-vs-tottenham-hotspur,0,0,0,0,0.0,0.0,0,0,0,0,0,0,0.0,0.0,0,0,0.0,0,0.0,0,0,0,0,0,0,0,0,0,0,0.0,0,0.0,0,0,0,0,0.0,0.0,0,0,0,0.0,0,0,0,0,0.0,0.0,0.0,0,0,98,1,0,0,0.0,0.0,0.0,0.0,0.0,0.0,0.0
683,25-26-prem-sunderland-vs-tottenham-hotspur,90,0,0,0,0.0,0.0,0,0,0,0,76,48,79.0,0.0,4,0,0.0,1,12.0,1,2,5,0,7,5,0,4,2,4,80.0,0,0.0,2,1,0,0,0.0,0.0,0,0,0,0.0,0,0,0,0,0.0,0.0,0.0,0,0,98,0,0,0,0.0,0.0,0.0,0.0,0.0,0.0,0.0
199,25-26-prem-burnley-vs-brighton-hove-albion,0,0,0,0,0.0,0.0,0,0,0,0,0,0,0.0,0.0,0,0,0.0,0,0.0,0,0,0,0,0,0,0,0,0,0,0.0,0,0.0,0,0,0,0,0.0,0.0,0,0,0,0.0,0,0,0,0,0.0,0.0,0.0,0,0,90,2,0,0,0.0,0.0,0.0,0.0,0.0,0.0,0.0
149,25-26-prem-burnley-vs-brighton-hove-albion,0,0,0,0,0.0,0.0,0,0,0,0,0,0,0.0,0.0,0,0,0.0,0,0.0,0,0,0,0,0,0,0,0,0,0,0.0,0,0.0,0,0,0,0,0.0,0.0,0,0,0,0.0,0,0,0,0,0.0,0.0,0.0,0,0,90,0,0,0,0.0,0.0,0.0,0.0,0.0,0.0,0.0
148,25-26-prem-burnley-vs-brighton-hove-albion,90,0,0,0,0.02,0.03,0,0,0,1,67,41,91.0,0.0,4,0,0.0,1,100.0,3,2,3,0,4,3,2,4,3,4,67.0,0,0.0,1,0,0,0,0.0,0.0,0,0,0,0.0,0,0,0,0,0.0,0.0,0.0,0,0,90,0,0,0,0.0,0.0,0.0,0.0,0.0,0.0,0.0
722,25-26-prem-burnley-vs-brighton-hove-albion,82,0,0,0,0.03,0.05,0,0,0,0,43,27,90.0,1.0,4,0,0.0,1,100.0,0,2,4,0,0,0,2,1,8,0,0.0,1,50.0,0,3,0,0,0.0,0.0,0,0,0,2.0,0,0,0,0,0.0,0.0,0.0,0,0,82,1,0,0,0.0,0.0,0.0,0.0,0.0,0.0,0.0
21,25-26-prem-arsenal-vs-afc-bournemouth,90,0,0,0,0.1,0.33,1,0,0,0,74,43,86.0,2.0,5,3,27.0,0,0.0,3,1,4,0,0,0,0,4,1,4,100.0,0,0.0,0,0,0,0,0.0,0.0,0,0,0,0.0,0,0,0,0,0.0,0.0,0.09,0,0,96,2,0,0,0.0,0.0,0.0,0.0,0.0,0.0,0.0
30,25-26-prem-arsenal-vs-afc-bournemouth,54,0,0,0,0.96,0.01,0,0,0,2,36,17,77.0,0.0,4,0,0.0,1,100.0,2,0,3,0,2,1,3,3,9,3,30.0,0,0.0,1,3,0,0,0.0,0.0,0,0,0,2.0,0,0,0,0,0.0,0.0,0.0,0,0,54,1,0,0,0.0,0.0,0.0,0.0,0.0,0.0,0.0
11,25-26-prem-arsenal-vs-afc-bournemouth,76,0,0,0,0.02,0.02,0,0,0,0,65,35,88.0,1.0,5,0,0.0,3,75.0,2,3,3,0,4,4,2,6,3,4,67.0,2,67.0,1,0,0,0,0.0,0.0,0,0,0,0.0,0,0,0,0,0.0,0.0,0.0,0,0,76,2,0,0,0.0,0.0,0.0,0.0,0.0,0.0,0.0
72,25-26-prem-arsenal-vs-afc-bournemouth,90,0,0,0,0.0,0.02,0,0,0,0,82,53,80.0,0.0,9,0,0.0,2,20.0,4,1,5,1,4,3,1,7,8,6,60.0,1,20.0,2,3,0,0,0.0,0.0,0,0,0,0.0,0,0,0,0,0.0,0.0,0.0,0,0,96,1,0,0,0.0,0.0,0.0,0.0,0.0,0.0,0.0
84,25-26-prem-arsenal-vs-afc-bournemouth,90,0,0,0,0.01,0.05,0,0,0,1,51,28,85.0,1.0,6,0,0.0,0,0.0,3,1,5,0,0,0,1,9,6,7,64.0,2,50.0,1,1,0,0,0.0,0.0,0,0,0,1.0,0,0,0,0,0.0,0.0,0.0,0,0,96,1,0,0,0.0,0.0,0.0,0.0,0.0,0.0,0.0
5,25-26-prem-arsenal-vs-afc-bournemouth,90,0,0,0,0.08,0.01,0,0,0,5,56,30,77.0,0.0,3,0,0.0,0,0.0,1,0,5,1,6,3,0,4,5,2,33.0,2,67.0,1,2,0,0,0.0,0.0,0,0,0,2.0,0,0,0,0,0.0,0.0,0.0,0,0,96,2,0,0,0.0,0.0,0.0,0.0,0.0,0.0,0.0
266,25-26-prem-arsenal-vs-afc-bournemouth,36,0,0,0,0.0,0.08,0,0,0,0,25,18,95.0,1.0,1,0,0.0,0,0.0,1,0,4,0,0,0,0,3,1,3,75.0,0,0.0,1,0,0,0,0.0,0.0,0,0,0,0.0,0,0,0,0,0.0,0.0,0.0,0,54,96,1,0,0,0.0,0.0,0.0,0.0,0.0,0.0,0.0
6,25-26-prem-arsenal-vs-afc-bournemouth,90,0,0,0,0.0,0.0,0,0,0,1,50,37,92.0,1.0,1,0,0.0,2,67.0,1,1,2,0,4,4,0,5,3,2,67.0,3,60.0,0,1,0,0,0.0,0.0,0,0,0,0.0,0,0,0,0,0.0,0.0,0.0,0,0,96,2,0,0,0.0,0.0,0.0,0.0,0.0,0.0,0.0
77,25-26-prem-arsenal-vs-afc-bournemouth,90,0,0,0,0.0,0.01,0,0,0,0,57,32,82.0,1.0,3,0,0.0,0,0.0,3,0,2,1,8,6,0,9,2,5,100.0,4,67.0,1,0,0,0,0.0,0.0,0,0,0,0.0,0,0,0,0,0.0,0.0,0.0,0,0,96,1,0,0,0.0,0.0,0.0,0.0,0.0,0.0,0.0
720,25-26-prem-west-ham-united-vs-wolverhampton-wanderers,19,0,0,0,0.0,0.0,0,0,0,1,7,3,60.0,1.0,0,0,0.0,0,0.0,0,0,0,0,0,0,0,1,1,0,0.0,1,50.0,0,0,0,0,0.0,0.0,0,0,0,0.0,0,0,0,0,0.0,0.0,0.0,0,71,90,1,0,0,0.0,0.0,0.0,0.0,0.0,0.0,0.0
633,25-26-prem-west-ham-united-vs-wolverhampton-wanderers,90,0,0,0,0.05,0.02,1,0,0,1,71,34,94.0,1.0,5,1,14.0,0,0.0,2,2,6,0,3,2,0,4,7,4,40.0,0,0.0,1,1,0,0,0.0,0.0,0,0,0,2.0,0,0,0,0,0.0,0.0,0.01,0,0,90,4,0,0,0.0,0.0,0.0,0.0,0.0,0.0,0.0
635,25-26-prem-west-ham-united-vs-wolverhampton-wanderers,29,0,0,0,0.0,0.0,0,0,0,1,21,8,62.0,0.0,1,0,0.0,0,0.0,1,0,0,0,0,0,0,1,5,1,33.0,0,0.0,0,0,0,0,0.0,0.0,0,0,0,0.0,0,0,0,0,0.0,0.0,0.0,0,61,90,3,0,0,0.0,0.0,0.0,0.0,0.0,0.0,0.0
287,25-26-prem-brentford-vs-everton,90,0,0,0,0.0,0.0,0,0,0,0,36,0,0.0,0.0,7,0,0.0,0,0.0,0,0,5,0,0,0,0,0,1,0,0.0,0,0.0,0,1,2,2,1.63,-0.37,0,23,5,0.0,1,0,2,0,0.0,0.0,0.0,0,0,91,2,0,0,0.0,0.0,0.0,0.0,0.0,0.0,0.0
108,25-26-prem-brentford-vs-everton,0,0,0,0,0.0,0.0,0,0,0,0,0,0,0.0,0.0,0,0,0.0,0,0.0,0,0,0,0,0,0,0,0,0,0,0.0,0,0.0,0,0,0,0,0.0,0.0,0,0,0,0.0,0,0,0,0,0.0,0.0,0.0,0,0,91,2,0,0,0.0,0.0,0.0,0.0,0.0,0.0,0.0
303,25-26-prem-brentford-vs-everton,90,0,0,0,0.0,0.02,0,0,0,2,87,50,81.0,1.0,6,0,0.0,1,17.0,2,3,7,0,5,0,2,5,7,5,56.0,0,0.0,2,1,0,0,0.0,0.0,0,0,0,1.0,0,0,0,0,0.0,0.0,0.0,0,0,91,2,0,0,0.0,0.0,0.0,0.0,0.0,0.0,0.0
310,25-26-prem-brentford-vs-everton,16,0,0,0,0.0,0.01,0,0,0,1,3,3,100.0,1.0,0,0,0.0,0,0.0,0,0,0,0,0,0,0,2,5,0,0.0,2,33.0,0,1,0,0,0.0,0.0,0,0,0,0.0,0,0,0,0,0.0,0.0,0.0,0,74,91,1,0,0,0.0,0.0,0.0,0.0,0.0,0.0,0.0
243,25-26-prem-brentford-vs-everton,16,0,0,0,0.08,0.04,1,0,0,4,12,5,83.0,0.0,0,1,50.0,0,0.0,1,0,1,0,0,0,0,1,0,1,100.0,0,0.0,0,0,0,0,0.0,0.0,0,0,0,0.0,0,0,0,0,0.0,0.0,0.17,0,74,91,1,0,0,0.0,0.0,0.0,0.0,0.0,0.0,0.0
634,25-26-prem-west-ham-united-vs-wolverhampton-wanderers,71,0,0,0,0.08,0.06,0,0,0,4,61,34,89.0,1.0,2,0,0.0,0,0.0,1,1,1,0,4,4,0,5,1,3,75.0,2,100.0,1,0,0,0,0.0,0.0,0,0,0,0.0,0,0,0,0,0.0,0.0,0.0,0,0,71,3,0,0,0.0,0.0,0.0,0.0,0.0,0.0,0.0
41,25-26-prem-nottingham-forest-vs-aston-villa,90,0,0,0,0.0,0.01,0,0,0,0,84,71,92.0,0.0,13,0,0.0,4,50.0,1,0,4,1,0,0,0,3,5,2,50.0,1,25.0,1,1,0,0,0.0,0.0,0,0,0,1.0,0,0,0,0,0.0,0.0,0.0,0,0,91,1,0,0,0.0,0.0,0.0,0.0,0.0,0.0,0.0
521,25-26-prem-nottingham-forest-vs-aston-villa,90,0,0,0,0.0,0.03,0,0,0,3,48,27,82.0,2.0,5,0,0.0,0,0.0,4,0,6,0,2,1,2,6,5,5,50.0,1,100.0,1,1,0,0,0.0,0.0,0,0,0,1.0,0,0,0,0,0.0,0.0,0.0,0,0,91,1,0,0,0.0,0.0,0.0,0.0,0.0,0.0,0.0
519,25-26-prem-nottingham-forest-vs-aston-villa,6,0,0,0,0.0,0.0,0,0,0,0,3,1,100.0,0.0,0,0,0.0,0,0.0,0,0,0,0,0,0,0,0,1,0,0.0,0,0.0,0,1,0,0,0.0,0.0,0,0,0,0.0,0,0,0,0,0.0,0.0,0.0,0,84,91,0,0,0,0.0,0.0,0.0,0.0,0.0,0.0,0.0
516,25-26-prem-nottingham-forest-vs-aston-villa,90,0,1,0,0.08,0.3,0,0,0,9,36,20,87.0,5.0,2,1,25.0,2,100.0,1,0,2,0,2,1,0,1,1,1,50.0,0,0.0,0,1,0,0,0.0,0.0,0,0,0,0.0,0,0,0,0,0.0,0.0,0.0,0,0,91,1,0,0,0.0,0.0,0.0,0.0,0.0,0.0,0.0
416,25-26-prem-chelsea-vs-manchester-city,81,0,0,0,0.25,0.08,1,0,0,6,86,62,85.0,0.0,6,0,0.0,1,25.0,4,1,3,0,1,0,1,4,3,4,57.0,0,0.0,0,1,0,0,0.0,0.0,0,0,0,0.0,0,0,0,0,0.0,0.0,0.53,0,0,81,0,0,0,0.0,0.0,0.0,0.0,0.0,0.0,0.0
370,25-26-prem-liverpool-vs-fulham,69,0,0,0,0.0,0.17,0,0,0,4,45,24,86.0,3.0,2,0,0.0,1,50.0,0,1,2,0,2,2,0,1,3,0,0.0,1,100.0,0,1,0,0,0.0,0.0,0,0,0,0.0,0,0,0,0,0.0,0.0,0.0,0,0,69,0,0,0,0.0,0.0,0.0,0.0,0.0,0.0,0.0
685,25-26-prem-arsenal-vs-afc-bournemouth,0,0,0,0,0.0,0.0,0,0,0,0,0,0,0.0,0.0,0,0,0.0,0,0.0,0,0,0,0,0,0,0,0,0,0,0.0,0,0.0,0,0,0,0,0.0,0.0,0,0,0,0.0,0,0,0,0,0.0,0.0,0.0,0,0,96,1,0,0,0.0,0.0,0.0,0.0,0.0,0.0,0.0
448,25-26-prem-manchester-united-vs-leeds-united,0,0,0,0,0.0,0.0,0,0,0,0,0,0,0.0,0.0,0,0,0.0,0,0.0,0,0,0,0,0,0,0,0,0,0,0.0,0,0.0,0,0,0,0,0.0,0.0,0,0,0,0.0,0,0,0,0,0.0,0.0,0.0,0,0,90,2,0,0,0.0,0.0,0.0,0.0,0.0,0.0,0.0
319,25-26-prem-liverpool-vs-fulham,90,0,0,0,0.02,0.12,1,0,0,2,58,32,89.0,3.0,3,2,67.0,3,75.0,2,1,3,1,4,0,0,4,3,3,75.0,1,33.0,1,1,0,0,0.0,0.0,0,0,0,0.0,0,0,0,0,0.0,0.0,0.04,0,0,90,2,0,0,0.0,0.0,0.0,0.0,0.0,0.0,0.0
727,25-26-prem-liverpool-vs-fulham,10,0,0,0,0.13,0.09,0,0,0,2,16,6,86.0,2.0,1,0,0.0,0,0.0,0,0,2,0,0,0,0,0,2,0,0.0,0,0.0,0,0,0,0,0.0,0.0,0,0,0,2.0,0,0,0,0,0.0,0.0,0.0,0,80,90,0,0,0,0.0,0.0,0.0,0.0,0.0,0.0,0.0
418,25-26-prem-chelsea-vs-manchester-city,76,1,0,0,0.18,0.06,1,0,0,13,62,34,89.0,1.0,3,0,0.0,0,0.0,1,0,8,0,0,0,1,4,8,4,33.0,0,0.0,1,2,0,0,0.0,0.0,0,0,0,1.0,0,0,0,0,0.0,0.0,0.76,0,0,76,0,0,0,0.0,0.0,0.0,0.0,0.0,0.0,0.0
20,25-26-prem-arsenal-vs-afc-bournemouth,36,0,0,0,0.0,0.01,0,0,0,3,25,5,62.0,1.0,2,0,0.0,0,0.0,0,0,0,1,1,0,0,3,4,3,43.0,0,0.0,3,0,0,0,0.0,0.0,0,0,0,2.0,0,0,0,0,0.0,0.0,0.0,0,54,96,1,0,0,0.0,0.0,0.0,0.0,0.0,0.0,0.0
31,25-26-prem-arsenal-vs-afc-bournemouth,14,0,0,0,0.08,0.04,1,0,0,3,13,7,88.0,1.0,0,0,0.0,0,0.0,0,0,0,0,0,0,0,2,3,1,33.0,1,50.0,0,0,0,0,0.0,0.0,0,0,0,1.0,0,0,0,0,0.0,0.0,0.07,0,76,96,0,0,0,0.0,0.0,0.0,0.0,0.0,0.0,0.0
342,25-26-prem-manchester-united-vs-leeds-united,90,0,0,0,0.0,0.89,0,0,0,4,57,29,83.0,3.0,7,0,0.0,0,0.0,2,1,3,1,2,2,1,5,7,5,45.0,0,0.0,3,3,0,0,0.0,0.0,0,0,0,0.0,0,0,0,0,0.0,0.0,0.0,0,0,90,1,0,0,0.0,0.0,0.0,0.0,0.0,0.0,0.0
362,25-26-prem-manchester-united-vs-leeds-united,0,0,0,0,0.0,0.0,0,0,0,0,0,0,0.0,0.0,0,0,0.0,0,0.0,0,0,0,0,0,0,0,0,0,0,0.0,0,0.0,0,0,0,0,0.0,0.0,0,0,0,0.0,0,0,0,0,0.0,0.0,0.0,0,0,90,1,0,0,0.0,0.0,0.0,0.0,0.0,0.0,0.0
159,25-26-prem-burnley-vs-brighton-hove-albion,0,0,0,0,0.0,0.0,0,0,0,0,0,0,0.0,0.0,0,0,0.0,0,0.0,0,0,0,0,0,0,0,0,0,0,0.0,0,0.0,0,0,0,0,0.0,0.0,0,0,0,0.0,0,0,0,0,0.0,0.0,0.0,0,0,90,0,0,0,0.0,0.0,0.0,0.0,0.0,0.0,0.0
628,25-26-prem-west-ham-united-vs-wolverhampton-wanderers,90,0,0,0,0.0,0.0,0,0,0,0,32,0,0.0,0.0,0,0,0.0,0,0.0,0,0,9,0,2,0,0,1,0,0,0.0,1,100.0,0,0,3,4,3.45,-0.55,0,18,2,0.0,2,0,2,0,0.0,0.0,0.0,0,0,90,4,0,0,0.0,0.0,0.0,0.0,0.0,0.0,0.0
642,25-26-prem-west-ham-united-vs-wolverhampton-wanderers,19,0,0,0,0.04,0.01,0,0,0,1,14,8,80.0,0.0,1,0,0.0,0,0.0,0,0,1,0,0,0,0,1,0,1,100.0,0,0.0,1,0,0,0,0.0,0.0,0,0,0,0.0,0,0,0,0,0.0,0.0,0.0,0,71,90,1,0,0,0.0,0.0,0.0,0.0,0.0,0.0,0.0
726,25-26-prem-sunderland-vs-tottenham-hotspur,90,0,0,0,0.0,0.03,0,0,0,3,38,10,59.0,2.0,1,1,50.0,0,0.0,0,0,3,0,1,0,1,3,7,2,25.0,1,50.0,1,1,0,0,0.0,0.0,0,0,0,1.0,0,0,0,0,0.0,0.0,0.0,0,0,98,1,0,0,0.0,0.0,0.0,0.0,0.0,0.0,0.0
